0.359701,0.163352,-0.743947,-2.861816,-0.985843,7.561319,0.561281,-0.109939,0.102558,0.813849,-0.095781,-0.761990,-1.008892,-0.324097,-0.418701,9.999994,0.553548,0.006881,0.012416,0.832691,-0.380995,0.282022,0.088331,-1.783446,2.310790,2.651366,0.576768,0.166887,0.052409,0.797955
0.236165,0.241074,-1.018563,-2.842673,-0.516850,7.858029,0.569733,-0.113313,0.103710,0.807341,-0.114937,-0.889698,-1.028049,-0.447998,-0.083008,10.191034,0.562208,0.011542,0.006342,0.826886,-0.382059,0.699201,-0.785403,2.119750,0.205688,7.543941,0.583180,0.157987,0.052907,0.795068
0.084812,0.287979,-1.262364,-3.158526,-0.583849,8.767303,0.579864,-0.118105,0.103522,0.799427,-0.123451,-0.887570,-1.088710,-0.289306,-0.257568,10.676264,0.571298,0.017746,0.000364,0.820546,-0.301178,0.442721,-1.138729,0.612182,-0.362549,13.225700,0.592497,0.150671,0.054120,0.789499
-0.008181,0.309251,-1.329450,-3.349952,-1.100698,9.638289,0.590343,-0.123377,0.102265,0.791079,-0.152185,-0.773697,-1.165334,0.140381,-0.805053,11.425164,0.580909,0.022809,-0.005483,0.813626,-0.380995,-0.269251,-1.346254,0.014038,-0.551147,15.934439,0.603884,0.148265,0.050884,0.781501
-0.056996,0.368974,-1.217094,-3.244668,-1.540978,9.762716,0.599735,-0.129044,0.100899,0.783247,-0.150057,-0.799239,-1.181298,0.003662,-1.281738,11.590569,0.590531,0.027841,-0.011534,0.806447,-0.354389,-0.784339,-1.796424,2.266234,2.175902,9.343866,0.618599,0.151460,0.045643,0.769613
-0.129536,0.364065,-1.043107,-3.072384,-2.153540,9.542577,0.607604,-0.134785,0.099058,0.776420,-0.059597,-0.849257,-1.022727,0.506591,-1.099243,11.386102,0.598726,0.033963,-0.017234,0.800043,-0.275636,-0.675788,-1.366474,2.482298,3.191526,6.715694,0.629580,0.155289,0.041559,0.760118
-0.179442,0.310069,-0.931842,-2.909672,-2.115255,9.178867,0.614538,-0.140185,0.096582,0.770295,0.081946,-0.755605,-0.866285,1.643676,-1.260375,10.664667,0.605381,0.040441,-0.022794,0.794576,-0.334169,0.004257,-0.651310,2.415770,2.755736,6.673580,0.634777,0.154768,0.040037,0.755972
-0.202076,0.280071,-0.909480,-2.785246,-1.962115,8.767303,0.621242,-0.145387,0.093731,0.764282,0.142607,-0.714100,-0.508703,2.086791,-1.334838,10.089716,0.609081,0.047122,-0.027771,0.791214,-0.321398,0.412922,-0.096845,2.133178,0.736084,8.846431,0.635767,0.148770,0.038611,0.756418
-0.195531,0.257709,-0.969476,-2.593820,-1.722832,8.786445,0.628403,-0.150060,0.090551,0.757881,0.104295,-0.674723,-0.318205,2.143553,-0.896606,9.442743,0.611416,0.053318,-0.031809,0.788865,-0.367160,0.152185,-0.210718,1.917113,0.058594,11.401361,0.637831,0.144262,0.036077,0.755679
-0.185441,0.232892,-1.048561,-2.660819,-1.636691,9.006584,0.636143,-0.154356,0.087120,0.750931,0.042569,-0.642796,-0.366096,2.558592,-0.197754,9.168085,0.614164,0.059311,-0.035914,0.786122,-0.417179,-0.238388,-0.504446,2.312010,-0.281372,11.209710,0.642296,0.142407,0.030908,0.752471
-0.167715,0.232347,-1.052106,-2.507678,-1.770689,8.997013,0.643875,-0.158318,0.083773,0.743864,0.036184,-0.665145,-0.507639,3.161619,0.490112,8.739009,0.617991,0.065931,-0.039949,0.782392,-0.344811,-0.370353,-0.728999,2.626952,0.333252,10.194696,0.648317,0.142325,0.025789,0.747500
-0.200440,0.156534,-0.999474,-2.402394,-1.981257,8.882157,0.651155,-0.161848,0.079765,0.737178,0.235195,-0.656631,-0.896084,2.818602,0.608520,8.789668,0.624709,0.073756,-0.041938,0.776229,-0.323527,-0.392702,-0.854579,2.436522,0.858764,9.492182,0.655200,0.142687,0.021088,0.741553
-0.208076,0.182169,-0.907844,-2.459822,-1.761117,8.786445,0.657672,-0.165341,0.075999,0.730989,0.372481,-0.540630,-0.945038,1.995238,0.711059,8.474116,0.631740,0.081217,-0.041717,0.769780,-0.218168,-0.469326,-0.824780,2.116698,1.902465,8.554072,0.661679,0.144784,0.017314,0.735467
-0.146171,0.220893,-0.824668,-2.373680,-1.378266,8.566305,0.663620,-0.167942,0.073201,0.725284,0.408665,-0.404408,-0.622576,2.031249,0.773315,8.190303,0.636249,0.087719,-0.040629,0.765398,-0.161763,-0.349068,-0.658760,1.455077,2.435912,8.621211,0.666871,0.146244,0.015181,0.730519
-0.071995,0.185987,-0.748855,-2.507678,-1.014557,8.518449,0.669070,-0.168862,0.071495,0.720216,0.313949,-0.290535,-0.527859,1.970824,0.787963,8.602290,0.640159,0.092520,-0.039577,0.761618,-0.163892,-0.302242,-0.498061,1.903075,2.774046,9.389643,0.670834,0.147555,0.013027,0.726658
-0.010363,0.190077,-0.660498,-2.708675,-0.947558,8.528020,0.673875,-0.169012,0.070998,0.715736,0.247966,-0.224553,-0.516153,1.980590,0.593872,8.900752,0.644058,0.096167,-0.038755,0.757913,-0.214975,-0.291600,-0.374610,2.255248,2.283324,9.685053,0.673944,0.148337,0.009988,0.723663
0.021544,0.209440,-0.513236,-2.947958,-0.995414,8.729017,0.677555,-0.168863,0.071672,0.712221,0.189433,-0.188369,-0.174534,2.099608,0.330810,9.189447,0.645422,0.098849,-0.038708,0.756408,-0.238388,-0.243709,-0.263930,1.959227,1.498412,9.777216,0.676325,0.148040,0.006676,0.721538
0.043361,0.265617,-0.444786,-3.091527,-1.148555,8.910872,0.680818,-0.169023,0.072445,0.708986,0.174534,-0.153249,0.173470,2.220458,0.043945,9.135127,0.644173,0.100918,-0.039146,0.757177,-0.236260,-0.194755,-0.052147,1.536864,1.079711,9.647211,0.677222,0.146981,0.003421,0.720935
0.052087,0.239165,-0.334885,-3.072384,-1.368695,8.796016,0.683419,-0.170919,0.071943,0.706075,0.179855,-0.123451,0.158571,2.213134,-0.133057,9.077754,0.643069,0.102671,-0.039450,0.757863,-0.175598,-0.255416,-0.150057,1.545409,1.415404,9.440912,0.678752,0.146972,0.000574,0.719504
0.069540,0.181623,-0.288797,-3.139383,-1.569692,8.614161,0.685604,-0.173244,0.071737,0.703405,0.193690,-0.059597,-0.094717,2.219237,-0.083008,9.146113,0.643932,0.104113,-0.038954,0.756959,-0.108552,-0.270315,-0.218168,1.824950,1.665648,9.403681,0.680645,0.147834,-0.001761,0.717535
0.074722,0.110719,-0.274071,-3.292524,-1.588834,8.499306,0.687576,-0.175468,0.071837,0.700914,0.178791,-0.045762,-0.285214,2.529295,0.017700,9.284052,0.646240,0.105632,-0.038360,0.754809,-0.068111,-0.228810,-0.340554,1.616820,1.562499,9.674067,0.683388,0.148414,-0.003254,0.714798
0.087539,0.076631,-0.237528,-3.416951,-1.292124,8.240881,0.689023,-0.177018,0.073712,0.698906,0.164956,-0.073432,-0.170277,2.685545,0.098877,9.043574,0.647655,0.107380,-0.038226,0.753355,-0.039377,-0.192626,-0.242645,1.301879,2.049559,9.678949,0.685415,0.149022,-0.003965,0.712724
0.098175,0.075267,-0.166897,-3.311666,-1.311267,8.011170,0.690031,-0.178622,0.075466,0.697315,0.166020,-0.101102,-0.109616,2.236327,0.155029,8.776240,0.648663,0.109078,-0.038147,0.752247,0.011707,-0.193690,-0.204333,1.795043,2.314452,9.286493,0.687019,0.150487,-0.004497,0.710866
0.124082,0.110719,-0.041452,-3.235096,-1.186840,7.743174,0.690117,-0.179867,0.078337,0.696592,0.164956,-0.111744,-0.154314,1.619872,0.288086,8.671870,0.650096,0.110468,-0.037665,0.750830,0.048955,-0.187305,-0.156442,1.918944,2.179564,9.276728,0.688210,0.152134,-0.004934,0.709359
0.124900,0.196895,0.075540,-3.493521,-1.004985,7.523035,0.689286,-0.181262,0.082316,0.696595,0.157506,-0.070239,-0.112809,1.579589,0.418701,8.590083,0.651244,0.111523,-0.036909,0.749716,0.069175,-0.167084,0.113873,1.231689,2.095946,9.194330,0.687536,0.153313,-0.005141,0.709757
0.116446,0.265617,0.183532,-3.455236,-1.167697,7.456035,0.687678,-0.183614,0.086396,0.697074,0.133029,-0.008514,-0.032991,1.368407,0.570678,8.573604,0.651857,0.111853,-0.035781,0.749188,0.102166,-0.190498,0.228810,1.530761,2.117308,9.351801,0.685967,0.155003,-0.005609,0.710904
0.106901,0.345521,0.284434,-3.694518,-1.091127,7.532606,0.685237,-0.186323,0.091345,0.698128,0.108552,0.026606,0.021285,1.147460,0.777587,8.806148,0.652110,0.111690,-0.034385,0.749058,0.125579,-0.287343,0.407601,1.778563,1.859130,9.497065,0.683061,0.157454,-0.007135,0.713147
0.070359,0.446150,0.369792,-3.675375,-1.234697,7.676175,0.682103,-0.190266,0.096318,0.699463,0.094717,0.118130,0.218168,1.220702,0.725097,8.745112,0.650906,0.110717,-0.032826,0.750318,0.171341,-0.437400,0.374610,1.612548,1.799926,9.622797,0.680330,0.161083,-0.009214,0.714920
0.047997,0.536689,0.469057,-4.058227,-1.378266,7.551748,0.678140,-0.194937,0.101796,0.701253,0.062790,0.190498,0.311820,1.304321,0.498047,9.102778,0.649022,0.108855,-0.031365,0.752283,0.213911,-0.632154,0.282022,2.313841,1.517333,9.532465,0.678059,0.166605,-0.012698,0.715758
0.028089,0.589049,0.490874,-4.517649,-1.531407,7.570891,0.673902,-0.200084,0.107477,0.703038,0.027670,0.193690,0.258608,1.231689,0.158691,9.935297,0.647535,0.106503,-0.030249,0.753945,0.208590,-0.653439,0.612998,1.829833,1.032714,9.313959,0.673442,0.171606,-0.016878,0.718843
0.010090,0.692678,0.491147,-5.082355,-1.780260,7.159325,0.669476,-0.206066,0.113688,0.704560,-0.027670,0.118130,0.376738,1.632689,-0.222168,11.069329,0.645122,0.104361,-0.030506,0.756299,0.233067,-0.715164,0.443785,2.164305,1.187743,9.393915,0.669925,0.177403,-0.021018,0.720611
-0.003818,0.829849,0.431151,-4.919643,-1.741975,6.958328,0.665259,-0.213179,0.120461,0.705313,-0.080882,-0.107487,0.797110,2.929686,-0.158691,12.285150,0.639415,0.104068,-0.033421,0.761048,0.241581,-0.812009,0.338426,1.856688,1.129760,10.051874,0.667149,0.183586,-0.025317,0.721498
-0.039815,0.920934,0.327522,-4.374080,-1.828117,6.585048,0.661660,-0.221330,0.126782,0.705079,-0.114937,-0.768376,1.434585,4.345701,0.693359,12.803337,0.628058,0.109850,-0.042264,0.769208,0.238388,-0.882249,0.340554,1.571044,1.015014,9.584345,0.664233,0.189620,-0.029928,0.722451
-0.037088,0.900753,0.226620,-4.067799,-1.579263,6.202196,0.658781,-0.229405,0.132639,0.704117,-0.041505,-2.053968,1.743213,4.698483,0.628051,11.329949,0.613376,0.125948,-0.058763,0.777462,0.212846,-0.788596,0.499125,2.036132,1.491088,9.479975,0.660229,0.194800,-0.034125,0.724553
0.024544,0.826850,0.179987,-4.106084,-1.129412,6.001199,0.656227,-0.236494,0.139072,0.702913,0.217103,-2.697829,1.140857,3.305052,-1.786498,7.511592,0.602118,0.147142,-0.076963,0.780942,0.300114,-0.940781,0.150057,2.397460,1.784057,9.556879,0.658517,0.201858,-0.037742,0.724000
0.096266,0.885482,0.215166,-4.297510,-0.660419,6.288338,0.653172,-0.242410,0.147713,0.701980,0.167084,-2.320027,-0.054276,2.675780,-3.101195,6.129757,0.600083,0.165335,-0.091263,0.777320,0.383124,-1.102545,-0.168149,2.133788,2.507933,9.129024,0.658906,0.211538,-0.040209,0.720742
0.125991,1.055924,0.342521,-4.862216,-0.507278,6.977471,0.648927,-0.248444,0.158157,0.701532,-0.122387,-1.083389,-0.073432,2.951658,-2.326048,6.480709,0.599531,0.172114,-0.100299,0.775159,0.457620,-1.069554,-0.247966,3.298948,3.213499,7.974849,0.659324,0.223717,-0.042124,0.716561
0.117810,1.283908,0.530144,-5.723632,-0.545564,7.762317,0.642839,-0.255954,0.170412,0.701567,-0.125579,-0.880120,-0.027670,4.000242,-0.022583,8.932490,0.598680,0.177739,-0.108387,0.773457,0.518281,-0.871606,0.007450,4.528196,2.657469,8.093867,0.657379,0.235051,-0.044718,0.714560
0.127900,1.514073,0.773126,-6.163911,-0.727418,8.001599,0.634521,-0.265050,0.184553,0.702185,-0.061725,-1.092967,-0.933332,4.328001,1.841430,11.609490,0.605502,0.186795,-0.112904,0.765323,0.521474,-0.602356,0.358646,4.116819,1.881102,8.466182,0.653365,0.242504,-0.046229,0.715655
0.174806,1.671153,0.869119,-5.685347,-0.966700,8.413164,0.626203,-0.273151,0.197288,0.703084,0.074496,-1.160013,-0.793917,3.792112,2.450560,10.732416,0.610746,0.197040,-0.116666,0.757988,0.285214,-0.395894,1.138729,3.836057,1.740111,9.838251,0.644520,0.245770,-0.049774,0.722292
0.192259,1.531254,0.809396,-6.010770,-0.756132,8.374879,0.618393,-0.280027,0.209235,0.703838,0.251159,-1.097224,-0.358646,3.301390,3.682859,9.630732,0.612243,0.207625,-0.119254,0.753539,0.173470,-0.353325,0.978030,5.051877,0.863647,8.154292,0.636726,0.248812,-0.054305,0.727816
0.225257,1.404990,0.769854,-5.838487,-0.488136,8.183454,0.610986,-0.285663,0.220687,0.704544,0.426757,-1.219610,0.074496,3.562010,2.775877,7.994380,0.609811,0.219792,-0.122458,0.751544,1.286657,8.197783,-4.068560,3.146971,-4.713132,2.051390,0.664531,0.198120,0.015468,0.720348
0.186532,1.250910,0.671406,-6.039485,-0.296710,7.523035,0.604325,-0.290546,0.230706,0.705082,0.493804,-1.180234,0.598099,4.920651,2.130126,7.394405,0.602833,0.232614,-0.126498,0.752644,2.885134,2.437092,-2.270008,6.817013,5.028073,12.159417,0.673794,0.200895,0.056112,0.708863
0.120264,1.080468,0.580867,-5.943771,-0.267996,7.006185,0.598480,-0.294977,0.238718,0.705561,0.205397,-1.111059,1.227060,6.090085,1.337280,7.380367,0.591756,0.241338,-0.134788,0.757235,0.385252,-0.835422,3.432149,5.300290,3.522947,9.196772,0.648420,0.212040,0.045435,0.729738
0.070904,0.931842,0.565323,-5.848059,-0.287139,6.958328,0.592935,-0.298813,0.245281,0.706376,0.113873,-1.022727,1.237702,6.043698,0.206909,7.659908,0.580760,0.248265,-0.143626,0.761870,0.342683,-0.819459,2.224246,2.885741,4.378660,7.432857,0.631570,0.221974,0.038223,0.741875
0.068722,0.926661,0.557142,-6.087341,-0.153141,6.833901,0.587367,-0.302563,0.251817,0.707132,0.118130,-1.281336,0.952488,5.325925,-0.829467,7.461544,0.570786,0.256608,-0.154288,0.764554,0.482097,-0.047890,1.561229,3.400877,4.259031,7.638546,0.618614,0.227671,0.038461,0.750996
0.076904,0.885482,0.564778,-6.374479,0.181855,6.594619,0.581508,-0.305455,0.258880,0.708180,0.233067,-1.118508,0.020220,7.232051,-1.083373,7.663570,0.567698,0.266670,-0.160717,0.762081,0.221360,0.168149,1.240895,4.268796,3.898924,9.359735,0.608260,0.229875,0.037522,0.758789
0.091357,0.871574,0.584958,-6.738189,0.717847,6.757331,0.575105,-0.307948,0.266909,0.709347,0.384188,-0.974837,-0.336297,6.905514,1.024169,7.460933,0.567431,0.278390,-0.162845,0.757624,-0.162828,-0.416115,0.963130,3.522947,3.609617,10.018915,0.601148,0.232268,0.029606,0.764060
0.106356,0.842667,0.619865,-6.623333,0.612563,7.006185,0.568895,-0.310182,0.274046,0.710659,0.400151,-1.054654,-0.058533,5.866696,2.763670,7.037960,0.565393,0.290060,-0.164309,0.754447,-1.253666,-2.740398,2.092281,2.588500,3.384398,9.696039,0.588942,0.244592,-0.000359,0.770268
0.107447,0.733038,0.602411,-6.661618,0.564706,7.207182,0.563197,-0.311840,0.280153,0.712089,0.341619,-1.200454,0.131965,4.909665,2.896727,6.592403,0.562056,0.301294,-0.167778,0.751770,-1.361153,-4.359096,2.011399,4.718625,2.435301,7.740474,0.576090,0.270242,-0.041847,0.770280
0.089994,0.575959,0.582504,-6.910472,0.430708,6.872187,0.558109,-0.312732,0.284888,0.713823,0.329912,-1.268565,0.548080,6.159665,2.430418,6.437984,0.555075,0.313197,-0.172984,0.750911,-1.605927,-5.564871,0.871606,5.975949,1.992797,6.616817,0.569897,0.304282,-0.089538,0.758027
0.040906,0.379882,0.510509,-7.092326,0.430708,6.441479,0.554042,-0.312982,0.287668,0.715764,0.309692,-1.132343,0.608741,7.269283,1.272582,7.188716,0.547394,0.323916,-0.178960,0.750602,-0.063854,-2.500946,0.107487,6.615597,1.586303,6.086422,0.566337,0.323893,-0.105678,0.750453
0.033816,0.238619,0.453513,-7.168897,0.545564,6.384051,0.550713,-0.312337,0.289494,0.717875,0.234131,-1.050397,0.510832,7.198482,0.497436,7.871700,0.540526,0.330723,-0.185673,0.750980,0.477840,-1.927325,-1.118508,5.558468,1.931151,7.507320,0.571396,0.340717,-0.108774,0.738633
0.078813,0.146171,0.423242,-7.312466,0.689133,6.546763,0.547889,-0.310657,0.291233,0.720058,0.246902,-0.926946,0.233067,7.187496,0.712890,8.327632,0.536505,0.337173,-0.189045,0.750154,0.466134,-1.460127,-0.272444,6.918941,2.304686,7.200923,0.569648,0.355675,-0.113654,0.732169
0.130900,0.084539,0.426242,-7.580462,0.995414,6.709475,0.544992,-0.307785,0.293757,0.722461,0.303306,-0.837551,0.070239,6.577755,1.112670,7.317501,0.533980,0.344261,-0.190065,0.748476,0.319270,-1.080196,-0.024477,6.646725,2.035521,7.011105,0.566728,0.365512,-0.119169,0.728705
0.174260,0.046906,0.432514,-7.542177,0.995414,6.747760,0.542470,-0.304572,0.295990,0.724806,0.338426,-0.765183,0.027670,7.312007,1.237792,6.423336,0.531179,0.353302,-0.191404,0.745911,0.228810,-0.943974,0.092588,6.828609,2.148436,6.508175,0.563422,0.374506,-0.124458,0.725812
0.172351,-0.086176,0.415061,-7.235896,0.918844,6.431907,0.540666,-0.300809,0.296976,0.727317,0.321398,-0.872671,0.209654,7.452999,1.430663,6.497799,0.527044,0.362597,-0.193586,0.743817,0.179855,-1.112123,0.065982,7.103267,2.124633,6.174313,0.560219,0.384503,-0.130820,0.721935
0.155443,-0.248709,0.384518,-7.063612,0.937986,6.211768,0.539615,-0.296315,0.296629,0.730080,0.320334,-0.775825,0.085139,6.962276,1.437377,6.254879,0.524393,0.370751,-0.193993,0.741562,0.171341,-1.083389,0.173470,6.656490,1.835936,6.046750,0.556109,0.392957,-0.138095,0.719200
0.151080,-0.325068,0.310614,-7.216753,0.851845,5.953343,0.538969,-0.293843,0.296680,0.731534,0.304370,-0.760926,0.300114,7.758785,0.621338,6.828609,0.519061,0.376125,-0.198054,0.741533,0.123451,-1.052526,0.246902,7.391353,2.096556,5.843503,0.551709,0.401830,-0.145169,0.716288
0.167988,-0.351793,0.218712,-7.197610,0.928415,6.154340,0.539408,-0.291271,0.295787,0.732599,0.301178,-0.794982,0.078753,7.783809,0.809326,6.718746,0.515620,0.381907,-0.200719,0.740261,0.053212,-1.030177,0.264994,7.547603,1.959838,5.892941,0.547304,0.409689,-0.153012,0.713577
0.184078,-0.366792,0.134445,-7.255038,0.995414,6.355337,0.540717,-0.288468,0.294251,0.733362,0.301178,-0.829037,0.044698,8.070674,0.432129,6.681515,0.511895,0.388323,-0.204255,0.738539,-0.030863,-1.127022,-0.095781,7.264400,1.937865,6.174923,0.546171,0.416309,-0.159830,0.709105
0.182169,-0.466603,0.086994,-7.255038,1.292124,6.393622,0.541200,-0.283300,0.294951,0.734737,0.278829,-0.807752,0.013835,7.927241,0.706176,6.574093,0.508949,0.394185,-0.206761,0.736770,-0.122387,-1.092967,0.174534,7.190547,1.940917,5.584103,0.542887,0.422671,-0.169113,0.705702
0.154353,-0.573232,0.084812,-7.092326,1.665405,6.288338,0.541935,-0.277174,0.294793,0.736594,0.258608,-0.854579,-0.109616,7.573848,1.064453,6.358028,0.507508,0.401015,-0.207769,0.733790,-0.152185,-0.946103,0.597034,8.033442,2.139891,6.289059,0.537802,0.426055,-0.178003,0.705374
0.139626,-0.625319,0.090539,-7.092326,1.636691,6.259624,0.542750,-0.271298,0.294327,0.738366,0.237324,-0.918433,-0.169213,7.891841,1.516112,6.290279,0.506692,0.409154,-0.208378,0.729676,-0.192626,-1.100416,0.356518,7.200923,1.724853,6.258541,0.534444,0.430796,-0.186495,0.702848
0.155171,-0.649044,0.078540,-7.101898,1.512264,6.183053,0.543958,-0.266067,0.293527,0.739697,0.206461,-0.919497,-0.075561,8.290401,1.162109,6.273800,0.504927,0.415906,-0.210472,0.726474,-0.154314,-1.080196,0.415051,8.135371,2.244262,6.117550,0.530871,0.435981,-0.193929,0.700342
0.137990,-0.651499,0.083449,-7.121040,1.521835,6.250053,0.545148,-0.261066,0.292481,0.741016,0.176663,-0.954616,-0.013835,8.208613,1.143798,6.258541,0.502668,0.422539,-0.213344,0.723368,-0.178791,-1.022727,0.301178,7.873531,2.229003,6.215817,0.528208,0.440706,-0.200855,0.697441
0.098993,-0.662680,0.086994,-7.082755,1.598405,6.451050,0.546184,-0.256037,0.291183,0.742517,0.137286,-0.957809,0.071304,8.421626,1.118774,6.291500,0.499850,0.428733,-0.217000,0.720584,-0.174534,-1.081260,0.306499,7.236934,2.243041,6.314693,0.525300,0.445798,-0.208109,0.694267
0.065450,-0.716403,0.077449,-7.073184,1.598405,6.355337,0.547430,-0.251021,0.289173,0.744097,0.111744,-0.983351,0.051083,8.345942,1.149902,5.968625,0.497254,0.435059,-0.220744,0.717444,-0.142607,-1.064232,0.291600,8.224483,2.305907,6.433102,0.522351,0.450954,-0.214938,0.691074
0.034634,-0.749401,0.068995,-6.987042,1.531407,6.470192,0.548833,-0.246146,0.286553,0.745704,0.127708,-0.919497,0.062790,8.748775,1.326293,6.066891,0.494753,0.441123,-0.223812,0.714513,-0.135158,-1.006764,0.306499,7.994990,2.189940,6.169430,0.519331,0.455667,-0.221491,0.688183
0.014999,-0.709313,0.064359,-6.987042,1.330409,6.556334,0.550330,-0.242078,0.283479,0.747106,0.111744,-0.931203,0.154314,8.757319,1.058349,5.847775,0.491308,0.446677,-0.228024,0.712104,-0.105359,-1.011021,0.259673,8.447261,2.170409,5.952755,0.516474,0.460688,-0.227568,0.685000
-0.001909,-0.718039,0.072540,-7.255038,1.445265,6.795616,0.551639,-0.237889,0.280442,0.748630,0.121322,-0.831165,0.161763,8.937373,1.077880,5.948483,0.488031,0.451580,-0.231558,0.710123,-0.096845,-1.069554,0.333105,8.914790,2.021483,5.870968,0.512838,0.465848,-0.234330,0.681956
-0.017999,-0.697586,0.093811,-7.264609,1.454836,7.044470,0.552704,-0.233927,0.277375,0.750235,0.103231,-0.907790,0.095781,9.049678,0.913085,5.808712,0.484950,0.456987,-0.235535,0.707460,-0.071304,-1.044012,0.299049,8.771968,1.804808,5.933835,0.509224,0.470877,-0.240802,0.678949
-0.034361,-0.698677,0.110719,-7.073184,1.493121,7.207182,0.553585,-0.229993,0.274216,0.751960,0.102166,-0.942910,0.157506,9.437860,1.108398,5.366818,0.481364,0.462488,-0.239866,0.704875,-0.035120,-0.981222,0.228810,9.041743,1.818847,5.392453,0.506103,0.475899,-0.246205,0.675837
-0.045542,-0.650135,0.131172,-7.006185,1.464407,7.618747,0.554368,-0.226683,0.270718,0.753654,0.091524,-0.910983,0.197947,9.537958,1.472167,5.159909,0.478288,0.468798,-0.242962,0.701734,-0.031927,-0.895019,0.416115,9.097896,1.524657,5.222775,0.501691,0.479653,-0.252351,0.674203
-0.045269,-0.661862,0.155443,-6.910472,1.330409,7.953743,0.555416,-0.223025,0.265944,0.755671,0.060661,-0.853514,0.383124,9.581903,1.089477,5.007321,0.473462,0.472875,-0.248170,0.700447,-0.035120,-0.868414,0.488483,9.808954,1.013793,4.999997,0.496191,0.482743,-0.259734,0.673263
-0.062177,-0.668134,0.161988,-6.728617,1.033699,8.145168,0.556452,-0.218952,0.260607,0.757955,0.068111,-0.866285,0.259673,10.145258,0.731811,4.674069,0.468157,0.478379,-0.254610,0.697960,-0.027670,-0.970580,0.376738,10.139765,0.886840,4.342649,0.490281,0.487539,-0.268091,0.670857
-0.083176,-0.701131,0.162806,-6.412765,0.890130,8.528020,0.557476,-0.214026,0.254713,0.760609,0.097909,-0.886506,0.127708,10.159906,0.626831,4.278562,0.463561,0.484882,-0.260141,0.694491,-0.053212,-0.796046,0.476776,10.506586,0.479736,4.228513,0.484226,0.490653,-0.276181,0.669701
-0.086721,-0.740947,0.154625,-6.154340,0.784846,8.853444,0.558572,-0.208547,0.248535,0.763366,0.134093,-0.777954,0.058533,10.527338,0.686035,4.278562,0.459487,0.490898,-0.264561,0.691296,-0.021285,-0.706650,0.600227,10.837396,0.283813,3.784178,0.477296,0.493462,-0.284218,0.669250
-0.093811,-0.784035,0.127900,-5.666204,0.880559,8.920443,0.559832,-0.202388,0.242076,0.766171,0.140479,-0.637475,0.111744,10.980218,0.482177,3.629148,0.455500,0.496253,-0.268235,0.688691,0.020220,-0.599163,0.544887,10.752558,0.219116,3.518064,0.470792,0.495995,-0.291117,0.669019
-0.131172,-0.907299,0.095448,-5.235496,1.062413,8.910872,0.561406,-0.195165,0.234719,0.769177,0.143671,-0.638539,0.087267,10.910638,0.667724,3.373411,0.451773,0.501882,-0.271515,0.685775,0.020220,-0.610869,0.558722,10.251459,0.286865,3.332518,0.464115,0.498529,-0.298095,0.668728
-0.175896,-0.997565,0.035179,-5.139783,1.215554,9.150154,0.563437,-0.187423,0.226474,0.772083,0.119194,-0.592777,0.014899,11.033319,0.562133,3.258055,0.448691,0.507159,-0.274478,0.682730,0.040441,-0.709843,0.438464,10.593256,0.596923,2.934569,0.458244,0.503034,-0.304074,0.666709
-0.202895,-1.056197,-0.008454,-5.024928,1.426122,9.245867,0.565703,-0.179152,0.217820,0.774874,0.089396,-0.536373,-0.029799,11.085198,0.562133,3.091429,0.446199,0.512026,-0.277135,0.679650,0.098974,-0.715164,0.481033,10.772699,0.698852,2.668456,0.451924,0.507828,-0.309615,0.664835
-0.220621,-1.103103,-0.057814,-4.651647,1.387837,9.561719,0.568335,-0.170683,0.208633,0.777384,0.056404,-0.468262,-0.268187,11.162713,0.562133,2.999266,0.445644,0.516901,-0.278496,0.675756,0.119194,-0.626833,0.490611,10.994256,0.802612,2.474974,0.445839,0.512152,-0.314431,0.663365
-0.244619,-1.106648,-0.120810,-4.412365,1.445265,9.408579,0.571273,-0.162261,0.199267,0.779489,0.087267,-0.296921,-0.292664,10.590815,0.775146,3.110350,0.445564,0.520820,-0.278721,0.672701,0.153249,-0.577878,0.396959,10.855706,0.614624,2.496947,0.440310,0.516533,-0.318343,0.661794
-0.227984,-1.109920,-0.204258,-3.962514,1.368695,9.408579,0.574811,-0.153847,0.189830,0.780948,0.075561,-0.255416,-0.237324,11.117547,1.448363,3.356932,0.446628,0.524726,-0.277202,0.669580,0.188369,-0.522538,0.283086,10.810541,0.593261,2.611083,0.435783,0.521143,-0.320821,0.659977
-0.219257,-1.104193,-0.209167,-3.436093,1.406980,9.207582,0.578254,-0.145284,0.180614,0.782231,-0.011707,-0.350132,-0.428886,10.784296,1.943969,2.999876,0.449181,0.529376,-0.275643,0.664838,0.206461,-0.407601,0.259673,10.804438,0.478515,2.484740,0.431526,0.525063,-0.322744,0.658728
-0.169351,-1.029744,-0.203440,-2.909672,1.234697,9.025727,0.581541,-0.137038,0.172084,0.783205,-0.050019,-0.326719,-0.392702,10.201410,1.831664,2.499388,0.451400,0.533671,-0.274865,0.660208,0.236260,-0.313949,0.236260,10.289911,0.582275,2.111815,0.427725,0.528612,-0.323728,0.657885
-0.121628,-0.950932,-0.181896,-2.612962,1.186840,8.977871,0.584514,-0.129053,0.164398,0.783999,-0.020220,-0.240517,-0.328848,10.142817,1.906737,2.390746,0.453242,0.537335,-0.273853,0.656383,0.202204,-0.211782,0.255416,10.342402,0.131836,1.832274,0.423629,0.530850,-0.325463,0.657878
-0.101720,-0.907299,-0.171806,-2.498107,1.320838,8.853444,0.587237,-0.121105,0.157358,0.784675,-0.027670,-0.272444,-0.269251,10.117792,1.914672,1.502074,0.454207,0.540941,-0.273919,0.652716,0.208590,-0.120258,0.201140,10.145868,0.162353,2.009276,0.420183,0.532702,-0.326431,0.658111
-0.081267,-0.884936,-0.176715,-2.239682,1.301695,8.776874,0.589927,-0.113184,0.150603,0.785166,-0.001064,-0.194755,-0.294792,10.023798,1.917724,1.898192,0.455522,0.544246,-0.273138,0.649371,0.171341,-0.142607,0.156442,10.216669,0.294800,2.003783,0.417579,0.534980,-0.326958,0.657658
-0.074176,-0.837758,-0.161716,-2.048256,1.282553,8.815159,0.592382,-0.105545,0.144181,0.785587,0.004257,-0.140479,-0.190498,9.993280,2.066649,1.934203,0.456389,0.546948,-0.272472,0.646767,0.130901,-0.194755,0.150057,10.050043,0.327759,2.004393,0.415372,0.537547,-0.327545,0.656671
-0.070359,-0.791670,-0.143717,-2.163112,1.071985,8.748159,0.594619,-0.098293,0.137885,0.785968,0.023413,-0.071304,-0.237324,10.025629,2.054442,2.277220,0.457920,0.549392,-0.270733,0.644339,0.088331,-0.188369,0.194755,10.047602,0.351562,2.082518,0.413831,0.539600,-0.327749,0.655857
-0.069540,-0.750764,-0.108538,-2.143969,1.004985,8.767303,0.596487,-0.091324,0.131800,0.786437,0.043634,-0.081946,-0.175598,10.107416,2.014159,2.510375,0.459239,0.551684,-0.268831,0.642235,0.070239,-0.160699,0.189433,9.983515,0.399170,2.121581,0.412842,0.540807,-0.327541,0.655590
-0.069540,-0.699495,-0.090812,-2.086541,0.957129,8.748159,0.598111,-0.084743,0.125987,0.786893,0.078753,-0.059597,-0.083010,10.173944,2.141722,2.587889,0.460065,0.553516,-0.266832,0.640900,0.053212,-0.112809,0.200076,10.108637,0.359497,2.224730,0.411931,0.540918,-0.327445,0.656119
-0.065450,-0.629955,-0.077449,-2.182254,0.899701,8.910872,0.599530,-0.078752,0.120485,0.787297,0.101102,-0.006385,-0.104295,10.018915,2.235717,2.852171,0.461255,0.554236,-0.264211,0.640508,0.053212,-0.094717,0.183048,10.125727,0.309448,2.371214,0.410934,0.540535,-0.327501,0.657031
-0.059450,-0.549233,-0.079903,-2.163112,0.842274,8.863015,0.600871,-0.073497,0.115338,0.787553,0.107487,-0.004257,-0.119194,10.020746,2.209471,2.853392,0.462493,0.554911,-0.261493,0.640146,0.045762,-0.061725,0.185176,10.254511,0.227661,2.463988,0.409911,0.539725,-0.327676,0.658249
-0.039270,-0.470693,-0.082358,-2.153540,2.096113,9.772287,0.601808,-0.068443,0.113194,0.787605,0.127708,0.056404,-0.124515,9.965815,2.086791,3.009032,0.463563,0.554757,-0.258758,0.640617,0.044698,-0.052147,0.166020,10.029291,0.000000,2.547606,0.408685,0.538642,-0.328157,0.659656
-0.029180,-0.410698,-0.080449,-2.172683,0.909273,8.920443,0.602875,-0.063663,0.109730,0.787679,0.144736,0.053212,-0.083010,9.962763,1.985472,3.007811,0.464068,0.554374,-0.256457,0.641508,0.038312,-0.040441,0.151121,10.003046,-0.079346,2.522582,0.407535,0.537457,-0.328659,0.661083
-0.021544,-0.354793,-0.094084,-2.019542,0.928415,8.939586,0.603968,-0.059257,0.106725,0.787599,0.123451,0.063854,-0.040441,10.159296,1.895141,3.020628,0.464101,0.553496,-0.254974,0.642831,0.015963,-0.023413,0.155378,10.097040,-0.087280,2.574461,0.406591,0.536083,-0.329182,0.662518
-0.011181,-0.284434,-0.086721,-1.962115,0.803988,8.930014,0.605149,-0.056952,0.102941,0.787367,0.108552,0.056404,-0.059597,10.015863,1.732787,2.915037,0.463807,0.552571,-0.254212,0.644140,-0.003193,-0.040441,0.100038,10.097651,-0.145264,2.484129,0.405937,0.534866,-0.329748,0.663620
-0.004091,-0.231802,-0.090266,-1.952543,0.689133,8.863015,0.606319,-0.056460,0.099893,0.786894,0.089396,0.025542,-0.038312,9.880365,1.551513,2.874754,0.463085,0.551797,-0.254241,0.645310,-0.013835,-0.013835,0.097909,10.031733,-0.291138,2.417601,0.405066,0.533337,-0.330722,0.664897
0.002454,-0.177805,-0.100629,-1.856830,0.631705,8.882157,0.607514,-0.055820,0.096930,0.786388,0.090460,0.053212,0.003193,9.916986,1.547851,3.071287,0.462506,0.550644,-0.253920,0.646836,-0.023413,-0.035120,0.083010,10.003046,-0.264892,2.357176,0.404257,0.531955,-0.331780,0.665968
0.021271,-0.126809,-0.112083,-1.799403,0.602991,8.939586,0.608745,-0.055214,0.094346,0.785793,0.091524,0.065982,0.008514,10.118402,1.491698,2.920531,0.461359,0.549641,-0.254261,0.648371,-0.031927,-0.053212,0.036184,10.064081,-0.249023,2.343138,0.403799,0.530818,-0.332646,0.666721
0.025362,-0.090812,-0.119991,-1.847259,0.650848,8.987442,0.610000,-0.055529,0.092262,0.785045,0.085139,0.017028,0.008514,10.054926,1.567382,2.911986,0.460173,0.548879,-0.254812,0.649643,-0.038312,-0.027670,0.018092,10.106195,-0.205078,2.492674,0.404098,0.529739,-0.332709,0.667366
0.014181,-0.070359,-0.113992,-1.799403,0.756132,8.987442,0.610845,-0.053062,0.092329,0.784551,0.070239,0.036184,-0.044698,10.073847,1.607055,2.847899,0.459229,0.548324,-0.255340,0.650572,-0.018092,-0.092588,0.026606,10.136103,-0.093384,2.477416,0.404407,0.529473,-0.332462,0.667513
0.004636,-0.034907,-0.115355,-1.751546,0.842274,8.958728,0.611616,-0.051132,0.093063,0.783991,0.056404,0.012771,-0.037248,10.109247,1.733397,2.977293,0.459138,0.547359,-0.255006,0.651577,-0.035120,-0.042569,0.093652,10.212397,-0.050049,2.327269,0.404988,0.529600,-0.331919,0.667330
0.011454,-0.004636,-0.099811,-1.741975,0.861416,8.997013,0.612244,-0.049348,0.093979,0.783506,0.038312,-0.017028,0.038312,10.032953,1.838378,2.892454,0.459700,0.547335,-0.253654,0.651730,-0.037248,-0.040441,0.039377,10.079950,-0.089111,2.335204,0.405704,0.529150,-0.331390,0.667516
0.029452,0.026453,-0.090539,-1.741975,0.842274,8.968299,0.612781,-0.047656,0.095164,0.783048,0.023413,-0.025542,-0.019156,9.745478,1.834716,2.728270,0.459673,0.548894,-0.253231,0.650601,-0.039377,-0.030863,0.018092,10.085443,-0.096435,2.362059,0.406471,0.528505,-0.330887,0.667810
0.040088,0.065723,-0.076904,-1.789831,0.842274,9.016156,0.613245,-0.049210,0.097366,0.782317,0.002128,-0.008514,0.020220,9.880976,1.830443,2.747191,0.459045,0.549974,-0.253790,0.649914,-0.025542,-0.023413,0.001064,10.183710,-0.064697,2.272338,0.406903,0.529813,-0.330694,0.666604
0.055087,0.079085,-0.050996,-1.856830,0.890130,9.006584,0.613414,-0.049833,0.100181,0.781790,-0.005321,-0.021285,0.024477,10.043329,1.868285,2.785643,0.458641,0.551205,-0.254133,0.649023,-0.021285,0.003193,-0.005321,10.140985,-0.039062,2.282103,0.408087,0.530621,-0.329520,0.665819
0.064359,0.109628,-0.032998,-1.856830,0.870987,8.997013,0.613782,-0.052006,0.100275,0.781347,-0.012771,-0.023413,0.020220,10.104975,1.920775,2.828978,0.459627,0.551243,-0.252961,0.648750,-0.015963,0.032991,0.004257,10.047602,-0.018311,2.308348,0.409227,0.529979,-0.328292,0.666237
0.061905,0.142353,-0.009272,-1.875973,0.928415,9.006584,0.613536,-0.051253,0.102932,0.781245,-0.011707,-0.045762,0.057469,9.945063,1.954955,2.819212,0.460302,0.551288,-0.252107,0.648565,-0.012771,0.047890,-0.001064,10.031733,-0.015869,2.324828,0.410343,0.529112,-0.327063,0.666843
0.067086,0.154625,0.001909,-2.057827,0.842274,9.064013,0.613452,-0.053983,0.104759,0.780884,-0.001064,-0.031927,0.031927,9.892572,1.973876,2.782591,0.461073,0.551908,-0.250935,0.647945,-0.008514,0.050019,-0.004257,10.169062,0.018921,2.460936,0.411322,0.528069,-0.325955,0.667609
0.065177,0.163897,0.005727,-2.134398,0.918844,9.035298,0.613195,-0.056281,0.107591,0.780538,0.006385,-0.026606,0.038312,9.926142,1.977538,2.835692,0.461691,0.551511,-0.250030,0.648192,0.001064,0.047890,-0.025542,10.065912,0.033569,2.471312,0.412414,0.527182,-0.324640,0.668277
0.055905,0.146171,0.010908,-2.220539,0.985843,9.025727,0.612848,-0.058075,0.110573,0.780263,0.018092,-0.024477,0.012771,10.056147,2.003173,2.850340,0.462555,0.551813,-0.248593,0.647871,0.014899,0.048955,0.006385,10.182489,0.083618,2.476195,0.413595,0.527113,-0.322920,0.668435
0.047997,0.126809,0.009817,-2.220539,0.985843,8.949157,0.612518,-0.059760,0.113373,0.779992,0.027670,-0.029799,0.006385,10.104364,2.006224,2.847288,0.461391,0.552752,-0.249661,0.647491,0.026606,0.054276,-0.004257,10.009760,0.056763,2.419432,0.414082,0.528131,-0.321950,0.667798
0.046088,0.125446,0.017453,-2.268396,1.071985,8.987442,0.612051,-0.060669,0.116426,0.779840,0.037248,-0.026606,0.025542,10.039667,2.080687,2.900389,0.461963,0.552624,-0.248414,0.647672,0.028734,0.071304,-0.017028,10.022577,0.095215,2.420043,0.415263,0.528750,-0.320107,0.667460
0.043906,0.127082,0.028089,-2.239682,1.081556,8.939586,0.611456,-0.060937,0.119460,0.779827,0.041505,-0.044698,0.038312,9.934076,2.067870,2.836302,0.462478,0.553004,-0.247085,0.647488,0.029799,0.073432,-0.051083,10.043940,0.078125,2.377928,0.414771,0.529011,-0.320486,0.667378
0.045269,0.133627,0.036270,-2.191826,1.024128,8.949157,0.611167,-0.060536,0.119098,0.780139,0.040441,-0.058533,0.047890,9.878534,2.050170,2.761229,0.462287,0.554596,-0.246473,0.646496,0.024477,0.097909,-0.039377,10.142817,0.108643,2.431029,0.414507,0.529319,-0.320603,0.667241
0.053996,0.134718,0.046088,-2.201397,1.004985,8.939586,0.610919,-0.061272,0.118441,0.780376,0.042569,-0.044698,0.053212,9.876703,2.059935,2.832640,0.462361,0.554129,-0.245845,0.647082,0.025542,0.092588,-0.001064,10.114740,0.089111,2.490843,0.414787,0.527637,-0.319912,0.668729
0.050451,0.140444,0.050996,-2.249253,1.062413,8.891729,0.610139,-0.061852,0.121650,0.780447,0.042569,-0.055340,0.069175,10.023188,2.073973,2.907713,0.462139,0.553534,-0.245607,0.647839,0.024477,0.093652,0.034055,10.050653,0.110474,2.571410,0.415259,0.526088,-0.318871,0.670153
0.042542,0.135263,0.050996,-2.239682,1.033699,8.843872,0.609855,-0.062819,0.120919,0.780705,0.051083,-0.084074,0.097909,10.148920,2.051390,2.894896,0.460911,0.552843,-0.246597,0.648928,0.021285,0.080882,0.043634,9.992670,0.066528,2.620238,0.415359,0.524382,-0.318315,0.671690
0.038997,0.157080,0.052360,-2.325824,1.033699,8.920443,0.609249,-0.065403,0.123199,0.780610,0.055340,-0.105359,0.096845,10.145868,1.959227,2.832030,0.458607,0.553497,-0.248751,0.649180,0.012771,0.052147,0.037248,10.180048,0.042725,2.671507,0.415226,0.522752,-0.318192,0.673100
0.037361,0.169079,0.059450,-2.316252,0.966700,8.834301,0.608869,-0.067607,0.122989,0.780752,0.058533,-0.107487,0.064918,10.063471,1.854247,2.673338,0.456628,0.554816,-0.250410,0.648812,0.004257,0.051083,0.022349,10.015863,-0.110474,2.693480,0.414670,0.521112,-0.318778,0.674436
0.029452,0.197713,0.072540,-2.364109,0.985843,8.843872,0.608281,-0.070697,0.123682,0.780827,0.056404,-0.096845,0.054276,9.926752,1.762694,2.583006,0.454689,0.555933,-0.252083,0.648570,0.002128,0.054276,0.052147,10.056757,-0.156250,2.808226,0.414204,0.519316,-0.319168,0.675921
0.029452,0.229620,0.074176,-2.392823,0.985843,8.901300,0.607583,-0.071106,0.123813,0.781312,0.055340,-0.062790,0.063854,9.873652,1.715697,2.608641,0.452703,0.556111,-0.253882,0.649105,0.014899,0.001064,0.073432,10.062250,-0.054321,2.581786,0.412873,0.519798,-0.320434,0.675766
0.043361,0.252527,0.085358,-2.383251,0.899701,8.882157,0.606911,-0.073251,0.123881,0.781625,0.055340,-0.036184,0.059597,9.970087,1.665648,2.637328,0.450908,0.555795,-0.255461,0.650005,-0.001064,0.029799,0.073432,10.237421,-0.129394,2.622679,0.411426,0.519483,-0.322063,0.676117
0.051814,0.264526,0.098993,-2.392823,0.918844,8.920443,0.606073,-0.074429,0.124109,0.782128,0.044698,-0.008514,0.047890,10.029291,1.646117,2.564085,0.449227,0.556059,-0.256894,0.650377,0.000000,0.002128,0.034055,10.194696,-0.191040,2.639159,0.410067,0.518857,-0.323695,0.676643
0.054269,0.267799,0.093266,-2.459822,0.976272,8.930014,0.605048,-0.074275,0.125537,0.782708,0.035120,0.017028,0.030863,10.086664,1.636352,2.561034,0.447787,0.556213,-0.258152,0.650741,0.013835,-0.029799,0.044698,10.173944,-0.147705,2.600707,0.408907,0.519709,-0.324856,0.676135
0.058359,0.267526,0.092175,-2.555535,0.937986,8.939586,0.604188,-0.077831,0.127293,0.782744,0.031927,0.038312,0.018092,10.095819,1.654662,2.666014,0.447275,0.554850,-0.258488,0.652121,0.028734,-0.060661,0.015963,10.165400,-0.084228,2.568358,0.408944,0.521447,-0.324376,0.675004
0.048269,0.273253,0.075267,-2.612962,0.957129,8.882157,0.603319,-0.081461,0.129836,0.782627,0.032991,0.048955,0.021285,10.137934,1.707152,2.788084,0.447672,0.553662,-0.257554,0.653227,0.040441,-0.054276,0.015963,9.998774,-0.126953,2.448119,0.407912,0.522821,-0.325108,0.674213
0.045815,0.278980,0.063541,-2.746960,0.928415,8.910872,0.602566,-0.085216,0.132127,0.782424,0.038312,0.041505,0.031927,10.190424,1.762084,2.920531,0.448058,0.552618,-0.256516,0.654254,0.044698,-0.029799,0.018092,10.034174,-0.191650,2.364501,0.406664,0.523756,-0.326049,0.673787
0.050724,0.271344,0.044997,-2.718246,0.957129,8.853444,0.602199,-0.087297,0.132299,0.782447,0.044698,0.024477,0.029799,10.185541,1.772460,2.923582,0.448436,0.551778,-0.255412,0.655135,0.028734,0.019156,0.035120,10.039057,-0.262451,2.372435,0.405278,0.523750,-0.327316,0.674012
0.062177,0.266981,0.020180,-2.861816,0.985843,8.882157,0.601550,-0.090012,0.135986,0.782007,0.041505,0.019156,0.006385,10.095209,1.761474,2.940062,0.448946,0.550992,-0.254257,0.655896,0.011707,0.018092,0.047890,10.084223,-0.346069,2.428587,0.403811,0.522955,-0.328857,0.674759
0.069813,0.254436,0.000545,-2.900101,1.014557,8.796016,0.601015,-0.092222,0.139829,0.781483,0.036184,0.013835,-0.006385,10.062860,1.680297,2.921751,0.449175,0.549960,-0.253645,0.656842,-0.010642,0.029799,0.065982,10.099482,-0.376587,2.467040,0.402477,0.521617,-0.330458,0.675809
0.085085,0.265072,-0.008181,-2.871387,1.004985,8.748159,0.600785,-0.091989,0.141462,0.781393,0.028734,0.006385,-0.004257,10.038446,1.640624,2.932738,0.449190,0.548855,-0.253434,0.657837,-0.052147,0.071304,0.130901,10.078119,-0.423584,2.564085,0.401624,0.519225,-0.331773,0.677511
0.096266,0.275980,-0.021544,-3.005385,0.995414,8.748159,0.600651,-0.095406,0.144451,0.780539,0.018092,0.005321,0.005321,10.076288,1.575316,2.880858,0.448299,0.547902,-0.254513,0.658822,-0.063854,0.060661,0.118130,10.100092,-0.354004,2.518919,0.400987,0.516885,-0.333002,0.679073
0.097902,0.271617,-0.039270,-3.101098,1.014557,8.786445,0.600635,-0.098752,0.147512,0.779562,0.007450,0.002128,0.009578,10.056147,1.542358,2.822264,0.447091,0.547650,-0.256029,0.659265,-0.070239,0.047890,0.086203,10.089716,-0.349121,2.652586,0.401644,0.515308,-0.332781,0.679991
0.100629,0.265345,-0.042542,-3.110669,1.024128,8.824730,0.601021,-0.100960,0.148043,0.778881,-0.003193,0.008514,0.006385,10.098871,1.565551,2.830809,0.445983,0.547568,-0.257519,0.659503,-0.070239,0.054276,0.079817,10.046381,-0.426636,2.731322,0.401965,0.513344,-0.332995,0.681181
0.098993,0.248709,-0.050996,-3.177669,1.062413,8.796016,0.600812,-0.102294,0.152146,0.778077,-0.006385,0.005321,0.006385,10.111078,1.573485,2.818602,0.445322,0.548378,-0.258322,0.658963,-0.056404,0.046826,0.051083,10.001215,-0.339966,2.645262,0.403168,0.512719,-0.332027,0.681414
0.098447,0.224711,-0.045269,-3.215954,1.110270,8.719446,0.600561,-0.102948,0.156044,0.777413,-0.007450,-0.008514,0.003193,10.103144,1.665038,2.824095,0.446376,0.548934,-0.256937,0.658327,-0.043634,0.014899,-0.011707,10.111078,-0.301513,2.669676,0.404639,0.513134,-0.330779,0.680837
0.102811,0.229893,-0.034907,-3.158526,1.177269,8.738588,0.600499,-0.102271,0.157976,0.777159,-0.008514,-0.014899,0.001064,10.069574,1.707763,2.780150,0.447128,0.550001,-0.255906,0.657328,-0.032991,0.008514,-0.037248,10.050653,-0.220947,2.656859,0.406178,0.513822,-0.329390,0.680074
0.094357,0.208894,-0.036543,-3.292524,1.320838,8.729017,0.600185,-0.102310,0.161543,0.776664,-0.012771,-0.018092,-0.003193,10.056147,1.781005,2.750242,0.447893,0.551102,-0.254926,0.656264,-0.027670,0.012771,-0.028734,10.024408,-0.137939,2.658080,0.407647,0.514459,-0.327985,0.679391
0.094630,0.193895,-0.025089,-3.349952,1.368695,8.642876,0.599786,-0.102607,0.165204,0.776162,-0.021285,-0.026606,-0.003193,10.008539,1.844481,2.719115,0.448713,0.552193,-0.254003,0.655144,-0.021285,0.019156,-0.019156,10.066523,-0.121460,2.643431,0.408917,0.515289,-0.326722,0.678608
0.089994,0.170988,-0.021271,-3.321238,1.387837,8.690732,0.599436,-0.101834,0.168046,0.775924,-0.024477,-0.026606,-0.001064,10.037836,1.867675,2.701415,0.449432,0.553339,-0.253236,0.653980,-0.021285,0.018092,-0.023413,10.078730,-0.111694,2.648314,0.410199,0.516152,-0.325452,0.677788
0.079903,0.151080,-0.022089,-3.407379,1.473979,8.690732,0.599052,-0.101533,0.171182,0.775575,-0.024477,-0.022349,0.006385,10.039057,1.918334,2.703856,0.450262,0.554316,-0.252314,0.652938,-0.012771,0.011707,-0.036184,10.052485,-0.068359,2.644652,0.411532,0.517087,-0.324042,0.676942
0.063268,0.120264,-0.017453,-3.493521,1.502693,8.585447,0.598679,-0.101956,0.174235,0.775127,-0.034055,-0.020220,0.012771,10.059809,1.956786,2.728270,0.451274,0.555002,-0.251298,0.652047,-0.011707,0.010642,-0.024477,10.050653,-0.058594,2.689208,0.412918,0.517248,-0.322491,0.676716
0.053996,0.101720,-0.010090,-3.455236,1.512264,8.518449,0.598243,-0.101829,0.177046,0.774844,-0.025542,-0.019156,0.011707,10.021967,1.975707,2.723997,0.452295,0.555630,-0.250168,0.651239,-0.010642,0.004257,-0.023413,10.055536,-0.037231,2.698363,0.414275,0.517499,-0.320956,0.676424
0.045815,0.096266,0.004091,-3.426522,1.521835,8.585447,0.597757,-0.100618,0.178994,0.774929,-0.022349,-0.018092,0.003193,10.020136,1.985472,2.708739,0.453278,0.556422,-0.249042,0.650310,-0.005321,0.002128,-0.030863,10.081781,-0.065308,2.697142,0.413538,0.516618,-0.322093,0.677008
0.035452,0.086721,0.017453,-3.426522,1.521835,8.614161,0.597320,-0.099122,0.179924,0.775243,-0.013835,-0.014899,0.009578,10.025629,1.986083,2.756346,0.454360,0.556359,-0.247803,0.650082,0.001064,0.007450,-0.017028,10.059198,-0.046997,2.676390,0.414372,0.517822,-0.321064,0.676066
0.029452,0.072268,0.016090,-3.426522,1.464407,8.575876,0.597467,-0.099682,0.178751,0.775330,-0.009578,-0.012771,0.006385,10.031122,1.961058,2.753905,0.455319,0.555885,-0.246756,0.650215,-0.002128,0.012771,0.002128,9.998774,-0.053101,2.577513,0.413937,0.518678,-0.321655,0.675395
0.028362,0.057269,0.018544,-3.445665,1.387837,8.575876,0.597637,-0.101146,0.177829,0.775221,0.000000,-0.013835,0.001064,10.017084,1.900634,2.741698,0.454221,0.555477,-0.248326,0.650734,-0.001064,0.014899,-0.005321,10.101923,-0.161133,2.774657,0.413784,0.517317,-0.321880,0.676425
0.022089,0.047178,0.023726,-3.436093,1.416551,8.604590,0.597743,-0.101289,0.176460,0.775433,0.011707,-0.006385,-0.001064,10.092157,1.855468,2.752074,0.453101,0.555039,-0.249762,0.651338,0.010642,0.010642,0.004257,10.033564,-0.187988,2.722166,0.413058,0.516067,-0.322656,0.677453
0.009272,0.039815,0.031361,-3.474379,1.397408,8.633304,0.597788,-0.103048,0.175623,0.775357,0.013835,0.008514,-0.001064,10.090326,1.851195,2.749022,0.452003,0.554517,-0.251117,0.652025,0.011707,0.001064,-0.009578,10.046381,-0.211792,2.676390,0.411943,0.515573,-0.323978,0.677877
0.003818,0.045269,0.026998,-3.455236,1.301695,8.595019,0.597895,-0.104394,0.174342,0.775383,0.020220,0.008514,0.002128,10.089716,1.802977,2.773436,0.451448,0.553378,-0.251768,0.653125,0.009578,0.008514,0.004257,10.067133,-0.231933,2.667235,0.410756,0.515158,-0.325374,0.678244
-0.000818,0.034361,0.023998,-3.426522,1.320838,8.537591,0.598027,-0.104916,0.172715,0.775575,0.019156,0.006385,-0.001064,10.051874,1.785277,2.745970,0.450267,0.553522,-0.253046,0.653324,0.006385,0.003193,0.005321,10.050653,-0.259399,2.654418,0.409560,0.514788,-0.326817,0.678554
-0.002454,0.022089,0.022362,-3.436093,1.253839,8.585447,0.598206,-0.105956,0.171152,0.775643,0.021285,0.006385,-0.008514,10.043940,1.754760,2.819823,0.450560,0.552472,-0.252579,0.654191,0.004257,0.007450,0.009578,10.072626,-0.270386,2.666014,0.408383,0.514085,-0.328240,0.679110
-0.003818,0.025362,0.019362,-3.426522,1.292124,8.633304,0.598205,-0.105029,0.169848,0.776056,0.019156,0.007450,0.002128,10.081781,1.762694,2.791136,0.450280,0.551271,-0.252886,0.655277,0.004257,0.002128,0.018092,10.017084,-0.286255,2.656859,0.407354,0.512951,-0.329422,0.680012
-0.003272,0.014181,0.016362,-3.436093,1.330409,8.662018,0.597727,-0.103488,0.170992,0.776380,0.010642,0.001064,0.010642,10.072016,1.729125,2.797850,0.449081,0.550818,-0.254376,0.655904,0.003193,0.006385,0.017028,10.032343,-0.288086,2.670897,0.408370,0.513443,-0.328013,0.679713
-0.002454,0.009817,0.009817,-3.436093,1.330409,8.556734,0.597433,-0.104653,0.172503,0.776116,0.006385,-0.007450,0.011707,10.051264,1.732177,2.777708,0.449612,0.551934,-0.253371,0.654991,0.002128,0.000000,0.004257,10.070795,-0.269165,2.671507,0.408312,0.514649,-0.328076,0.678804
-0.009272,0.000273,0.004636,-3.474379,1.215554,8.585447,0.597731,-0.106249,0.171238,0.775949,-0.001064,-0.005321,0.011707,10.043329,1.729125,2.811278,0.449886,0.550816,-0.253183,0.655816,0.003193,-0.002128,0.003193,10.032953,-0.266723,2.667235,0.408487,0.513545,-0.327764,0.679686
-0.003000,-0.000273,0.001909,-3.407379,1.301695,8.642876,0.597831,-0.104831,0.170062,0.776324,0.001064,-0.007450,0.015963,10.080561,1.732177,2.800291,0.449102,0.551739,-0.254011,0.655257,0.005321,-0.003193,-0.002128,10.026850,-0.267944,2.666014,0.408185,0.514678,-0.328121,0.678838
-0.006818,-0.006545,-0.003000,-3.455236,1.253839,8.662018,0.598211,-0.106285,0.168665,0.776138,-0.005321,-0.008514,0.020220,10.082392,1.753539,2.776488,0.449893,0.552530,-0.252840,0.654499,0.004257,-0.007450,-0.007450,10.069574,-0.249634,2.676390,0.409057,0.514282,-0.326944,0.679180
-0.004091,-0.015817,-0.001909,-3.388237,1.339981,8.537591,0.597892,-0.104760,0.169869,0.776329,-0.002128,-0.012771,0.014899,10.043329,1.783446,2.774657,0.450892,0.552687,-0.251489,0.654200,0.003193,-0.007450,-0.012771,10.062860,-0.255127,2.667235,0.408132,0.514683,-0.328155,0.678848
-0.001091,-0.016362,0.000818,-3.397808,1.320838,8.585447,0.597619,-0.102884,0.170635,0.776622,-0.006385,-0.011707,0.013835,10.059809,1.803588,2.765501,0.450785,0.553920,-0.251473,0.653238,0.004257,-0.003193,-0.002128,10.043329,-0.248413,2.648924,0.409206,0.515461,-0.326729,0.678299
-0.004909,-0.013635,-0.002727,-3.340380,1.272982,8.652447,0.597967,-0.102411,0.168718,0.776835,-0.002128,-0.018092,0.019156,10.055536,1.796264,2.757567,0.450283,0.552774,-0.252343,0.654217,0.007450,-0.005321,0.008514,10.057367,-0.232544,2.638548,0.408231,0.515996,-0.327873,0.677928
-0.003545,-0.017181,0.001636,-3.369094,1.282553,8.642876,0.598355,-0.102714,0.166745,0.776923,-0.002128,-0.007450,0.012771,10.087885,1.845702,2.745360,0.450740,0.553911,-0.251535,0.653252,0.002128,-0.002128,0.007450,10.050653,-0.220947,2.655638,0.409022,0.515492,-0.326779,0.678363
-0.004636,-0.010908,-0.002182,-3.426522,1.330409,8.595019,0.598083,-0.103109,0.168427,0.776717,0.001064,-0.005321,0.006385,10.059809,1.806029,2.744139,0.450085,0.554900,-0.252199,0.652608,0.002128,-0.003193,0.000000,10.045160,-0.214844,2.662352,0.409919,0.515115,-0.325576,0.678686
0.000000,-0.017726,0.001636,-3.369094,1.330409,8.604590,0.597745,-0.101539,0.169655,0.776917,0.007450,-0.006385,0.004257,10.034784,1.784057,2.758177,0.450298,0.553819,-0.252013,0.653450,0.003193,-0.003193,0.003193,10.090937,-0.239258,2.650145,0.408909,0.515460,-0.326840,0.678426
-0.000273,-0.016090,0.001636,-3.340380,1.292124,8.652447,0.598087,-0.101198,0.167721,0.777118,0.003193,-0.004257,0.002128,10.072626,1.806640,2.739256,0.450482,0.555077,-0.251505,0.652452,0.003193,-0.003193,0.003193,10.073847,-0.249634,2.662962,0.408044,0.514347,-0.327881,0.679289
0.005181,-0.012545,0.004909,-3.359523,1.339981,8.642876,0.597692,-0.100270,0.169435,0.777170,0.007450,-0.006385,0.003193,10.077509,1.793822,2.755125,0.450247,0.553915,-0.251931,0.653436,0.003193,0.000000,0.005321,10.060419,-0.247192,2.690428,0.408900,0.513926,-0.326693,0.679664
0.000273,-0.007909,0.000273,-3.426522,1.282553,8.633304,0.597873,-0.102133,0.169249,0.776829,0.005321,-0.006385,0.007450,10.071405,1.801757,2.760008,0.450956,0.553199,-0.251037,0.653897,0.005321,-0.006385,-0.005321,10.051874,-0.223389,2.668456,0.409255,0.515292,-0.326207,0.678649
0.000000,-0.004909,0.000818,-3.321238,1.253839,8.623733,0.598217,-0.102027,0.167364,0.776986,0.006385,-0.003193,0.004257,10.058588,1.787108,2.766722,0.449772,0.553006,-0.252551,0.654293,0.008514,-0.008514,-0.008514,10.067743,-0.235596,2.668456,0.408201,0.514554,-0.327473,0.679234
0.003272,-0.000818,0.001091,-3.359523,1.263410,8.652447,0.598591,-0.103060,0.165766,0.776905,0.005321,-0.007450,0.001064,10.062250,1.785888,2.757567,0.450577,0.553956,-0.251260,0.653432,0.009578,-0.005321,-0.007450,10.081171,-0.239258,2.657469,0.408656,0.515928,-0.326810,0.678237
0.007363,-0.004363,0.001091,-3.359523,1.320838,8.681161,0.598251,-0.101524,0.167105,0.777082,0.003193,-0.006385,0.003193,10.046991,1.773681,2.763060,0.449966,0.552878,-0.252223,0.654394,0.008514,0.002128,0.005321,10.050653,-0.265503,2.671507,0.408174,0.514649,-0.327271,0.679276
0.009272,0.001091,0.001364,-3.474379,1.253839,8.671589,0.598291,-0.103305,0.167655,0.776698,0.006385,-0.011707,0.013835,10.078730,1.768798,2.730711,0.449201,0.553902,-0.252950,0.653773,0.010642,-0.003193,-0.002128,10.070185,-0.266113,2.677001,0.407726,0.513436,-0.327684,0.680263
0.004363,-0.005181,-0.003545,-3.455236,1.272982,8.623733,0.598262,-0.104827,0.168618,0.776308,0.003193,-0.003193,0.006385,10.110468,1.797484,2.747191,0.450141,0.554568,-0.251531,0.653108,0.010642,-0.004257,-0.007450,10.059809,-0.252685,2.670287,0.408263,0.514793,-0.326902,0.679291
0.004636,-0.015544,0.001091,-3.388237,1.282553,8.528020,0.597917,-0.104491,0.170425,0.776224,0.003193,-0.004257,0.008514,10.062250,1.766356,2.749632,0.449443,0.553497,-0.252584,0.654091,0.008514,-0.005321,-0.006385,10.051264,-0.242920,2.653807,0.408098,0.516041,-0.327052,0.678371
0.006545,-0.004363,0.001909,-3.311666,1.292124,8.623733,0.598064,-0.103106,0.169168,0.776570,0.003193,-0.012771,0.002128,10.035395,1.806029,2.736815,0.450287,0.554406,-0.251284,0.653240,0.004257,0.001064,-0.007450,10.087275,-0.283203,2.651366,0.407190,0.515055,-0.328172,0.679123
0.005727,-0.012817,0.000545,-3.349952,1.349552,8.595019,0.597822,-0.101146,0.169838,0.776869,0.002128,-0.009578,0.010642,10.064081,1.795653,2.762450,0.450178,0.553227,-0.251597,0.654195,0.007450,0.003193,0.004257,10.093988,-0.235596,2.652586,0.408189,0.515880,-0.326782,0.678568
0.003818,0.002182,0.001364,-3.263810,1.311267,8.671589,0.597997,-0.100011,0.168439,0.777185,0.003193,-0.010642,0.010642,10.074457,1.813964,2.751463,0.450356,0.554497,-0.251079,0.653196,0.005321,-0.002128,-0.004257,10.081171,-0.254516,2.648924,0.407106,0.515154,-0.328111,0.679128
0.004909,-0.007090,0.000273,-3.302095,1.311267,8.700303,0.598252,-0.099095,0.166801,0.777459,0.002128,-0.006385,-0.001064,10.084223,1.781005,2.742308,0.449277,0.554029,-0.252580,0.653755,0.007450,0.001064,0.003193,10.068354,-0.240478,2.656859,0.408186,0.515463,-0.326605,0.678972
0.006000,-0.001091,0.000273,-3.321238,1.301695,8.623733,0.598339,-0.100931,0.167145,0.777083,0.005321,-0.005321,-0.001064,10.043329,1.799315,2.738035,0.450351,0.554377,-0.251043,0.653314,0.005321,0.001064,0.005321,10.053705,-0.225220,2.634886,0.408100,0.516668,-0.326653,0.678084
0.006000,-0.000818,-0.001636,-3.311666,1.301695,8.633304,0.598409,-0.099265,0.166278,0.777430,0.004257,-0.002128,0.003193,10.047602,1.818847,2.760008,0.451074,0.553601,-0.250162,0.653811,0.006385,-0.003193,0.006385,10.059198,-0.220337,2.664793,0.408489,0.515751,-0.326018,0.678853
0.005727,0.006818,-0.000273,-3.359523,1.359123,8.642876,0.598087,-0.099547,0.168194,0.777229,0.007450,-0.004257,0.010642,10.097040,1.817016,2.774657,0.449867,0.553800,-0.251602,0.653922,0.005321,-0.005321,0.004257,10.051264,-0.233154,2.653197,0.407280,0.515300,-0.327488,0.679214
0.005727,0.004363,0.000000,-3.369094,1.330409,8.671589,0.598080,-0.101280,0.168977,0.776840,0.007450,-0.006385,0.005321,10.070795,1.802977,2.761229,0.450863,0.553696,-0.250198,0.653862,0.006385,-0.005321,-0.004257,10.076899,-0.230713,2.659911,0.408396,0.515863,-0.325980,0.678843
0.004909,0.003545,0.000545,-3.302095,1.320838,8.595019,0.598141,-0.099699,0.168060,0.777197,0.006385,-0.005321,0.001064,10.042719,1.813353,2.749022,0.450067,0.554588,-0.251018,0.653340,0.003193,-0.003193,0.004257,10.064081,-0.227051,2.636717,0.407677,0.516644,-0.326870,0.678253
0.007909,0.007636,0.004363,-3.282953,1.387837,8.652447,0.597886,-0.097798,0.168571,0.777524,0.006385,-0.007450,0.002128,10.037836,1.819457,2.730101,0.450725,0.555668,-0.249877,0.652406,0.002128,0.000000,0.004257,10.070185,-0.244751,2.653197,0.407646,0.515422,-0.326837,0.679216
0.005454,0.011726,0.003545,-3.340380,1.311267,8.671589,0.598150,-0.099555,0.167715,0.777283,-0.001064,-0.007450,0.012771,10.054926,1.813353,2.723997,0.449630,0.555018,-0.251430,0.653117,0.002128,0.006385,0.006385,10.084833,-0.214233,2.653197,0.408488,0.516450,-0.325717,0.678466
0.007636,0.013090,0.007090,-3.282953,1.330409,8.681161,0.598172,-0.098107,0.166763,0.777654,0.002128,-0.008514,0.014899,10.063471,1.826171,2.727049,0.450554,0.555574,-0.250047,0.652539,0.002128,-0.002128,0.001064,10.073847,-0.217895,2.623290,0.407773,0.517200,-0.326627,0.677888
0.010908,0.020453,0.010908,-3.282953,1.282553,8.671589,0.598439,-0.098837,0.165189,0.777693,-0.003193,-0.006385,0.011707,10.065912,1.806029,2.747191,0.449941,0.554441,-0.251079,0.653528,-0.002128,0.003193,-0.010642,10.089716,-0.215454,2.653197,0.408420,0.516329,-0.325837,0.678542
0.013908,0.032725,0.000273,-3.263810,1.387837,8.662018,0.598067,-0.097444,0.166675,0.777838,0.000000,-0.008514,0.019156,10.078119,1.801146,2.745360,0.448722,0.553979,-0.252727,0.654123,-0.001064,0.008514,-0.011707,10.096430,-0.217285,2.648314,0.407780,0.516957,-0.326739,0.678015
0.011454,0.052633,-0.000545,-3.378666,1.435694,8.642876,0.597669,-0.097958,0.168925,0.777594,-0.003193,-0.005321,0.026606,10.086664,1.852416,2.820433,0.449574,0.553557,-0.251631,0.654317,-0.003193,0.007450,-0.002128,10.093378,-0.234375,2.661131,0.408028,0.515765,-0.326444,0.678915
0.011999,0.050996,-0.008727,-3.397808,1.435694,8.662018,0.597344,-0.098558,0.171143,0.777283,-0.005321,-0.007450,0.018092,10.028070,1.828612,2.807616,0.450434,0.553034,-0.250605,0.654562,-0.008514,0.010642,-0.012771,10.041498,-0.164795,2.717283,0.409167,0.515405,-0.325120,0.679138
0.010363,0.032998,-0.011999,-3.388237,1.483550,8.595019,0.597017,-0.098389,0.173251,0.777088,-0.008514,-0.012771,0.017028,9.997553,1.852416,2.788084,0.451452,0.553217,-0.249297,0.654205,-0.009578,0.003193,-0.022349,10.061029,-0.114746,2.711180,0.410514,0.515771,-0.323584,0.678781
0.005454,0.020180,-0.004636,-3.455236,1.512264,8.614161,0.596689,-0.098671,0.175249,0.776856,-0.018092,-0.017028,0.025542,10.042719,1.850585,2.689208,0.450967,0.554296,-0.249930,0.653385,-0.012771,0.004257,-0.025542,10.031733,-0.084839,2.684935,0.411808,0.516615,-0.322178,0.678024
0.000818,0.009272,-0.003272,-3.349952,1.416551,8.566305,0.597011,-0.098397,0.173504,0.777035,-0.026606,-0.023413,0.051083,10.106195,1.862182,2.660521,0.450342,0.555310,-0.250793,0.652624,-0.013835,0.005321,-0.013835,10.034784,-0.108643,2.649535,0.411743,0.517676,-0.322513,0.677094
-0.010636,0.008727,0.010636,-3.273381,1.311267,8.662018,0.597236,-0.098368,0.171641,0.777280,-0.032991,-0.018092,0.045762,10.114130,1.829223,2.610472,0.449630,0.556168,-0.251888,0.651962,-0.014899,0.012771,0.012771,10.029291,-0.134277,2.600707,0.411002,0.518125,-0.323637,0.676665
-0.009545,0.025089,0.023726,-3.206382,1.253839,8.662018,0.597320,-0.098343,0.169909,0.777598,-0.031927,-0.011707,0.035120,10.046381,1.768798,2.600707,0.448724,0.556747,-0.253298,0.651546,-0.009578,0.006385,0.013835,10.057978,-0.227051,2.572630,0.409889,0.517992,-0.325158,0.676712
-0.004363,0.042270,0.030816,-3.139383,1.186840,8.690732,0.597322,-0.098378,0.168330,0.777936,-0.027670,-0.003193,0.031927,10.081781,1.751708,2.618407,0.447669,0.557020,-0.254892,0.651417,-0.007450,0.006385,0.012771,10.171503,-0.295410,2.565306,0.408766,0.517854,-0.326664,0.676772