.059742,-0.009578,-0.003193,0.009578,10.140985,-3.179319,1.503295,0.750846,-0.130459,-0.642311,0.081478,0.005321,-0.002128,0.003193,9.492182,3.227537,2.118529,0.776324,0.190932,-0.600519,-0.015305
0.013908,-0.112083,0.018544,6.163911,-0.114855,7.312466,0.937935,0.016989,-0.341147,0.059992,-0.003193,-0.006385,0.002128,10.112909,-3.239744,1.495971,0.750637,-0.130711,-0.642484,0.081630,0.003193,-0.004257,0.011707,9.504999,3.204954,2.114257,0.776343,0.190583,-0.600615,-0.014959
0.015272,-0.097902,0.019362,6.240481,-0.105284,7.302895,0.937472,0.017085,-0.342374,0.060222,0.015963,-0.006385,-0.007450,10.147089,-3.237913,1.502074,0.750446,-0.130532,-0.642745,0.081623,0.002128,-0.003193,0.004257,9.533686,3.220823,2.109984,0.776179,0.190449,-0.600873,-0.014766
0.009272,-0.085358,0.015817,6.297909,-0.114855,7.216753,0.937052,0.017139,-0.343486,0.060397,-0.008514,-0.001064,0.002128,10.147699,-3.210447,1.509399,0.750529,-0.130322,-0.642725,0.081357,0.001064,0.004257,-0.010642,9.566645,3.234251,2.130126,0.776381,0.190466,-0.600605,-0.014846
0.005181,-0.046088,0.004091,6.221339,-0.095713,7.226325,0.936775,0.017196,-0.344231,0.060445,0.014899,-0.001064,0.012771,10.103754,-3.227537,1.496581,0.750474,-0.130590,-0.642678,0.081804,0.003193,-0.002128,-0.001064,9.447626,3.222654,2.130126,0.776511,0.190599,-0.600391,-0.014978
0.001636,-0.036270,0.003000,6.250053,-0.143569,7.360322,0.936630,0.016850,-0.344614,0.060609,0.010642,0.000000,0.011707,10.135492,-3.218382,1.578368,0.750665,-0.130498,-0.642456,0.081940,0.007450,-0.007450,0.005321,9.494013,3.244017,2.117308,0.776456,0.190917,-0.600356,-0.015158
0.011726,-0.049633,0.013090,6.192625,-0.172283,7.255038,0.936404,0.016594,-0.345191,0.060892,-0.004257,-0.005321,0.007450,10.187372,-3.220213,1.568603,0.750801,-0.130417,-0.642320,0.081892,0.006385,0.001064,-0.001064,9.577631,3.211058,2.124633,0.776427,0.190691,-0.600473,-0.014876
0.008181,-0.035179,-0.003000,6.297909,-0.086142,7.178468,0.936169,0.016764,-0.345825,0.060862,0.019156,-0.010642,-0.008514,10.137934,-3.223875,1.542968,0.750951,-0.130090,-0.642208,0.081915,0.007450,-0.001064,0.002128,9.489130,3.228148,2.115477,0.776473,0.190981,-0.600317,-0.015050
-0.002727,-0.035997,-0.010636,6.192625,-0.038285,7.322037,0.936136,0.017063,-0.345936,0.060650,-0.002128,-0.010642,0.003193,10.130610,-3.267820,1.536254,0.750952,-0.130345,-0.642122,0.082170,0.005321,-0.001064,-0.001064,9.528193,3.253172,2.125243,0.776490,0.191304,-0.600187,-0.015275
0.004909,-0.074995,0.008727,6.202196,-0.076570,7.427321,0.935986,0.017162,-0.346323,0.060724,-0.009578,-0.007450,0.010642,10.120234,-3.219603,1.536864,0.751063,-0.130315,-0.642007,0.082105,0.005321,-0.003193,0.006385,9.485468,3.219603,2.121581,0.776604,0.191067,-0.600120,-0.015043
0.010090,-0.134718,0.039543,6.202196,-0.105284,7.331609,0.935606,0.017129,-0.347277,0.061135,0.011707,-0.006385,0.002128,10.164179,-3.203123,1.525878,0.751067,-0.129938,-0.642099,0.081945,0.003193,-0.001064,0.010642,9.510492,3.220823,2.093505,0.776421,0.191013,-0.600379,-0.014872
0.006000,-0.118901,0.023453,6.317052,-0.162712,7.226325,0.935075,0.016984,-0.348663,0.061424,-0.020220,-0.003193,0.000000,10.096430,-3.229368,1.528930,0.751149,-0.130235,-0.641936,0.081994,0.003193,0.001064,0.014899,9.515375,3.212278,2.122802,0.776523,0.190661,-0.600368,-0.014523
0.012545,-0.064359,0.011999,6.345766,-0.114855,7.130611,0.934723,0.017097,-0.349572,0.061568,0.007450,-0.002128,-0.002128,10.205683,-3.240355,1.508178,0.750987,-0.130090,-0.642166,0.081910,0.001064,-0.002128,0.018092,9.564814,3.215330,2.122802,0.776445,0.190314,-0.600588,-0.014147
0.007909,-0.058905,0.006545,6.297909,-0.133998,7.111469,0.934396,0.017109,-0.350427,0.061672,0.019156,-0.004257,0.006385,10.147089,-3.231810,1.500854,0.750797,-0.130006,-0.642388,0.082049,0.002128,0.005321,0.000000,9.500727,3.192747,2.122802,0.776631,0.190124,-0.600411,-0.014000
0.007909,-0.067086,0.007636,6.384051,-0.124427,7.197610,0.934037,0.017157,-0.351362,0.061773,-0.014899,-0.001064,0.004257,10.139154,-3.193968,1.519164,0.750840,-0.129847,-0.642408,0.081740,0.001064,0.001064,0.005321,9.538568,3.238523,2.133788,0.776681,0.190367,-0.600265,-0.014193
0.003818,-0.059450,0.007090,6.355337,-0.124427,7.140183,0.933706,0.017163,-0.352228,0.061856,0.020220,-0.006385,0.003193,10.108637,-3.251951,1.531371,0.750915,-0.129917,-0.642259,0.082119,0.003193,-0.005321,0.004257,9.501337,3.229979,2.106322,0.776517,0.190628,-0.600390,-0.014334
0.002182,-0.040088,0.010090,6.393622,-0.076570,7.168897,0.933452,0.017327,-0.352885,0.061891,-0.003193,-0.004257,0.007450,10.147699,-3.239744,1.531982,0.751044,-0.130037,-0.642065,0.082261,0.005321,-0.003193,0.015963,9.465937,3.228758,2.136840,0.776631,0.190698,-0.600220,-0.014338
0.008999,-0.034088,0.003545,6.345766,-0.114855,7.197610,0.933244,0.017147,-0.353415,0.062052,-0.004257,-0.005321,0.007450,10.164179,-3.184202,1.531982,0.751060,-0.129814,-0.642120,0.082044,0.007450,0.002128,0.017028,9.526972,3.236082,2.105712,0.776468,0.190845,-0.600386,-0.014265
0.006818,-0.017999,0.004909,6.345766,-0.143569,7.130611,0.933072,0.017013,-0.353851,0.062189,0.011707,-0.005321,0.001064,10.161127,-3.197630,1.530151,0.751108,-0.129430,-0.642162,0.081884,0.005321,0.006385,0.010642,9.515375,3.209227,2.123412,0.776635,0.190575,-0.600263,-0.013972
0.004363,-0.038452,0.014454,6.326623,-0.105284,7.121040,0.932823,0.017198,-0.354484,0.062266,-0.011707,-0.007450,-0.004257,10.093988,-3.220213,1.532592,0.751187,-0.129613,-0.642024,0.081947,0.003193,0.008514,0.003193,9.595942,3.212889,2.131346,0.776618,0.190332,-0.600369,-0.013677
0.005181,-0.041179,0.010363,6.364908,-0.172283,7.073184,0.932567,0.017038,-0.355134,0.062447,0.003193,-0.006385,-0.001064,10.145868,-3.263548,1.524047,0.751088,-0.129876,-0.642052,0.082220,0.004257,0.005321,-0.011707,9.472040,3.206175,2.139281,0.776800,0.190503,-0.600075,-0.013844
0.001909,-0.024544,0.004636,6.412765,-0.124427,7.082755,0.932358,0.017058,-0.355674,0.062489,0.011707,-0.007450,0.010642,10.180048,-3.233641,1.526488,0.750997,-0.129597,-0.642225,0.082139,0.005321,-0.008514,0.020220,9.483027,3.179319,2.129515,0.776862,0.190153,-0.600115,-0.013481
0.002182,-0.001091,0.006000,6.374479,-0.095713,7.159325,0.932391,0.017413,-0.355583,0.062418,-0.007450,-0.004257,-0.002128,10.132441,-3.224485,1.536254,0.751146,-0.129599,-0.642054,0.082105,0.003193,0.003193,0.002128,9.531855,3.175047,2.131346,0.776891,0.189865,-0.600175,-0.013188
0.005727,-0.013090,0.011181,6.374479,-0.133998,7.178468,0.932414,0.017162,-0.355495,0.062646,0.015963,-0.007450,0.003193,10.112909,-3.230589,1.542358,0.751275,-0.129574,-0.641876,0.082365,0.004257,-0.004257,0.006385,9.539179,3.219603,2.104491,0.776696,0.190054,-0.600366,-0.013233
0.007636,-0.025635,0.016635,6.345766,-0.105284,7.178468,0.932426,0.017292,-0.355431,0.062787,0.002128,-0.003193,0.011707,10.197138,-3.206175,1.553954,0.751362,-0.129351,-0.641833,0.082253,0.003193,0.002128,-0.004257,9.524530,3.228758,2.105712,0.776579,0.190371,-0.600412,-0.013429
0.008181,-0.028362,0.027543,6.336195,-0.105284,7.063612,0.932197,0.017413,-0.355987,0.063018,-0.002128,-0.008514,0.011707,10.078119,-3.223875,1.513671,0.751152,-0.129686,-0.641977,0.082521,0.005321,0.000000,0.006385,9.481806,3.189695,2.121581,0.776748,0.190346,-0.600202,-0.013384
0.002182,-0.012817,0.006272,6.441479,-0.124427,7.044470,0.932028,0.017423,-0.356417,0.063079,0.009578,-0.010642,0.014899,10.144037,-3.237303,1.545409,0.751266,-0.129681,-0.641814,0.082749,0.002128,0.005321,0.013835,9.558710,3.198240,2.122802,0.776655,0.190115,-0.600403,-0.013071
0.000273,-0.004091,-0.006000,6.470192,-0.076570,7.121040,0.931915,0.017628,-0.356724,0.062953,-0.005321,-0.006385,0.008514,10.114130,-3.223265,1.486205,0.751030,-0.129783,-0.642071,0.082740,0.005321,-0.003193,-0.001064,9.548944,3.190306,2.117919,0.776489,0.190029,-0.600650,-0.012893
0.002454,0.008454,-0.003272,6.384051,-0.153141,7.178468,0.932026,0.017389,-0.356432,0.063037,-0.006385,-0.007450,-0.003193,10.167231,-3.187864,1.541747,0.751069,-0.129512,-0.642118,0.082449,0.006385,0.000000,0.000000,9.551386,3.223875,2.105712,0.776345,0.190334,-0.600736,-0.013029
0.006000,-0.003000,0.007090,6.403193,-0.124427,7.159325,0.931999,0.017048,-0.356476,0.063266,0.014899,-0.006385,0.008514,10.109858,-3.246458,1.506957,0.750902,-0.129707,-0.642228,0.082807,0.006385,0.000000,0.000000,9.509882,3.208006,2.148436,0.776502,0.190414,-0.600506,-0.013074
0.006818,-0.008999,0.014454,6.403193,-0.143569,7.101898,0.931842,0.016960,-0.356858,0.063462,-0.011707,-0.009578,0.019156,10.094599,-3.212889,1.519775,0.750951,-0.129655,-0.642195,0.082701,0.008514,-0.003193,0.005321,9.541620,3.214720,2.130126,0.776589,0.190614,-0.600327,-0.013171
0.006545,0.006272,0.009272,6.403193,-0.095713,7.063612,0.931757,0.017173,-0.357062,0.063498,0.011707,-0.009578,0.011707,10.126337,-3.203123,1.542358,0.751056,-0.129414,-0.642117,0.082727,0.005321,-0.001064,-0.004257,9.531855,3.218382,2.104491,0.776407,0.190867,-0.600481,-0.013278
0.000818,0.011999,-0.001636,6.412765,-0.086142,7.054041,0.931701,0.017371,-0.357213,0.063412,0.009578,-0.010642,-0.003193,10.176386,-3.187254,1.526488,0.751022,-0.129019,-0.642263,0.082517,0.006385,-0.004257,0.001064,9.531855,3.216551,2.139281,0.776545,0.190902,-0.600290,-0.013292
0.001909,0.004363,0.006545,6.355337,-0.057428,7.149754,0.931796,0.017637,-0.356958,0.063377,-0.013835,-0.006385,0.006385,10.173334,-3.198240,1.523437,0.750962,-0.128870,-0.642401,0.082224,0.008514,0.001064,0.003193,9.498896,3.218992,2.131957,0.776675,0.191078,-0.600064,-0.013372
-0.000273,-0.027816,0.024816,6.412765,-0.114855,7.178468,0.931799,0.017622,-0.356914,0.063582,0.008514,0.000000,0.021285,10.092157,-3.217772,1.519164,0.751009,-0.129193,-0.642222,0.082682,0.008514,-0.004257,-0.002128,9.548944,3.220213,2.138060,0.776810,0.191026,-0.599908,-0.013293
0.008181,-0.042542,0.037634,6.441479,-0.153141,7.149754,0.931534,0.017330,-0.357538,0.064053,-0.004257,-0.004257,0.004257,10.100702,-3.199461,1.511840,0.750920,-0.128999,-0.642396,0.082448,0.009578,-0.006385,0.002128,9.517206,3.239744,2.139281,0.776827,0.191324,-0.599787,-0.013460
0.013635,-0.000818,0.012545,6.470192,-0.143569,7.063612,0.931401,0.017385,-0.357850,0.064226,0.003193,-0.010642,0.001064,10.164789,-3.219603,1.535644,0.751035,-0.128809,-0.642306,0.082399,0.004257,0.000000,0.003193,9.528803,3.221434,2.135009,0.776998,0.191212,-0.599604,-0.013362
0.011999,0.020453,-0.007636,6.479764,-0.172283,7.054041,0.931361,0.017404,-0.357949,0.064240,0.023413,-0.006385,0.002128,10.147699,-3.225096,1.529540,0.751153,-0.128787,-0.642127,0.082748,0.007450,-0.002128,-0.007450,9.564203,3.189085,2.101439,0.776827,0.191193,-0.599834,-0.013227
0.006272,0.027816,-0.012817,6.479764,-0.114855,7.197610,0.931478,0.017864,-0.357664,0.064005,-0.002128,-0.006385,0.007450,10.111689,-3.251341,1.511230,0.750989,-0.129126,-0.642216,0.083017,0.008514,0.002128,-0.005321,9.523920,3.205564,2.128905,0.776817,0.191000,-0.599915,-0.012962
0.001364,0.007909,-0.012272,6.403193,-0.124427,7.188039,0.931632,0.017868,-0.357280,0.063918,-0.001064,-0.001064,0.004257,10.104364,-3.240355,1.490478,0.750798,-0.129326,-0.642384,0.083136,0.009578,0.000000,0.006385,9.509272,3.185423,2.100829,0.776642,0.190959,-0.600159,-0.012736
0.006272,-0.027271,0.006545,6.422336,-0.153141,7.082755,0.931422,0.017744,-0.357808,0.064062,0.010642,-0.006385,0.008514,10.159296,-3.216551,1.530761,0.750882,-0.129018,-0.642357,0.083063,0.005321,-0.001064,0.006385,9.511103,3.182981,2.116088,0.776588,0.190690,-0.600321,-0.012411
0.005181,-0.015272,0.008454,6.460621,-0.162712,7.034899,0.931245,0.017668,-0.358248,0.064194,-0.021285,-0.010642,0.005321,10.092157,-3.215940,1.548461,0.750967,-0.129167,-0.642236,0.083006,0.006385,-0.005321,0.003193,9.582514,3.215330,2.112426,0.776364,0.190806,-0.600574,-0.012372
0.000000,0.010908,-0.000273,6.451050,-0.095713,7.197610,0.931379,0.017900,-0.357904,0.064104,0.004257,-0.007450,0.000000,10.103144,-3.259275,1.564330,0.751068,-0.129245,-0.642077,0.083194,0.002128,-0.003193,-0.003193,9.547113,3.200682,2.150878,0.776521,0.190769,-0.600383,-0.012388
0.002727,0.018817,-0.003272,6.384051,-0.105284,7.149754,0.931564,0.018020,-0.357425,0.064052,0.015963,-0.007450,0.003193,10.164179,-3.203733,1.554565,0.751184,-0.128891,-0.642018,0.083150,0.000000,-0.003193,0.004257,9.497065,3.197630,2.169799,0.776680,0.190721,-0.600193,-0.012401
0.004363,0.035452,0.007636,6.470192,-0.057428,7.063612,0.931586,0.018204,-0.357356,0.064069,-0.009578,-0.008514,0.006385,10.137323,-3.217772,1.539306,0.751272,-0.128773,-0.641959,0.082996,0.001064,-0.007450,-0.003193,9.562983,3.227537,2.119750,0.776503,0.191005,-0.600326,-0.012612
-0.004636,0.038724,0.006818,6.412765,-0.047856,7.034899,0.931634,0.018356,-0.357231,0.064028,0.015963,-0.008514,0.009578,10.124506,-3.204954,1.508178,0.751077,-0.128615,-0.642212,0.083048,0.001064,0.000000,-0.005321,9.470209,3.247679,2.114257,0.776513,0.191334,-0.600203,-0.012898
0.001091,-0.003818,-0.003000,6.441479,-0.162712,7.226325,0.931687,0.018075,-0.357090,0.064121,-0.005321,-0.007450,0.019156,10.070185,-3.208616,1.508178,0.750833,-0.128961,-0.642397,0.083284,0.004257,0.000000,-0.002128,9.541620,3.247068,2.103881,0.776373,0.191636,-0.600285,-0.013063
0.010363,-0.053723,0.003545,6.460621,-0.153141,7.082755,0.931376,0.018077,-0.357882,0.064223,-0.015963,-0.005321,0.002128,10.151361,-3.170774,1.511230,0.750774,-0.128805,-0.642542,0.082945,0.004257,-0.004257,0.011707,9.515985,3.221434,2.083129,0.776162,0.191706,-0.600537,-0.012987
0.017999,-0.055905,0.015817,6.451050,-0.124427,7.034899,0.931043,0.018219,-0.358704,0.064425,0.012771,-0.009578,-0.001064,10.152582,-3.211058,1.472167,0.750557,-0.128661,-0.642823,0.082945,0.006385,-0.004257,0.003193,9.528803,3.186033,2.131346,0.776260,0.191487,-0.600484,-0.012765
0.013908,-0.028634,0.014999,6.422336,-0.133998,7.034899,0.930810,0.018232,-0.359268,0.064638,-0.013835,-0.008514,-0.004257,10.102533,-3.209227,1.489257,0.750304,-0.128769,-0.643115,0.082812,0.005321,0.004257,0.014899,9.495844,3.193968,2.141722,0.776457,0.191334,-0.600282,-0.012580
0.006818,-0.023726,0.026725,6.441479,-0.114855,7.082755,0.930592,0.018306,-0.359788,0.064870,0.008514,-0.002128,0.003193,10.161127,-3.214720,1.502685,0.750320,-0.128430,-0.643186,0.082632,0.008514,-0.003193,0.009578,9.556879,3.204954,2.125853,0.776480,0.191040,-0.600354,-0.012220
0.009545,-0.044724,0.029452,6.508478,-0.124427,7.159325,0.930291,0.018246,-0.360509,0.065195,0.014899,-0.002128,0.013835,10.189814,-3.148802,1.509399,0.750361,-0.128106,-0.643210,0.082577,0.006385,0.000000,-0.001064,9.541010,3.220213,2.109984,0.776342,0.191358,-0.600428,-0.012373
0.010908,-0.036270,0.015272,6.508478,-0.200997,7.044470,0.930051,0.018084,-0.361088,0.065458,-0.010642,-0.002128,0.008514,10.116571,-3.214109,1.570434,0.750506,-0.128241,-0.643007,0.082634,0.006385,-0.002128,0.004257,9.572138,3.210447,2.102050,0.776147,0.191359,-0.600683,-0.012229
0.015817,0.000545,0.005181,6.508478,-0.114855,6.967899,0.929929,0.018274,-0.361377,0.065537,0.027670,-0.006385,0.001064,10.115351,-3.247679,1.514281,0.750528,-0.128305,-0.642911,0.083083,0.007450,-0.002128,-0.005321,9.533686,3.193968,2.127074,0.776291,0.191292,-0.600519,-0.012153
0.011726,0.014726,-0.008727,6.470192,-0.133998,6.939186,0.929866,0.018403,-0.361541,0.065500,0.012771,-0.004257,-0.003193,10.106806,-3.218382,1.530761,0.750689,-0.128230,-0.642717,0.083241,0.009578,-0.006385,0.004257,9.506220,3.198240,2.128295,0.776412,0.191324,-0.600353,-0.012120
0.004909,-0.005181,-0.001364,6.441479,-0.153141,7.073184,0.929917,0.018161,-0.361401,0.065620,-0.006385,-0.009578,0.005321,10.132441,-3.215940,1.536254,0.750800,-0.128260,-0.642578,0.083271,0.008514,0.000000,0.004257,9.512323,3.179930,2.104491,0.776310,0.191142,-0.600549,-0.011816
0.009545,-0.040361,0.008727,6.479764,-0.172283,7.216753,0.929870,0.018091,-0.361493,0.065790,0.019156,-0.002128,0.008514,10.082392,-3.238523,1.533813,0.750905,-0.128362,-0.642383,0.083669,0.007450,-0.001064,0.010642,9.566645,3.182371,2.103881,0.776175,0.190958,-0.600789,-0.011500
0.002727,-0.060541,0.013363,6.518049,-0.114855,7.149754,0.929727,0.018383,-0.361843,0.065808,0.002128,-0.011707,-0.002128,10.160517,-3.229979,1.570434,0.751021,-0.128260,-0.642265,0.083684,0.005321,-0.001064,0.003193,9.529413,3.180540,2.127684,0.776337,0.190871,-0.600608,-0.011411
0.004091,-0.038724,0.026725,6.498906,-0.124427,7.054041,0.929451,0.018417,-0.362508,0.066036,0.003193,-0.008514,0.006385,10.203241,-3.187864,1.573485,0.751115,-0.128028,-0.642214,0.083591,0.002128,-0.001064,0.002128,9.553827,3.204954,2.142333,0.776494,0.190917,-0.600389,-0.011476
0.002454,-0.008454,0.013635,6.508478,-0.143569,6.996614,0.929291,0.018351,-0.362895,0.066185,0.013835,-0.010642,0.005321,10.136713,-3.225706,1.542358,0.751230,-0.127992,-0.642057,0.083826,0.002128,-0.005321,-0.004257,9.504389,3.205564,2.139281,0.776600,0.191081,-0.600197,-0.011659
0.008181,-0.004909,0.003545,6.518049,-0.181855,6.948757,0.929154,0.018287,-0.363228,0.066295,-0.017028,-0.015963,0.008514,10.092157,-3.221434,1.516723,0.750932,-0.128369,-0.642315,0.083937,0.002128,-0.007450,0.005321,9.529413,3.175047,2.119750,0.776553,0.190770,-0.600362,-0.011368
0.004363,-0.011454,-0.000818,6.537191,-0.057428,6.929615,0.929014,0.018540,-0.363588,0.066220,-0.001064,-0.015963,0.013835,10.095209,-3.220213,1.508788,0.750629,-0.128540,-0.642617,0.084075,0.004257,-0.005321,0.007450,9.508051,3.189085,2.098998,0.776358,0.190968,-0.600550,-0.011423
0.002182,-0.025907,0.008999,6.518049,-0.114855,7.025327,0.928811,0.018731,-0.364092,0.066232,0.000000,-0.007450,0.010642,10.200190,-3.143919,1.475219,0.750503,-0.128368,-0.642818,0.083929,0.006385,0.001064,0.000000,9.573969,3.188475,2.103270,0.776189,0.190959,-0.600774,-0.011277
-0.000273,-0.007909,0.004909,6.632905,-0.095713,7.063612,0.928671,0.018867,-0.364446,0.066214,-0.014899,-0.006385,-0.003193,10.159906,-3.161009,1.497192,0.750426,-0.128179,-0.642994,0.083560,0.006385,0.004257,0.004257,9.528193,3.188475,2.119139,0.776370,0.191025,-0.600519,-0.011289
-0.000545,0.013908,-0.016362,6.575477,-0.143569,7.082755,0.928642,0.018654,-0.364540,0.066162,0.007450,-0.005321,0.003193,10.104364,-3.182371,1.517944,0.750543,-0.127890,-0.642927,0.083458,0.003193,0.003193,0.007450,9.537348,3.197020,2.109374,0.776265,0.191274,-0.600574,-0.011396
0.001636,0.008181,-0.015817,6.556334,-0.114855,7.006185,0.928569,0.018837,-0.364751,0.065975,0.007450,-0.013835,0.005321,10.161737,-3.215940,1.508178,0.750339,-0.127694,-0.643215,0.083377,0.001064,0.003193,-0.001064,9.517817,3.210447,2.133788,0.776429,0.191399,-0.600319,-0.011535
0.006818,-0.001636,0.007363,6.546763,-0.133998,7.044470,0.928447,0.018705,-0.365040,0.066132,-0.003193,0.000000,0.011707,10.154413,-3.171995,1.517333,0.750430,-0.127507,-0.643166,0.083217,0.003193,0.004257,-0.004257,9.519037,3.216551,2.117308,0.776469,0.191733,-0.600155,-0.011791
0.005454,0.000273,0.014726,6.556334,-0.133998,7.025327,0.928316,0.018676,-0.365344,0.066297,0.018092,-0.004257,0.002128,10.183100,-3.179930,1.508178,0.750439,-0.127089,-0.643254,0.083093,0.004257,0.004257,0.004257,9.519648,3.202513,2.128295,0.776667,0.191692,-0.599914,-0.011743
0.006000,-0.003545,0.014454,6.546763,-0.143569,7.015756,0.928180,0.018529,-0.365659,0.066510,-0.004257,0.000000,0.018092,10.129389,-3.239744,1.503905,0.750382,-0.127535,-0.643185,0.083461,0.009578,-0.002128,0.001064,9.542841,3.205564,2.138060,0.776812,0.191631,-0.599747,-0.011630
0.008454,-0.001636,0.002727,6.470192,-0.133998,6.948757,0.928075,0.018816,-0.365915,0.066478,-0.011707,-0.001064,0.010642,10.141596,-3.197020,1.536254,0.750538,-0.127572,-0.643002,0.083418,0.010642,-0.001064,0.004257,9.555048,3.220823,2.136840,0.776826,0.191959,-0.599621,-0.011781
0.014999,0.010363,0.006272,6.537191,-0.153141,7.054041,0.928201,0.018705,-0.365566,0.066682,0.023413,-0.007450,0.007450,10.181879,-3.172606,1.532592,0.750627,-0.127158,-0.642980,0.083415,0.009578,0.001064,-0.003193,9.527582,3.203733,2.137450,0.776975,0.191854,-0.599465,-0.011630
0.014454,0.004363,0.015544,6.518049,-0.153141,7.015756,0.928243,0.018434,-0.365410,0.067017,-0.014899,-0.004257,-0.004257,10.092157,-3.212278,1.492309,0.750444,-0.127493,-0.643119,0.083480,0.007450,-0.006385,-0.001064,9.519648,3.168943,2.139891,0.776992,0.191617,-0.599523,-0.011373
0.013090,-0.003000,0.018271,6.594619,-0.153141,7.025327,0.928097,0.018439,-0.365738,0.067251,0.010642,-0.009578,0.005321,10.160517,-3.232420,1.509399,0.750341,-0.127739,-0.643141,0.083857,0.004257,-0.004257,0.001064,9.536737,3.189085,2.090453,0.776783,0.191649,-0.599785,-0.011293
0.007909,-0.006272,0.011454,6.537191,-0.076570,6.977471,0.928019,0.018812,-0.365918,0.067252,0.014899,-0.005321,0.013835,10.143427,-3.209837,1.512450,0.750468,-0.127474,-0.643040,0.083897,0.003193,-0.001064,0.003193,9.567255,3.190916,2.123412,0.776662,0.191465,-0.600006,-0.011052
0.006818,-0.018271,0.004091,6.594619,-0.095713,7.025327,0.927871,0.019150,-0.366284,0.067200,-0.007450,-0.007450,0.006385,10.141596,-3.200682,1.500854,0.750310,-0.127363,-0.643273,0.083692,0.004257,-0.001064,0.001064,9.497675,3.186644,2.128905,0.776817,0.191523,-0.599785,-0.011104
0.002454,0.004091,0.005181,6.604190,-0.143569,6.987042,0.927761,0.019111,-0.366552,0.067271,0.018092,0.001064,0.001064,10.123285,-3.204344,1.500854,0.750230,-0.127417,-0.643323,0.083945,0.005321,0.001064,0.006385,9.527582,3.206175,2.146605,0.776973,0.191599,-0.599558,-0.011136
0.008727,0.007090,0.002454,6.470192,-0.133998,7.015756,0.927904,0.019149,-0.366174,0.067341,0.002128,-0.010642,0.005321,10.110468,-3.211668,1.552734,0.750342,-0.127410,-0.643180,0.084055,0.006385,0.002128,-0.003193,9.538568,3.221434,2.129515,0.776890,0.191963,-0.599546,-0.011343
0.007909,0.003545,0.002454,6.518049,-0.172283,7.044470,0.927999,0.018958,-0.365916,0.067495,-0.018092,-0.008514,0.001064,10.122675,-3.229979,1.568603,0.750438,-0.127565,-0.643040,0.084031,0.007450,-0.006385,0.006385,9.549555,3.187254,2.139891,0.776897,0.191679,-0.599633,-0.011022
0.002182,0.007090,0.002182,6.508478,-0.124427,7.044470,0.928143,0.019031,-0.365545,0.067501,0.017028,-0.010642,0.006385,10.117792,-3.223875,1.502074,0.750276,-0.127751,-0.643141,0.084424,0.009578,-0.002128,0.000000,9.449457,3.229368,2.128905,0.776911,0.192020,-0.599502,-0.011212
0.007363,0.001364,0.010908,6.565906,-0.076570,6.996614,0.928071,0.019355,-0.365710,0.067512,-0.003193,-0.002128,0.008514,10.140985,-3.243406,1.510009,0.750280,-0.128097,-0.643027,0.084725,0.002128,0.007450,0.023413,9.602655,3.226927,2.146605,0.776826,0.191744,-0.599708,-0.010829
0.009545,0.008181,0.010363,6.575477,-0.114855,7.006185,0.927980,0.019533,-0.365915,0.067590,-0.005321,-0.011707,0.010642,10.181269,-3.161619,1.514892,0.750234,-0.127897,-0.643147,0.084528,0.007450,0.001064,-0.027670,9.592279,3.191526,2.069091,0.776640,0.191969,-0.599875,-0.010939
0.003818,0.010908,0.002727,6.546763,-0.162712,7.006185,0.927961,0.019215,-0.365950,0.067763,0.000000,-0.008514,0.006385,10.121454,-3.203123,1.511230,0.750300,-0.127661,-0.643136,0.084380,0.004257,0.004257,0.012771,9.408564,3.099364,2.068480,0.776572,0.191703,-0.600054,-0.010587
0.011454,-0.001636,0.001364,6.527620,-0.191426,6.881758,0.927841,0.019146,-0.366234,0.067882,-0.005321,-0.006385,0.003193,10.148920,-3.215330,1.516723,0.750408,-0.127487,-0.643066,0.084220,0.003193,-0.006385,0.020220,9.567865,3.240965,2.120360,0.776464,0.191906,-0.600127,-0.010658
0.000545,0.009272,0.005181,6.642476,-0.143569,6.977471,0.927750,0.019125,-0.366456,0.067932,0.001064,-0.007450,0.001064,10.111078,-3.220213,1.500854,0.750235,-0.127750,-0.643185,0.084451,0.001064,-0.002128,-0.023413,9.593500,3.151243,2.106322,0.776375,0.191814,-0.600273,-0.010607
-0.003545,0.031634,-0.006545,6.613762,-0.133998,7.015756,0.927752,0.019142,-0.366468,0.067843,0.010642,-0.005321,0.002128,10.166010,-3.184202,1.495971,0.750190,-0.127406,-0.643327,0.084286,0.004257,0.007450,0.008514,9.506220,3.165281,2.149657,0.776588,0.191657,-0.600052,-0.010440
0.002454,0.018817,-0.000818,6.527620,-0.162712,7.101898,0.927934,0.019038,-0.366002,0.067896,-0.005321,-0.003193,0.005321,10.183710,-3.151854,1.506347,0.750192,-0.127181,-0.643403,0.084036,0.005321,-0.012771,0.000000,9.533686,3.233030,2.117919,0.776465,0.192000,-0.600096,-0.010681
0.011181,-0.016635,0.010908,6.479764,-0.086142,7.015756,0.927960,0.019353,-0.365911,0.067943,0.014899,-0.002128,-0.002128,10.079950,-3.222654,1.555175,0.750365,-0.127108,-0.643191,0.084221,0.004257,-0.008514,0.001064,9.543451,3.206785,2.026976,0.776226,0.192111,-0.600370,-0.010676
0.008999,-0.023998,0.018271,6.518049,-0.057428,6.967899,0.927837,0.019749,-0.366192,0.067997,0.001064,-0.011707,0.000000,10.091547,-3.182371,1.508178,0.750432,-0.126835,-0.643189,0.084055,0.003193,0.004257,-0.009578,9.500727,3.190916,2.135009,0.776423,0.192165,-0.600097,-0.010758
0.007636,-0.010908,0.001636,6.470192,-0.162712,6.920043,0.927749,0.019470,-0.366396,0.068176,0.004257,-0.003193,0.005321,10.223383,-3.165892,1.482543,0.750321,-0.126626,-0.643378,0.083908,0.001064,0.010642,0.007450,9.474482,3.233030,2.198485,0.776651,0.192178,-0.599798,-0.010769
0.003545,-0.014999,0.000273,6.527620,-0.162712,7.034899,0.927780,0.019265,-0.366307,0.068288,0.008514,-0.002128,0.012771,10.139765,-3.244017,1.549682,0.750443,-0.126777,-0.643164,0.084226,0.007450,-0.003193,0.002128,9.525751,3.190916,2.053221,0.776438,0.192268,-0.600045,-0.010693
0.001909,-0.026725,0.000273,6.585048,-0.114855,7.034899,0.927624,0.019619,-0.366706,0.068165,-0.006385,-0.007450,0.008514,10.064692,-3.203733,1.554565,0.750553,-0.126903,-0.642996,0.084340,0.007450,0.004257,0.019156,9.504999,3.145140,2.114257,0.776494,0.191908,-0.600096,-0.010246
0.007909,-0.026453,0.003000,6.585048,-0.143569,7.015756,0.927414,0.019524,-0.367220,0.068284,-0.003193,-0.007450,-0.002128,10.106806,-3.167723,1.509399,0.750547,-0.126608,-0.643098,0.084055,0.008514,-0.007450,-0.017028,9.632563,3.257444,2.199706,0.776595,0.192131,-0.599890,-0.010444
0.012545,-0.003000,0.004909,6.623333,-0.143569,6.967899,0.927276,0.019602,-0.367547,0.068381,0.014899,-0.005321,0.011707,10.161127,-3.176878,1.539916,0.750682,-0.126344,-0.642988,0.084093,0.007450,-0.006385,-0.005321,9.521479,3.237913,2.091063,0.776415,0.192481,-0.600008,-0.010634
0.013908,0.000000,0.010636,6.613762,-0.143569,6.977471,0.927144,0.019649,-0.367846,0.068545,-0.017028,-0.007450,0.005321,10.176386,-3.171995,1.504516,0.750537,-0.126267,-0.643211,0.083799,0.007450,0.005321,0.014899,9.487299,3.161009,2.089232,0.776324,0.192262,-0.600202,-0.010265
0.003000,0.018271,0.007363,6.556334,-0.124427,6.987042,0.927299,0.019890,-0.367446,0.068530,0.013835,-0.010642,0.008514,10.109858,-3.191526,1.506347,0.750449,-0.126506,-0.643210,0.084226,0.011707,-0.003193,-0.001064,9.530634,3.182981,2.128295,0.776452,0.192191,-0.600062,-0.010122
0.003818,0.007636,0.001364,6.575477,-0.095713,6.967899,0.927249,0.020194,-0.367571,0.068446,0.001064,-0.006385,0.002128,10.174555,-3.229368,1.533202,0.750552,-0.126622,-0.643044,0.084407,0.010642,-0.003193,-0.005321,9.535517,3.213499,2.111205,0.776334,0.192603,-0.600078,-0.010334
0.004091,0.011454,-0.001091,6.594619,-0.133998,6.939186,0.927169,0.020193,-0.367768,0.068465,-0.012771,-0.009578,0.021285,10.179438,-3.162840,1.527709,0.750532,-0.126549,-0.643102,0.084251,0.007450,-0.003193,-0.009578,9.521479,3.202513,2.095946,0.776126,0.192864,-0.600263,-0.010437
0.002454,0.023998,-0.006818,6.632905,-0.105284,6.987042,0.927150,0.020358,-0.367827,0.068361,0.015963,-0.010642,0.006385,10.145258,-3.158567,1.503905,0.750466,-0.126181,-0.643264,0.084156,0.004257,0.005321,0.013835,9.550165,3.167723,2.135009,0.776276,0.192552,-0.600174,-0.010111
0.000818,0.031907,-0.001636,6.632905,-0.143569,6.987042,0.927151,0.020234,-0.367824,0.068399,-0.006385,-0.007450,0.012771,10.147089,-3.208006,1.501464,0.750229,-0.126503,-0.643452,0.084347,0.006385,-0.001064,-0.001064,9.495844,3.179319,2.105712,0.776401,0.192371,-0.600073,-0.009929
0.001364,0.053451,0.001364,6.575477,-0.162712,6.958328,0.927263,0.019925,-0.367534,0.068537,-0.003193,-0.005321,0.005321,10.115351,-3.168943,1.485595,0.750109,-0.126332,-0.643652,0.084144,0.008514,-0.002128,0.005321,9.535517,3.230589,2.113646,0.776344,0.192708,-0.600036,-0.010090
0.000545,0.070359,-0.002727,6.556334,-0.114855,6.948757,0.927418,0.020064,-0.367150,0.068457,0.006385,-0.005321,0.002128,10.181879,-3.174437,1.517944,0.750202,-0.126019,-0.643624,0.083996,0.008514,0.001064,-0.007450,9.573359,3.177488,2.102660,0.776233,0.192615,-0.600213,-0.009886
-0.004909,0.095720,-0.007636,6.508478,-0.124427,6.977471,0.927895,0.019961,-0.365957,0.068398,-0.014899,-0.006385,0.014899,10.178217,-3.189695,1.531371,0.750315,-0.126087,-0.643485,0.083955,0.011707,0.003193,0.004257,9.531855,3.199461,2.140502,0.776408,0.192653,-0.599976,-0.009813
-0.008999,0.116719,-0.012272,6.508478,-0.143569,7.015756,0.928426,0.019621,-0.364634,0.068363,0.006385,-0.003193,0.029799,10.109858,-3.226316,1.513061,0.750318,-0.126489,-0.643335,0.084474,0.010642,0.004257,0.007450,9.493402,3.173216,2.122802,0.776586,0.192537,-0.599785,-0.009609
-0.010908,0.129263,-0.013908,6.556334,-0.124427,7.063612,0.928814,0.019702,-0.363684,0.068132,0.001064,-0.002128,0.012771,10.162958,-3.156736,1.536254,0.750429,-0.126299,-0.643254,0.084383,0.012771,-0.003193,0.011707,9.543451,3.211668,2.150878,0.776707,0.192623,-0.599602,-0.009551
-0.000545,0.142899,0.000545,6.527620,-0.162712,7.073184,0.929326,0.019225,-0.362365,0.068308,-0.013835,-0.007450,0.005321,10.192255,-3.178709,1.500243,0.750293,-0.126193,-0.643470,0.084106,0.006385,-0.002128,-0.007450,9.594110,3.237913,2.130126,0.776591,0.193009,-0.599624,-0.009795
0.003000,0.171806,0.002727,6.470192,-0.133998,7.063612,0.930061,0.019041,-0.360466,0.068413,0.014899,-0.007450,0.009578,10.148920,-3.225096,1.512450,0.750288,-0.126404,-0.643378,0.084537,0.005321,0.000000,-0.012771,9.569696,3.190306,2.111205,0.776454,0.192968,-0.599817,-0.009683
-0.002454,0.169079,-0.013090,6.422336,-0.124427,7.054041,0.930682,0.019322,-0.358890,0.068170,0.007450,-0.007450,0.015963,10.117182,-3.223265,1.496581,0.750141,-0.126735,-0.643430,0.084949,0.004257,0.000000,0.000000,9.528193,3.156736,2.094115,0.776349,0.192792,-0.600014,-0.009447
-0.007363,0.125991,-0.006545,6.288338,-0.153141,7.092326,0.931251,0.019073,-0.357428,0.068154,-0.008514,-0.001064,0.007450,10.140985,-3.201902,1.510009,0.750249,-0.126581,-0.643360,0.084752,0.007450,0.000000,0.003193,9.507441,3.209837,2.086180,0.776194,0.193072,-0.600122,-0.009537
-0.005727,0.086721,-0.006545,6.336195,-0.095713,7.178468,0.931682,0.019071,-0.356319,0.068059,0.023413,0.002128,0.005321,10.171503,-3.182371,1.530151,0.750427,-0.126185,-0.643230,0.084750,0.006385,0.000000,0.004257,9.525751,3.208006,2.116698,0.776309,0.193253,-0.599913,-0.009643
-0.006545,0.098447,-0.011726,6.451050,-0.114855,7.140183,0.931927,0.019068,-0.355707,0.067911,-0.012771,-0.004257,0.008514,10.156855,-3.173826,1.520995,0.750467,-0.126039,-0.643245,0.084499,0.006385,0.001064,0.007450,9.561152,3.208616,2.116088,0.776188,0.193081,-0.600129,-0.009354
-0.006818,0.103356,-0.011181,6.422336,-0.162712,7.140183,0.932205,0.018752,-0.355000,0.067885,0.000000,-0.007450,0.006385,10.143427,-3.170774,1.558837,0.750596,-0.125922,-0.643121,0.084476,0.004257,-0.005321,0.005321,9.545282,3.212278,2.126464,0.776301,0.193178,-0.599951,-0.009430
-0.004909,0.111810,-0.016090,6.297909,-0.124427,7.168897,0.932731,0.018677,-0.353646,0.067745,0.012771,-0.001064,0.009578,10.165400,-3.196409,1.539306,0.750783,-0.125766,-0.642919,0.084580,0.000000,0.000000,0.000000,9.508051,3.223265,2.119750,0.776379,0.193411,-0.599771,-0.009656
-0.007363,0.104720,-0.012817,6.326623,-0.105284,7.140183,0.933054,0.018903,-0.352828,0.067496,-0.009578,-0.010642,0.009578,10.147089,-3.176878,1.514281,0.750638,-0.125644,-0.643142,0.084362,0.002128,-0.002128,-0.002128,9.523310,3.208006,2.135009,0.776539,0.193424,-0.599559,-0.009710
-0.001636,0.090266,0.001636,6.355337,-0.162712,7.178468,0.933298,0.018519,-0.352177,0.067635,0.011707,-0.009578,0.011707,10.123896,-3.180540,1.504516,0.750420,-0.125553,-0.643406,0.084422,0.003193,0.004257,0.000000,9.533686,3.233030,2.108763,0.776448,0.193727,-0.599576,-0.009884
0.000545,0.077449,0.000000,6.355337,-0.133998,7.178468,0.933453,0.018422,-0.351764,0.067668,0.008514,-0.009578,0.010642,10.163568,-3.166502,1.530761,0.750509,-0.125306,-0.643354,0.084394,0.005321,0.001064,0.003193,9.486078,3.200682,2.133788,0.776625,0.193695,-0.599359,-0.009839
-0.000818,0.079631,0.002454,6.336195,-0.153141,7.168897,0.933625,0.018182,-0.351303,0.067765,-0.007450,-0.007450,0.011707,10.166620,-3.194578,1.503905,0.750255,-0.125494,-0.643607,0.084442,0.009578,-0.003193,0.007450,9.512323,3.167112,2.128295,0.776663,0.193426,-0.599401,-0.009500
0.002454,0.111537,-0.004363,6.317052,-0.143569,7.178468,0.933905,0.018026,-0.350558,0.067795,0.012771,-0.005321,0.013835,10.117182,-3.273314,1.557616,0.750323,-0.125681,-0.643438,0.084847,0.009578,-0.003193,0.003193,9.520258,3.229979,2.133178,0.776706,0.193712,-0.599252,-0.009649
-0.004636,0.161988,-0.006545,6.278767,-0.133998,7.331609,0.934594,0.017874,-0.348734,0.067757,-0.008514,-0.010642,0.003193,10.105585,-3.209227,1.517944,0.750348,-0.125942,-0.643333,0.085032,0.009578,0.000000,-0.008514,9.550165,3.172606,2.143553,0.776774,0.193545,-0.599221,-0.009436
-0.006000,0.160352,-0.013363,6.307480,-0.153141,7.140183,0.935045,0.017710,-0.347549,0.067655,0.004257,-0.009578,0.006385,10.203241,-3.170164,1.508178,0.750275,-0.125662,-0.643495,0.084860,0.011707,-0.004257,0.001064,9.557489,3.169554,2.107543,0.776625,0.193426,-0.599456,-0.009159
-0.010636,0.133081,-0.004363,6.307480,-0.105284,7.178468,0.935402,0.017643,-0.346611,0.067558,0.008514,-0.002128,0.021285,10.140985,-3.215940,1.470946,0.750069,-0.125868,-0.643658,0.085142,0.012771,-0.003193,0.005321,9.562983,3.166502,2.092284,0.776450,0.193344,-0.599713,-0.008875
-0.007909,0.111810,-0.004091,6.269196,-0.057428,7.235896,0.935731,0.017815,-0.345745,0.067397,-0.014899,-0.001064,0.014899,10.107416,-3.225706,1.489257,0.749939,-0.126367,-0.643678,0.085396,0.007450,0.004257,-0.004257,9.476923,3.169554,2.093505,0.776297,0.193374,-0.599904,-0.008755
-0.004363,0.091902,0.006545,6.221339,-0.181855,7.360322,0.936122,0.017423,-0.344672,0.067560,0.003193,-0.004257,0.018092,10.117792,-3.214109,1.508788,0.750077,-0.126470,-0.643467,0.085627,0.007450,0.002128,0.012771,9.525141,3.191526,2.098387,0.776118,0.193465,-0.600108,-0.008641
0.004909,0.076631,0.026453,6.163911,-0.200997,7.312466,0.936424,0.017008,-0.343793,0.067956,0.006385,-0.001064,0.003193,10.114740,-3.215330,1.547240,0.750260,-0.126403,-0.643254,0.085716,0.005321,0.003193,-0.018092,9.583735,3.219603,2.147216,0.776298,0.193624,-0.599820,-0.008809
0.006272,0.099811,0.006000,6.297909,-0.162712,7.369894,0.936650,0.016871,-0.343160,0.068087,-0.008514,-0.003193,0.002128,10.141596,-3.247068,1.522216,0.750309,-0.126696,-0.643114,0.085907,0.006385,0.004257,-0.009578,9.534296,3.159788,2.149047,0.776463,0.193514,-0.599644,-0.008702
0.004909,0.131172,-0.010908,6.135197,-0.153141,7.360322,0.937218,0.016802,-0.341615,0.068049,0.007450,0.002128,-0.001064,10.134272,-3.238523,1.518554,0.750449,-0.126807,-0.642898,0.086137,0.010642,0.001064,0.005321,9.490961,3.206175,2.144774,0.776610,0.193633,-0.599415,-0.008706
0.000273,0.110447,-0.010090,6.154340,-0.153141,7.389036,0.937711,0.016663,-0.340274,0.068014,0.007450,0.007450,0.004257,10.150751,-3.196409,1.541137,0.750639,-0.126525,-0.642749,0.086014,0.012771,-0.002128,-0.002128,9.520868,3.250120,2.121581,0.776566,0.194041,-0.599337,-0.008902
0.002182,0.066813,-0.006000,6.125626,-0.124427,7.264609,0.937836,0.016788,-0.339941,0.067927,-0.007450,-0.003193,0.005321,10.133661,-3.159788,1.531982,0.750680,-0.126315,-0.642776,0.085763,0.010642,0.003193,-0.009578,9.584345,3.199461,2.127684,0.776541,0.193899,-0.599419,-0.008657
0.001909,0.042542,0.008181,6.116055,-0.095713,7.408179,0.938066,0.016987,-0.339293,0.067933,0.010642,-0.001064,0.003193,10.159906,-3.191526,1.514281,0.750640,-0.125996,-0.642905,0.085609,0.011707,0.005321,0.011707,9.444574,3.212889,2.117308,0.776633,0.194149,-0.599218,-0.008709
-0.000273,0.055905,0.016362,6.221339,-0.200997,7.436893,0.938173,0.016588,-0.338964,0.068203,0.006385,-0.002128,0.012771,10.171503,-3.214720,1.557006,0.750810,-0.125920,-0.642708,0.085709,0.008514,0.000000,0.006385,9.537958,3.235472,2.108763,0.776494,0.194441,-0.599303,-0.008793
0.001364,0.078540,0.007363,6.173482,-0.181855,7.408179,0.938355,0.016236,-0.338438,0.068391,0.005321,-0.002128,0.006385,10.153803,-3.231199,1.569213,0.750974,-0.125933,-0.642493,0.085862,0.003193,0.008514,-0.018092,9.553217,3.173826,2.161254,0.776682,0.194342,-0.599092,-0.008747
0.007363,0.083994,0.002727,6.087341,-0.133998,7.302895,0.938535,0.016397,-0.337931,0.068395,0.004257,-0.012771,-0.005321,10.167231,-3.207396,1.547851,0.751040,-0.125597,-0.642507,0.085674,0.003193,-0.003193,0.003193,9.548334,3.201292,2.117919,0.776543,0.194166,-0.599333,-0.008516
0.004636,0.070086,0.007636,6.106483,-0.095713,7.369894,0.938736,0.016725,-0.337362,0.068365,-0.009578,-0.009578,0.000000,10.133051,-3.189085,1.510009,0.750821,-0.125549,-0.642799,0.085477,0.003193,-0.003193,0.009578,9.489130,3.216551,2.127684,0.776635,0.194311,-0.599165,-0.008619
0.001364,0.057269,0.008454,6.116055,-0.114855,7.331609,0.938820,0.016819,-0.337115,0.068402,-0.001064,-0.008514,0.015963,10.151361,-3.198240,1.526488,0.750749,-0.125367,-0.642937,0.085341,0.004257,-0.006385,0.005321,9.536127,3.186033,2.111815,0.776498,0.194094,-0.599417,-0.008348
0.004636,0.076904,-0.000273,6.087341,-0.200997,7.389036,0.939053,0.016440,-0.336452,0.068561,0.004257,-0.007450,0.018092,10.145258,-3.189695,1.519164,0.750631,-0.125202,-0.643116,0.085273,0.004257,0.003193,-0.002128,9.559320,3.211668,2.123412,0.776494,0.194439,-0.599307,-0.008584
0.008727,0.072813,0.001636,6.125626,-0.172283,7.456035,0.939247,0.016119,-0.335890,0.068741,-0.013835,-0.006385,-0.004257,10.147089,-3.165281,1.525268,0.750654,-0.124976,-0.643179,0.084915,0.008514,0.002128,-0.007450,9.577631,3.225096,2.135009,0.776669,0.194490,-0.599063,-0.008596
0.011999,0.057814,0.010636,6.068198,-0.153141,7.331609,0.939318,0.016167,-0.335658,0.068884,0.005321,-0.009578,0.001064,10.145868,-3.189695,1.506957,0.750413,-0.124983,-0.643454,0.084955,0.008514,0.001064,0.003193,9.488520,3.197630,2.122191,0.776840,0.194484,-0.598845,-0.008534
0.008727,0.074176,0.007909,6.039485,-0.105284,7.350751,0.939511,0.016504,-0.335102,0.068879,0.007450,-0.005321,0.009578,10.101923,-3.193968,1.499633,0.750274,-0.125270,-0.643514,0.085307,0.006385,-0.003193,0.012771,9.531855,3.212889,2.124633,0.776631,0.194569,-0.599088,-0.008439
0.009272,0.067904,0.006000,6.020342,-0.181855,7.456035,0.939820,0.016298,-0.334207,0.069061,-0.002128,-0.004257,0.007450,10.178217,-3.190916,1.494140,0.750103,-0.125194,-0.643744,0.085189,0.007450,-0.006385,-0.002128,9.581293,3.194578,2.123412,0.776522,0.194383,-0.599294,-0.008185
0.009817,0.057269,0.001636,6.096912,-0.153141,7.513463,0.940105,0.016163,-0.333385,0.069185,0.020220,-0.007450,0.004257,10.179438,-3.167112,1.517944,0.750180,-0.124777,-0.643742,0.085132,0.006385,0.003193,-0.002128,9.494623,3.219603,2.119139,0.776587,0.194700,-0.599104,-0.008394
0.006545,0.043906,0.011726,6.096912,-0.143569,7.427321,0.940132,0.016213,-0.333285,0.069301,0.005321,-0.008514,0.007450,10.154413,-3.206175,1.536254,0.750291,-0.124837,-0.643574,0.085339,0.009578,0.000000,0.003193,9.497675,3.217772,2.103881,0.776446,0.195021,-0.599181,-0.008498
0.008454,0.037361,-0.001091,6.087341,-0.172283,7.446464,0.940146,0.016161,-0.333234,0.069361,0.002128,-0.003193,0.001064,10.137934,-3.214109,1.539306,0.750421,-0.124930,-0.643382,0.085507,0.010642,0.005321,-0.006385,9.580683,3.225096,2.131346,0.776558,0.194857,-0.599093,-0.008263
0.004909,0.027816,0.000000,5.962914,-0.191426,7.398608,0.940276,0.015839,-0.332852,0.069506,0.012771,-0.004257,0.004257,10.101923,-3.233641,1.550902,0.750528,-0.125017,-0.643200,0.085810,0.011707,-0.005321,0.006385,9.524530,3.188475,2.150267,0.776668,0.194724,-0.598995,-0.008052
0.010908,0.020180,0.000545,6.049056,-0.133998,7.465607,0.940281,0.016237,-0.332832,0.069439,-0.005321,-0.009578,0.005321,10.147699,-3.234861,1.547240,0.750582,-0.125236,-0.643069,0.086006,0.012771,-0.002128,0.001064,9.552607,3.218992,2.124633,0.776483,0.195043,-0.599131,-0.008114
0.012817,-0.001364,-0.000818,6.029913,-0.114855,7.494320,0.940340,0.016679,-0.332659,0.069363,-0.003193,-0.007450,0.012771,10.159296,-3.200071,1.572265,0.750706,-0.125238,-0.642916,0.086061,0.010642,0.004257,-0.014899,9.553217,3.225706,2.098998,0.776308,0.195325,-0.599265,-0.008192
0.010363,-0.019090,0.007909,6.058627,-0.114855,7.417750,0.940169,0.016924,-0.333120,0.069410,0.004257,-0.004257,0.019156,10.155634,-3.189695,1.541747,0.750814,-0.125078,-0.642821,0.086059,0.009578,0.006385,-0.005321,9.498285,3.192137,2.134398,0.776498,0.195272,-0.599037,-0.008085
0.012545,-0.037634,0.003545,6.039485,-0.172283,7.446464,0.939980,0.016727,-0.333626,0.069593,-0.004257,-0.006385,0.017028,10.121454,-3.200682,1.528319,0.750941,-0.125154,-0.642643,0.086172,0.007450,-0.003193,0.003193,9.495844,3.209227,2.138060,0.776644,0.195272,-0.598849,-0.008049
0.016635,-0.043088,0.001364,6.029913,-0.095713,7.446464,0.939854,0.017282,-0.333966,0.069523,-0.003193,-0.011707,0.000000,10.122065,-3.198851,1.539916,0.751045,-0.125019,-0.642559,0.086089,0.008514,0.001064,0.001064,9.525751,3.270262,2.135009,0.776675,0.195602,-0.598698,-0.008232
0.013635,-0.048269,-0.000545,6.068198,-0.143569,7.427321,0.939579,0.017369,-0.334724,0.069580,0.005321,-0.013835,0.007450,10.205072,-3.184202,1.539306,0.750955,-0.124729,-0.642741,0.085937,0.006385,-0.001064,-0.007450,9.550165,3.229979,2.127684,0.776563,0.195482,-0.598885,-0.008040
0.011999,-0.052360,0.001909,6.144769,-0.143569,7.398608,0.939286,0.017501,-0.335526,0.069630,-0.007450,-0.012771,0.008514,10.166620,-3.176268,1.512450,0.750742,-0.124655,-0.643026,0.085774,0.005321,-0.001064,-0.009578,9.527582,3.211058,2.117919,0.776509,0.195308,-0.599015,-0.007838
0.008181,-0.062723,0.004091,6.058627,-0.143569,7.436893,0.939162,0.017393,-0.335852,0.069763,0.012771,-0.007450,0.017028,10.120844,-3.186033,1.544189,0.750882,-0.124595,-0.642844,0.085992,0.010642,-0.002128,0.006385,9.554438,3.223265,2.109374,0.776296,0.195435,-0.599251,-0.007740
0.009545,-0.062450,0.004363,6.106483,-0.105284,7.465607,0.938970,0.017883,-0.336377,0.069693,-0.009578,-0.012771,0.005321,10.165400,-3.217772,1.516112,0.750603,-0.124849,-0.643110,0.086074,0.017028,0.007450,-0.006385,9.495234,3.214720,2.119139,0.776460,0.195697,-0.598951,-0.007803
0.010363,-0.057541,0.002454,6.116055,-0.143569,7.360322,0.938660,0.017951,-0.337225,0.069761,-0.001064,-0.008514,0.010642,10.192255,-3.204344,1.511840,0.750395,-0.124802,-0.643372,0.086006,0.024477,-0.002128,-0.009578,9.557489,3.265379,2.145385,0.776510,0.196131,-0.598743,-0.007932
0.008181,-0.056450,0.002727,6.135197,-0.153141,7.398608,0.938363,0.017877,-0.338031,0.069866,0.003193,-0.007450,0.017028,10.137934,-3.211668,1.551513,0.750510,-0.124905,-0.643185,0.086241,0.029799,-0.001064,0.010642,9.573969,3.234251,2.111815,0.776283,0.196242,-0.599006,-0.007569
0.011454,-0.069813,0.006818,6.087341,-0.086142,7.398608,0.938184,0.018332,-0.338510,0.069842,-0.006385,-0.011707,0.011707,10.178217,-3.199461,1.545409,0.750591,-0.124831,-0.643112,0.086187,0.032991,0.002128,0.001064,9.532465,3.229368,2.139281,0.776410,0.196446,-0.598776,-0.007381
0.016908,-0.070359,0.011181,6.087341,-0.086142,7.389036,0.938013,0.018786,-0.338948,0.069890,-0.004257,-0.013835,0.012771,10.175776,-3.198240,1.517333,0.750397,-0.124723,-0.643378,0.086054,0.032991,-0.011707,-0.025542,9.519648,3.264769,2.130126,0.776352,0.197088,-0.598639,-0.007631
0.014999,-0.083449,0.003818,6.183053,-0.191426,7.293324,0.937621,0.018792,-0.340002,0.070024,-0.008514,-0.012771,0.005321,10.136713,-3.217161,1.542358,0.750455,-0.124897,-0.643259,0.086183,0.031927,-0.010642,-0.042569,9.541620,3.282469,2.072142,0.776061,0.197790,-0.598779,-0.007908
0.014454,-0.093539,0.003818,6.269196,-0.162712,7.350751,0.937185,0.018883,-0.341177,0.070125,-0.023413,-0.022349,0.025542,10.183100,-3.247679,1.517944,0.750171,-0.125512,-0.643429,0.086491,0.035120,0.014899,-0.109616,9.508661,3.325804,2.072753,0.775973,0.199006,-0.598480,-0.008732
0.010363,-0.098993,0.004636,6.230910,-0.095713,7.235896,0.936730,0.019111,-0.342406,0.070154,-0.001064,-0.012771,0.028734,10.102533,-3.267210,1.497192,0.749991,-0.125992,-0.643481,0.086965,0.051083,0.018092,-0.076625,9.431147,3.206785,2.087401,0.776013,0.199560,-0.598243,-0.008738
0.003272,-0.066813,-0.001091,6.307480,-0.172283,7.283752,0.936388,0.019091,-0.343335,0.070177,-0.025542,-0.010642,0.035120,10.127558,-3.272093,1.518554,0.749907,-0.126655,-0.643401,0.087325,0.063854,0.018092,-0.008514,9.437250,3.236082,1.990355,0.775817,0.200113,-0.598318,-0.008329
-0.000273,-0.051814,-0.009272,6.202196,-0.114855,7.168897,0.936102,0.019188,-0.344133,0.070066,-0.047890,-0.015963,0.040441,10.087275,-3.234861,1.568603,0.749893,-0.127220,-0.643300,0.087362,0.076625,0.042569,-0.015963,9.503778,3.298948,2.040404,0.775737,0.200900,-0.598164,-0.007928
-0.000545,-0.050451,0.002727,6.202196,-0.066999,7.149754,0.935824,0.019369,-0.344888,0.070019,-0.040441,-0.011707,0.051083,10.137323,-3.231810,1.516112,0.749844,-0.127567,-0.643299,0.087289,0.088331,0.046826,-0.014899,9.370722,3.349607,2.175902,0.775989,0.201773,-0.597547,-0.007556
0.000545,-0.026180,-0.007636,6.259624,-0.095713,7.341180,0.935706,0.019774,-0.345227,0.069813,-0.056404,-0.012771,0.045762,10.112299,-3.197630,1.543578,0.749808,-0.128046,-0.643267,0.087129,0.096845,0.063854,0.004257,9.385370,3.391111,2.116088,0.776238,0.202752,-0.596899,-0.007051
0.000273,-0.015272,-0.008727,6.154340,-0.076570,7.456035,0.935775,0.019859,-0.345054,0.069716,-0.046826,-0.010642,0.036184,10.131830,-3.228148,1.471557,0.749540,-0.128438,-0.643530,0.086912,0.104295,0.072368,-0.022349,9.501947,3.469236,2.307738,0.776613,0.203776,-0.596067,-0.006575
0.002727,-0.052633,-0.004909,6.116055,-0.095713,7.456035,0.935712,0.019933,-0.345229,0.069673,-0.040441,-0.003193,0.038312,10.181879,-3.198240,1.508788,0.749503,-0.128687,-0.643553,0.086693,0.106423,0.039377,0.014899,9.595942,3.454588,2.293700,0.776797,0.204559,-0.595566,-0.005839
0.009545,-0.106083,0.009817,6.173482,-0.200997,7.322037,0.935390,0.019737,-0.346066,0.069897,-0.040441,-0.011707,0.029799,10.201410,-3.215940,1.489867,0.749358,-0.128883,-0.643721,0.086409,0.107487,0.029799,0.005321,9.508661,3.352049,2.151488,0.776930,0.205355,-0.595125,-0.005151
0.013635,-0.128445,0.007363,6.192625,-0.162712,7.178468,0.934854,0.019654,-0.347478,0.070088,-0.013835,-0.017028,0.034055,10.056147,-3.343504,1.459960,0.749125,-0.129488,-0.643812,0.086845,0.112809,0.039377,0.015963,9.411005,3.425901,2.219237,0.777074,0.206260,-0.594629,-0.004429
0.009272,-0.118355,0.003545,6.250053,-0.153141,7.207182,0.934346,0.019568,-0.348821,0.070219,-0.005321,-0.009578,0.035120,10.111078,-3.320311,1.414794,0.748843,-0.129899,-0.644014,0.087166,0.113873,0.010642,0.018092,9.498285,3.358763,2.169188,0.777082,0.206988,-0.594371,-0.003609
0.007090,-0.103356,0.004091,6.345766,-0.162712,7.130611,0.933865,0.019611,-0.350090,0.070290,-0.022349,-0.008514,0.030863,10.154413,-3.229979,1.430663,0.748645,-0.130047,-0.644231,0.087043,0.106423,0.004257,-0.047890,9.524530,3.362425,2.135009,0.776712,0.208091,-0.594472,-0.003272
0.007909,-0.106901,0.008727,6.460621,-0.133998,7.149754,0.933365,0.019729,-0.351397,0.070376,0.005321,-0.002128,0.025542,10.113520,-3.293455,1.464843,0.748804,-0.130056,-0.644019,0.087229,0.089396,0.010642,-0.089396,9.508051,3.344725,2.134398,0.776640,0.209016,-0.594242,-0.003172
0.014999,-0.088630,0.008454,6.393622,-0.124427,7.121040,0.932926,0.019914,-0.352527,0.070483,-0.015963,-0.005321,0.029799,10.215448,-3.281858,1.451415,0.748626,-0.130165,-0.644216,0.087143,0.074496,0.100038,-0.059597,9.505610,3.368528,2.182616,0.777252,0.209814,-0.593161,-0.002927
0.020726,-0.066541,0.012817,6.384051,-0.133998,7.092326,0.932560,0.020090,-0.353448,0.070667,-0.015963,-0.018092,0.040441,10.198969,-3.292234,1.450194,0.748348,-0.130344,-0.644500,0.087162,0.054276,0.235195,-0.046826,9.348749,3.303831,2.197875,0.778700,0.210356,-0.591069,-0.002396
0.027543,-0.058632,0.008999,6.441479,-0.162712,7.140183,0.932226,0.020251,-0.354279,0.070874,0.005321,-0.023413,0.040441,10.162348,-3.348997,1.481933,0.748276,-0.130727,-0.644428,0.087732,0.046826,0.229874,-0.040441,9.568476,3.228148,2.238768,0.780006,0.210662,-0.589238,-0.001709
0.021544,-0.069540,0.015817,6.345766,-0.095713,7.140183,0.931917,0.020783,-0.355042,0.070955,-0.011707,-0.037248,0.065982,10.203852,-3.288572,1.452636,0.747943,-0.130933,-0.644745,0.087941,0.050019,0.181984,-0.028734,9.489740,3.270262,2.072753,0.780820,0.211128,-0.587992,-0.001119
0.019362,-0.075267,0.023180,6.326623,-0.076570,7.054041,0.931542,0.021177,-0.355967,0.071130,0.010642,-0.026606,0.073432,10.133661,-3.236692,1.414184,0.747674,-0.131051,-0.644978,0.088346,0.044698,0.121322,0.007450,9.431757,3.258665,2.154540,0.781319,0.211266,-0.587281,-0.000356
0.023453,-0.053178,0.024271,6.336195,-0.009571,7.054041,0.931307,0.021710,-0.356518,0.071289,0.017028,-0.028734,0.031927,10.036615,-3.180540,1.416015,0.747505,-0.130811,-0.645205,0.088470,0.031927,0.084074,0.002128,9.373774,3.287962,2.166747,0.781601,0.211390,-0.586861,0.000174
0.032452,-0.042542,0.035997,6.345766,-0.076570,7.140183,0.931233,0.022064,-0.356612,0.071676,0.013835,-0.012771,0.021285,10.206903,-3.187864,1.366576,0.747351,-0.130603,-0.645421,0.088499,0.012771,0.040441,-0.025542,9.424433,3.203123,2.081908,0.781665,0.211529,-0.586725,0.000281
0.038179,-0.055905,0.031089,6.374479,-0.038285,7.159325,0.931077,0.022650,-0.356922,0.071975,0.052147,-0.023413,0.012771,10.204462,-3.194578,1.423949,0.747274,-0.129984,-0.645608,0.088699,-0.004257,0.007450,-0.035120,9.360346,3.320921,2.163085,0.781549,0.211676,-0.586827,0.000080
0.035725,-0.079903,0.043906,6.470192,-0.038285,7.149754,0.930679,0.023170,-0.357843,0.072382,0.039377,-0.025542,-0.017028,10.139154,-3.280027,1.436156,0.747266,-0.129265,-0.645772,0.088620,-0.030863,-0.029799,0.009578,9.342035,3.348387,2.189940,0.781264,0.211392,-0.587308,-0.000037
0.025907,-0.097902,0.042815,6.527620,-0.191426,7.111469,0.930199,0.023080,-0.358982,0.072945,0.044698,-0.021285,0.020220,10.121454,-3.368528,1.453246,0.747240,-0.129271,-0.645705,0.089322,-0.046826,-0.045762,0.018092,9.487909,3.367918,2.205809,0.780931,0.210868,-0.587939,-0.000165
0.008999,-0.098175,0.012545,6.623333,-0.248854,7.044470,0.929731,0.022991,-0.360157,0.073146,0.054276,-0.012771,0.024477,10.043940,-3.506468,1.517333,0.747278,-0.129238,-0.645558,0.090104,-0.045762,-0.027670,0.001064,9.450678,3.339231,2.182006,0.780704,0.210445,-0.588393,-0.000375-0.000818,-0.065450,-0.023998,6.585048,-0.162712,6.977471,0.929395,0.023025,-0.361063,0.072939,0.014899,-0.023413,0.013835,10.018915,-3.494261,1.441039,0.747124,-0.129483,-0.645619,0.090596,-0.034055,0.002128,-0.018092,9.307856,3.388060,2.265013,0.780921,0.210426,-0.588111,-0.000879
-0.010090,-0.014454,-0.020180,6.489335,-0.105284,7.111469,0.929420,0.022701,-0.361040,0.072835,0.002128,-0.007450,0.005321,10.048822,-3.398436,1.538085,0.747226,-0.129587,-0.645452,0.090794,-0.006385,-0.005321,0.012771,9.378046,3.513792,2.292479,0.780965,0.210550,-0.588008,-0.001062
-0.009272,0.020726,-0.019090,6.317052,-0.172283,7.178468,0.929620,0.022527,-0.360567,0.072685,0.000000,0.002128,0.036184,10.085443,-3.385618,1.649779,0.747384,-0.129830,-0.645173,0.091127,0.006385,0.006385,0.002128,9.430536,3.493040,2.404784,0.781148,0.210653,-0.587728,-0.001107
-0.001909,0.040361,-0.022362,6.326623,-0.239282,7.389036,0.929889,0.022408,-0.359909,0.072540,-0.024477,-0.013835,0.017028,10.120844,-3.411253,1.605834,0.747420,-0.130138,-0.645060,0.091197,0.009578,-0.018092,0.028734,9.354242,3.468626,2.384032,0.781178,0.210631,-0.587695,-0.000983
0.010363,0.038452,-0.029998,6.278767,-0.210568,7.398608,0.930158,0.022465,-0.359246,0.072355,-0.009578,-0.036184,0.010642,10.064081,-3.495481,1.518554,0.747250,-0.130456,-0.645152,0.091484,0.002128,-0.047890,0.031927,9.492792,3.368528,2.324828,0.781040,0.210231,-0.588022,-0.000681
0.015544,-0.004909,-0.037088,6.297909,-0.200997,7.427321,0.930275,0.022630,-0.358981,0.072111,0.002128,-0.052147,0.008514,10.120234,-3.503416,1.574706,0.747042,-0.130580,-0.645323,0.091797,-0.011707,-0.054276,0.024477,9.421381,3.294676,2.269896,0.780800,0.209693,-0.588533,-0.000435
0.023180,-0.049087,-0.028634,6.498906,-0.200997,7.331609,0.930197,0.022725,-0.359196,0.072018,-0.003193,-0.068111,0.014899,10.161737,-3.419188,1.444091,0.746599,-0.130913,-0.645706,0.092235,-0.020220,-0.073432,0.078753,9.446405,3.319700,2.314452,0.780566,0.208861,-0.589139,0.000029
0.017726,-0.080449,-0.035725,6.518049,-0.277567,7.149754,0.929896,0.022714,-0.360006,0.071870,0.011707,-0.062790,-0.026606,10.100092,-3.348997,1.455688,0.746413,-0.130421,-0.646041,0.092093,-0.025542,-0.081946,0.042569,9.580683,3.339842,2.236937,0.780015,0.208245,-0.590087,0.000224
0.013908,-0.134718,-0.021817,6.575477,-0.191426,6.948757,0.929308,0.022890,-0.361537,0.071735,-0.008514,-0.053212,-0.035120,10.020746,-3.429564,1.436156,0.746155,-0.130443,-0.646336,0.092083,-0.013835,-0.068111,0.008514,9.498896,3.242186,2.140502,0.779503,0.207956,-0.590864,0.000227
0.016635,-0.178896,-0.011726,6.565906,0.028714,6.776474,0.928555,0.023363,-0.363464,0.071586,-0.024477,-0.044698,-0.017028,10.145868,-3.316038,1.386718,0.745812,-0.130215,-0.646845,0.091604,-0.003193,-0.042569,0.044698,9.242548,3.370970,2.166747,0.779254,0.207962,-0.591190,0.000218
0.017181,-0.166897,0.019635,6.632905,0.114855,6.805188,0.927834,0.023790,-0.365251,0.071705,-0.015963,-0.036184,-0.020220,10.217890,-3.245237,1.441650,0.745679,-0.129883,-0.647127,0.091166,0.003193,-0.050019,0.086203,9.369501,3.436277,2.161864,0.778900,0.207781,-0.591720,0.000564
0.019090,-0.120810,0.010908,6.690332,0.124427,6.881758,0.927293,0.024264,-0.366583,0.071747,-0.052147,-0.048955,0.007450,10.272821,-3.209227,1.478271,0.745413,-0.130004,-0.647470,0.090738,0.002128,-0.047890,0.052147,9.570917,3.416746,2.144774,0.778457,0.207702,-0.592330,0.000755
0.017999,-0.073631,0.002454,6.594619,0.114855,6.920043,0.926969,0.024811,-0.367378,0.071685,-0.036184,-0.093652,0.024477,10.346064,-3.254393,1.460570,0.744856,-0.130071,-0.648118,0.090591,-0.002128,-0.031927,0.037248,9.452509,3.395994,2.118529,0.778148,0.207729,-0.592726,0.000784
0.011726,-0.070631,-0.016908,6.585048,0.133998,6.910472,0.926683,0.025384,-0.368112,0.071414,-0.028734,-0.110680,0.005321,10.241083,-3.176878,1.352538,0.744115,-0.129928,-0.649034,0.090324,-0.017028,-0.031927,0.044698,9.418329,3.396605,2.062377,0.777850,0.207567,-0.593175,0.000815
0.001636,-0.090539,-0.020453,6.738189,0.047856,6.805188,0.926252,0.025684,-0.369224,0.071149,-0.051083,-0.108552,0.009578,10.261225,-3.186033,1.359252,0.743393,-0.129976,-0.649903,0.089949,-0.024477,-0.022349,0.050019,9.479364,3.355101,2.048339,0.777595,0.207235,-0.593625,0.000939
-0.012272,-0.110447,-0.022362,6.814759,0.009571,6.757331,0.925744,0.025812,-0.370548,0.070835,-0.044698,-0.112809,0.011707,10.182489,-3.188475,1.192626,0.742478,-0.130107,-0.650957,0.089692,-0.023413,-0.009578,0.025542,9.503168,3.258055,2.075194,0.777421,0.206854,-0.593986,0.001078
-0.019635,-0.081267,-0.019362,6.805188,0.009571,6.690332,0.925342,0.025834,-0.371607,0.070531,-0.029799,-0.106423,0.025542,10.213007,-3.188475,1.075439,0.741575,-0.130292,-0.651951,0.089676,-0.018092,-0.011707,0.059597,9.369501,3.286741,2.164916,0.777543,0.206445,-0.593968,0.001282
-0.010636,-0.059996,-0.010636,6.766902,0.000000,6.738189,0.925010,0.025898,-0.372464,0.070345,-0.019156,-0.081946,0.024477,10.070795,-3.190306,1.028442,0.740831,-0.130450,-0.652759,0.089721,-0.018092,-0.019156,0.061725,9.451288,3.278807,2.144164,0.777553,0.206159,-0.594053,0.001396
-0.011999,-0.048269,0.010908,6.728617,-0.019143,6.709475,0.924704,0.025837,-0.373222,0.070365,-0.002128,-0.058533,0.007450,10.050043,-3.223875,1.051025,0.740272,-0.130403,-0.653401,0.089729,-0.010642,-0.021285,0.067047,9.479975,3.238523,2.189940,0.777610,0.205486,-0.594211,0.001919
-0.021271,-0.025635,0.012545,6.738189,-0.124427,6.814759,0.924491,0.025460,-0.373759,0.070456,0.011707,-0.034055,0.000000,9.999384,-3.267820,1.021728,0.739880,-0.130304,-0.653854,0.089806,-0.003193,-0.024477,0.060661,9.572138,3.218382,2.154540,0.777438,0.204823,-0.594662,0.002569
-0.019362,-0.012272,0.006272,6.738189,-0.172283,6.939186,0.924401,0.024915,-0.373994,0.070579,0.018092,0.000000,0.014899,9.938959,-3.349607,0.998535,0.739701,-0.130399,-0.653998,0.090095,0.002128,-0.011707,0.041505,9.565424,3.227537,2.169188,0.777455,0.204304,-0.594816,0.003096
0.002182,-0.046906,0.017453,6.709475,-0.200997,6.881758,0.924158,0.024565,-0.374561,0.070874,0.040441,0.039377,0.018092,9.917597,-3.336790,1.098022,0.739824,-0.130461,-0.653779,0.090581,0.002128,-0.004257,0.043634,9.494623,3.157347,2.169188,0.777530,0.203782,-0.594893,0.003641
0.006545,-0.073358,0.038179,6.728617,-0.200997,6.738189,0.923748,0.024335,-0.375505,0.071312,0.021285,0.075561,0.001064,10.061029,-3.378904,1.230468,0.740463,-0.130543,-0.653005,0.090824,0.008514,-0.011707,0.060661,9.559931,3.119505,2.169799,0.777485,0.203185,-0.595152,0.004383
0.002182,-0.060541,0.042270,6.795616,-0.239282,6.776474,0.923388,0.024012,-0.376318,0.071787,0.010642,0.063854,-0.010642,10.187983,-3.491819,1.316528,0.741019,-0.130620,-0.652344,0.090926,0.012771,-0.009578,0.055340,9.547113,3.068236,2.172850,0.777453,0.202653,-0.595368,0.005109
-0.005454,-0.042815,0.041997,6.757331,-0.200997,6.891329,0.923155,0.023483,-0.376829,0.072287,0.026606,0.034055,0.010642,10.279535,-3.429564,1.318969,0.741439,-0.130558,-0.651838,0.091224,0.013835,-0.012771,0.059597,9.548944,3.111571,2.174071,0.777436,0.202117,-0.595566,0.005846
-0.004909,-0.050996,0.043906,6.795616,-0.153141,6.872187,0.922823,0.023116,-0.377577,0.072738,0.004257,0.020220,-0.006385,10.202631,-3.375242,1.247558,0.741432,-0.130403,-0.651903,0.091035,0.011707,-0.011707,0.023413,9.598383,3.174437,2.146605,0.777163,0.202098,-0.595926,0.006108
-0.000818,-0.054269,0.040633,6.738189,-0.220140,6.900900,0.922607,0.022632,-0.378035,0.073246,0.019156,0.019156,0.000000,10.025629,-3.386839,1.262206,0.741644,-0.130514,-0.651592,0.091377,0.008514,-0.005321,0.029799,9.539179,3.153685,2.130126,0.776937,0.202115,-0.596213,0.006330
0.002182,-0.037088,0.039543,6.833901,-0.162712,6.843473,0.922316,0.022436,-0.378679,0.073647,0.018092,0.035120,-0.011707,10.083612,-3.320311,1.304321,0.742096,-0.130213,-0.651147,0.091309,0.005321,-0.006385,0.040441,9.542841,3.178709,2.146605,0.776990,0.202116,-0.596142,0.006457
0.004091,-0.006272,0.045269,6.776474,-0.153141,6.814759,0.922135,0.022229,-0.379042,0.074108,0.027670,0.040441,0.017028,10.140985,-3.333128,1.317138,0.742566,-0.130017,-0.650623,0.091496,0.005321,-0.011707,0.034055,9.522699,3.150633,2.156371,0.777082,0.201956,-0.596074,0.006671
0.006000,0.006818,0.034907,6.709475,-0.143569,6.853044,0.922257,0.022141,-0.378680,0.074459,0.041505,0.040441,0.009578,10.213617,-3.282469,1.372680,0.743038,-0.129587,-0.650151,0.091632,0.004257,-0.018092,0.014899,9.547113,3.168333,2.170409,0.777126,0.201973,-0.596011,0.006661
0.002727,0.017181,0.034907,6.719046,-0.143569,6.929615,0.922420,0.022024,-0.378224,0.074797,0.012771,0.024477,-0.009578,10.137934,-3.361814,1.379394,0.743406,-0.129433,-0.649758,0.091655,0.006385,-0.017028,0.019156,9.490961,3.209837,2.125853,0.776999,0.202208,-0.596097,0.006563
-0.000273,0.001364,0.021817,6.709475,-0.162712,6.891329,0.922529,0.021858,-0.377922,0.075033,0.018092,0.019156,-0.004257,10.166620,-3.370970,1.392211,0.743741,-0.129273,-0.649391,0.091762,0.002128,-0.015963,0.032991,9.504389,3.170164,2.169188,0.777055,0.202112,-0.596056,0.006677
-0.005727,-0.012545,0.019090,6.719046,-0.133998,6.833901,0.922446,0.022103,-0.378107,0.075037,0.024477,0.022349,-0.009578,10.056147,-3.373411,1.362304,0.744058,-0.129189,-0.649012,0.091994,0.004257,-0.013835,0.014899,9.562372,3.208006,2.124022,0.776891,0.202355,-0.596189,0.006560
-0.010363,-0.027816,0.003272,6.757331,-0.181855,6.805188,0.922223,0.021876,-0.378656,0.075076,0.011707,0.022349,0.009578,10.017084,-3.457029,1.337890,0.744199,-0.129471,-0.648739,0.092376,0.005321,-0.020220,0.021285,9.597773,3.080443,2.111815,0.776691,0.202022,-0.596558,0.006951
-0.010636,-0.027271,0.001636,6.786045,-0.172283,6.824330,0.921998,0.021727,-0.379216,0.075069,0.015963,0.036184,0.025542,10.093378,-3.407591,1.309203,0.744291,-0.129809,-0.648504,0.092816,0.009578,-0.003193,0.003193,9.516596,3.110350,2.166747,0.776827,0.201941,-0.596407,0.007086
-0.012817,-0.031089,0.010090,6.814759,-0.153141,6.747760,0.921752,0.021641,-0.379814,0.075084,0.004257,0.050019,0.018092,10.146479,-3.345335,1.395873,0.744785,-0.129772,-0.647944,0.092816,0.007450,-0.010642,0.002128,9.490961,3.111571,2.186278,0.776928,0.201899,-0.596289,0.007141
-0.021817,-0.018544,0.001364,6.738189,-0.220140,6.814759,0.921686,0.021079,-0.379989,0.075162,-0.006385,0.042569,0.012771,10.184931,-3.398436,1.466674,0.745225,-0.129910,-0.647405,0.092847,0.006385,-0.007450,-0.020220,9.628901,3.161009,2.138671,0.776693,0.202121,-0.596522,0.007022
-0.016635,-0.003818,-0.010636,6.881758,-0.086142,6.805188,0.921592,0.021208,-0.380262,0.074899,0.025542,0.008514,0.018092,10.204462,-3.250120,1.400756,0.745362,-0.129547,-0.647315,0.092882,0.001064,-0.006385,-0.022349,9.573359,3.193357,2.156981,0.776769,0.202446,-0.596316,0.006648
-0.002454,0.017181,0.008999,6.833901,0.038285,6.786045,0.921617,0.021487,-0.380201,0.074832,0.035120,0.004257,-0.013835,10.171503,-3.088988,1.222533,0.745361,-0.128989,-0.647443,0.092777,-0.004257,-0.012771,-0.008514,9.486078,3.301390,2.163695,0.776762,0.202720,-0.596236,0.006293
0.016362,0.052905,0.034088,6.891329,-0.095713,6.814759,0.921691,0.021683,-0.379951,0.075129,0.047890,0.019156,-0.027670,10.220942,-3.065794,1.293945,0.745535,-0.128211,-0.647422,0.092602,-0.011707,-0.010642,-0.019156,9.468988,3.330687,2.123412,0.776728,0.203037,-0.596177,0.005801
0.022089,0.087539,0.054542,6.843473,-0.153141,6.814759,0.921857,0.021691,-0.379434,0.075699,0.074496,0.020220,0.003193,10.259394,-3.123778,1.331786,0.745730,-0.127428,-0.647321,0.092826,-0.007450,-0.001064,-0.030863,9.580683,3.245237,2.070311,0.776588,0.203383,-0.596246,0.005376
0.023998,0.092175,0.040361,6.872187,-0.153141,6.862615,0.922052,0.021788,-0.378865,0.076139,0.065982,0.017028,0.039377,10.196527,-3.197020,1.356200,0.745856,-0.126942,-0.647207,0.093270,0.007450,0.006385,-0.017028,9.437860,3.208006,2.090453,0.776570,0.203845,-0.596115,0.005057
0.025089,0.125991,0.032452,6.805188,-0.191426,6.824330,0.922377,0.021703,-0.377986,0.076597,0.081946,0.024477,-0.002128,10.113520,-3.296507,1.432494,0.746296,-0.126152,-0.646801,0.093638,0.020220,-0.004257,0.020220,9.514765,3.244017,2.147216,0.776607,0.204080,-0.595985,0.005120
0.030271,0.163897,0.027816,6.709475,-0.210568,6.805188,0.922895,0.021441,-0.376628,0.077129,0.088331,0.023413,-0.001064,10.172113,-3.288572,1.506957,0.746743,-0.125358,-0.646372,0.094095,0.027670,0.017028,-0.026606,9.572138,3.327024,2.224730,0.776785,0.204601,-0.595575,0.004942
0.032452,0.193077,0.034088,6.632905,-0.200997,6.939186,0.923705,0.021373,-0.374534,0.077647,0.074496,0.022349,0.003193,10.157465,-3.341673,1.583861,0.747161,-0.124817,-0.645919,0.094608,0.035120,0.003193,-0.025542,9.437860,3.196409,2.244872,0.776912,0.204985,-0.595277,0.004934
0.035997,0.205622,0.031361,6.565906,-0.220140,7.044470,0.924558,0.021339,-0.372318,0.078155,0.081946,0.028734,0.008514,10.152582,-3.379515,1.806029,0.747621,-0.124275,-0.645403,0.095213,0.041505,-0.008514,0.010642,9.452509,3.198240,2.127074,0.776935,0.205322,-0.595130,0.005127
0.032998,0.197713,0.040088,6.498906,-0.172283,7.044470,0.925375,0.021329,-0.370167,0.078698,0.055340,0.000000,0.010642,10.051874,-3.475950,1.713866,0.747831,-0.124021,-0.645124,0.095784,0.031927,-0.013835,0.012771,9.543451,3.220213,2.127074,0.776609,0.205513,-0.595487,0.005432
0.030816,0.182987,0.044724,6.498906,-0.172283,7.044470,0.926131,0.021298,-0.368152,0.079271,0.029799,-0.028734,-0.023413,10.129389,-3.419798,1.651000,0.747867,-0.123683,-0.645123,0.095948,0.020220,-0.009578,0.006385,9.529413,3.227537,2.126464,0.776598,0.205855,-0.595383,0.005362
0.032998,0.155989,0.042542,6.527620,-0.220140,6.996614,0.926750,0.021079,-0.366462,0.079919,0.026606,-0.044698,-0.047890,10.093988,-3.351439,1.499633,0.747768,-0.123308,-0.645299,0.096014,0.009578,-0.018092,0.007450,9.604486,3.124388,2.037352,0.776336,0.205740,-0.595762,0.005610
0.020998,0.146717,-0.000818,6.585048,-0.220140,6.958328,0.927167,0.021029,-0.365376,0.080067,0.003193,-0.045762,-0.045762,10.084223,-3.308104,1.465453,0.747495,-0.123239,-0.645629,0.096011,-0.001064,-0.008514,0.011707,9.522089,3.052366,2.066649,0.776234,0.205402,-0.596009,0.005918
-0.006545,0.137172,-0.030543,6.719046,-0.220140,6.948757,0.927572,0.020943,-0.364411,0.079796,0.020220,-0.039377,-0.036184,10.068354,-3.355101,1.422729,0.747156,-0.123070,-0.646039,0.096105,-0.004257,-0.001064,0.012771,9.650873,3.020628,2.053221,0.776163,0.205051,-0.596220,0.006222
-0.023453,0.134718,-0.036270,6.690332,-0.220140,7.044470,0.927976,0.020694,-0.363478,0.079421,-0.003193,-0.024477,0.014899,10.055536,-3.350218,1.427001,0.746879,-0.123456,-0.646234,0.096458,-0.008514,0.006385,-0.024477,9.588617,3.067625,2.075804,0.776163,0.204872,-0.596281,0.006234
-0.024816,0.134445,-0.029180,6.575477,-0.210568,6.987042,0.928372,0.020408,-0.362551,0.079106,-0.019156,-0.015963,0.017028,10.198969,-3.315428,1.376952,0.746567,-0.123649,-0.646568,0.096385,-0.009578,0.000000,-0.020220,9.553827,3.064574,2.053221,0.776099,0.204691,-0.596427,0.006243
-0.016362,0.163352,-0.020998,6.518049,-0.200997,7.063612,0.928871,0.020048,-0.361326,0.078942,0.003193,-0.006385,0.025542,10.133051,-3.301390,1.389159,0.746346,-0.123709,-0.646797,0.096483,-0.010642,0.004257,-0.015963,9.573969,3.182371,2.078856,0.775978,0.204665,-0.596594,0.006154
-0.009272,0.155716,-0.003000,6.451050,-0.105284,7.063612,0.929456,0.020221,-0.359847,0.078769,-0.013835,-0.011707,-0.006385,10.156855,-3.186644,1.380614,0.746217,-0.123503,-0.647041,0.096110,-0.014899,0.009578,-0.014899,9.500116,3.239134,2.095336,0.776067,0.204932,-0.596390,0.005717
-0.000545,0.126809,0.004636,6.412765,-0.066999,7.054041,0.929916,0.020472,-0.358659,0.078691,-0.012771,-0.009578,0.001064,10.133661,-3.191526,1.402587,0.746142,-0.123311,-0.647212,0.095785,-0.012771,0.012771,-0.017028,9.544062,3.212889,2.115477,0.776312,0.205062,-0.596030,0.005377
-0.010090,0.142353,-0.014726,6.498906,-0.047856,7.140183,0.930416,0.020681,-0.357410,0.078407,0.010642,-0.008514,-0.008514,10.152582,-3.202513,1.430053,0.746174,-0.122870,-0.647293,0.095549,-0.008514,0.007450,-0.003193,9.464716,3.247679,2.118529,0.776445,0.205258,-0.595792,0.005084
-0.010363,0.172897,-0.037906,6.412765,-0.076570,7.159325,0.931103,0.020943,-0.355710,0.077916,-0.022349,-0.002128,-0.003193,10.186152,-3.188475,1.422729,0.746176,-0.122717,-0.647382,0.095122,-0.004257,0.009578,0.002128,9.525141,3.298948,2.169799,0.776626,0.205392,-0.595511,0.004902
-0.002182,0.172351,-0.023726,6.288338,-0.172283,7.140183,0.931845,0.020771,-0.353803,0.077765,0.003193,-0.007450,-0.006385,10.205683,-3.173216,1.416625,0.746166,-0.122351,-0.647505,0.094842,0.001064,0.005321,0.008514,9.478754,3.265989,2.161864,0.776789,0.205495,-0.595264,0.004815
0.008454,0.134718,0.003272,6.326623,-0.066999,7.149754,0.932332,0.021106,-0.352512,0.077713,0.011707,-0.017028,0.003193,10.171503,-3.212278,1.385497,0.746009,-0.122026,-0.647766,0.094721,0.006385,0.005321,0.013835,9.544672,3.251341,2.102660,0.776648,0.205664,-0.595389,0.004853
0.005727,0.119719,0.014726,6.364908,-0.191426,7.188039,0.932656,0.020740,-0.351611,0.077997,-0.003193,-0.007450,0.002128,10.189203,-3.167723,1.398315,0.745962,-0.121769,-0.647906,0.094463,0.009578,0.015963,0.003193,9.545282,3.204344,2.131957,0.776792,0.205420,-0.595282,0.005200
0.004091,0.116446,0.016090,6.336195,-0.181855,7.235896,0.933064,0.020261,-0.350482,0.078325,0.019156,0.005321,0.022349,10.119013,-3.262938,1.403197,0.746045,-0.122030,-0.647682,0.094997,0.011707,0.010642,0.004257,9.590448,3.140257,2.139281,0.776844,0.205186,-0.595292,0.005575
-0.006545,0.098447,0.006545,6.317052,-0.220140,7.264609,0.933425,0.019736,-0.349504,0.078520,0.019156,0.006385,0.025542,10.062860,-3.289793,1.441039,0.746228,-0.122175,-0.647376,0.095457,0.012771,0.006385,0.006385,9.593500,3.163450,2.170409,0.776958,0.204966,-0.595216,0.005920
-0.001364,0.095448,-0.003000,6.269196,-0.220140,7.235896,0.933778,0.019291,-0.348558,0.078644,0.010642,0.002128,0.023413,10.147699,-3.305662,1.482543,0.746412,-0.122252,-0.647106,0.095759,0.011707,0.005321,0.000000,9.535517,3.135984,2.154540,0.777053,0.204765,-0.595158,0.006220
0.002727,0.102265,0.001364,6.259624,-0.239282,7.255038,0.934143,0.018861,-0.347563,0.078825,0.017028,0.004257,0.012771,10.143427,-3.295286,1.460570,0.746635,-0.122159,-0.646835,0.095971,0.009578,0.000000,0.003193,9.526361,3.201902,2.142333,0.777175,0.204947,-0.594936,0.006147
0.006545,0.096266,0.004636,6.259624,-0.267996,7.168897,0.934381,0.018579,-0.346897,0.078999,0.008514,-0.002128,0.011707,10.075068,-3.315428,1.480712,0.746772,-0.122262,-0.646615,0.096252,0.008514,-0.002128,0.009578,9.520258,3.145140,2.128905,0.777121,0.204673,-0.595097,0.006517
0.013635,0.099538,0.013908,6.269196,-0.143569,7.235896,0.934637,0.018853,-0.346170,0.079091,-0.010642,0.001064,0.001064,10.154413,-3.258055,1.453857,0.746861,-0.122059,-0.646594,0.095953,0.004257,-0.007450,0.024477,9.575190,3.134764,2.108153,0.776961,0.204362,-0.595409,0.006922
0.014454,0.105538,0.010090,6.317052,-0.210568,7.226325,0.934876,0.018823,-0.345487,0.079269,0.020220,-0.007450,0.004257,10.183710,-3.297117,1.483764,0.747022,-0.121814,-0.646436,0.096081,0.006385,-0.009578,0.008514,9.610590,3.148802,2.104491,0.776757,0.204213,-0.595723,0.007178
0.003818,0.085903,0.001909,6.250053,-0.181855,7.245467,0.935056,0.018841,-0.344992,0.079292,-0.008514,-0.008514,0.007450,10.099482,-3.302000,1.446532,0.746963,-0.122194,-0.646392,0.096351,0.003193,-0.007450,0.005321,9.525751,3.110350,2.113646,0.776682,0.203923,-0.595916,0.007474
-0.005181,0.090539,-0.015544,6.250053,-0.153141,7.255038,0.935285,0.018966,-0.344414,0.079072,-0.004257,-0.009578,0.013835,10.139765,-3.320311,1.419677,0.746697,-0.122443,-0.646630,0.096504,-0.001064,-0.005321,0.013835,9.486078,3.160398,2.115477,0.776718,0.204082,-0.595817,0.007329
-0.004091,0.103629,-0.019908,6.269196,-0.133998,7.379465,0.935670,0.019289,-0.343423,0.078754,0.002128,-0.004257,0.015963,10.207514,-3.212278,1.452636,0.746709,-0.122228,-0.646674,0.096385,0.001064,-0.004257,0.005321,9.504999,3.176878,2.114867,0.776663,0.204360,-0.595796,0.007119
-0.002727,0.093811,-0.005727,6.163911,-0.181855,7.369894,0.936108,0.019133,-0.342238,0.078740,-0.009578,-0.006385,0.004257,10.142206,-3.228148,1.473998,0.746785,-0.122056,-0.646651,0.096163,-0.002128,0.001064,0.012771,9.602655,3.223265,2.130736,0.776610,0.204568,-0.595795,0.006972
0.000818,0.058087,0.001909,6.135197,-0.133998,7.398608,0.936414,0.019228,-0.341398,0.078724,0.003193,-0.010642,0.001064,10.159906,-3.243406,1.456908,0.746816,-0.121738,-0.646705,0.095968,-0.006385,-0.001064,-0.010642,9.564203,3.214109,2.121581,0.776559,0.204883,-0.595757,0.006611
0.004363,0.051542,0.003818,6.240481,-0.124427,7.369894,0.936508,0.019477,-0.341136,0.078687,0.003193,-0.013835,0.008514,10.147699,-3.255003,1.409911,0.746605,-0.121590,-0.646990,0.095879,-0.006385,-0.003193,-0.008514,9.497675,3.202513,2.150267,0.776717,0.204946,-0.595532,0.006393
-0.000273,0.074449,-0.004909,6.211768,-0.162712,7.350751,0.936652,0.019479,-0.340751,0.078635,-0.006385,-0.006385,0.004257,10.162958,-3.236082,1.437987,0.746604,-0.121361,-0.647072,0.095619,-0.004257,-0.005321,0.014899,9.487909,3.187254,2.131346,0.776863,0.204859,-0.595372,0.006386
0.001909,0.068995,-0.012272,6.183053,-0.172283,7.360322,0.936783,0.019398,-0.340411,0.078568,0.015963,-0.008514,0.005321,10.118402,-3.228758,1.438598,0.746663,-0.120978,-0.647088,0.095539,-0.001064,0.005321,0.006385,9.523310,3.219603,2.141722,0.776995,0.205021,-0.595145,0.006229
0.002454,0.062177,0.000273,6.163911,-0.153141,7.293324,0.936883,0.019454,-0.340134,0.078558,0.009578,-0.007450,0.002128,10.147699,-3.244017,1.427611,0.746612,-0.120636,-0.647236,0.095367,0.002128,0.000000,-0.003193,9.537348,3.199461,2.156981,0.777171,0.204978,-0.594931,0.006224
0.002727,0.053451,0.004636,6.125626,-0.191426,7.379465,0.937128,0.019128,-0.339439,0.078729,0.004257,-0.001064,0.019156,10.200800,-3.262938,1.450805,0.746745,-0.120487,-0.647110,0.095368,0.004257,0.006385,-0.006385,9.582514,3.193357,2.142943,0.777135,0.204798,-0.595036,0.006448
0.009817,0.034361,0.008454,6.049056,-0.248854,7.408179,0.937316,0.018910,-0.338881,0.078943,0.008514,-0.007450,0.009578,10.089716,-3.288572,1.470336,0.746828,-0.120622,-0.646944,0.095677,0.006385,-0.006385,0.010642,9.530634,3.147581,2.105712,0.776960,0.204618,-0.595324,0.006739
0.015817,0.001636,0.004363,6.077769,-0.220140,7.417750,0.937401,0.018808,-0.338611,0.079125,0.006385,-0.010642,0.005321,10.091547,-3.303221,1.472777,0.746877,-0.120767,-0.646818,0.095962,0.005321,0.000000,0.012771,9.582514,3.175047,2.127074,0.776838,0.204393,-0.595557,0.007070
0.012545,-0.029998,0.014999,6.154340,-0.181855,7.350751,0.937170,0.018884,-0.339202,0.079304,0.011707,-0.006385,0.006385,10.155634,-3.269041,1.433105,0.746710,-0.120578,-0.647050,0.095926,0.007450,-0.001064,-0.002128,9.500727,3.190916,2.163085,0.776982,0.204516,-0.595328,0.006995
0.017999,-0.041997,0.015544,6.096912,-0.143569,7.293324,0.936934,0.019298,-0.339805,0.079405,0.002128,0.003193,0.010642,10.175165,-3.255613,1.443481,0.746793,-0.120336,-0.647025,0.095764,0.006385,-0.006385,0.002128,9.441523,3.157347,2.149657,0.777109,0.204528,-0.595158,0.006999
0.016908,-0.042542,0.014726,6.173482,-0.220140,7.245467,0.936664,0.019325,-0.340497,0.079631,0.000000,-0.005321,-0.002128,10.117182,-3.270872,1.488647,0.746937,-0.120332,-0.646850,0.095824,0.006385,-0.006385,-0.006385,9.583124,3.163450,2.141112,0.777026,0.204338,-0.595329,0.007222
0.012817,-0.050724,-0.001091,6.202196,-0.200997,7.331609,0.936378,0.019376,-0.341266,0.079692,0.005321,-0.017028,-0.005321,10.117182,-3.250731,1.445312,0.747005,-0.120027,-0.646847,0.095696,0.004257,-0.010642,0.011707,9.545282,3.118895,2.122191,0.776909,0.204033,-0.595581,0.007562
0.010363,-0.064632,0.002727,6.259624,-0.162712,7.369894,0.936042,0.019600,-0.342170,0.079706,0.018092,-0.012771,0.000000,10.143427,-3.305052,1.420287,0.746799,-0.120132,-0.647018,0.096013,0.002128,-0.004257,0.002128,9.540400,3.186033,2.118529,0.776762,0.204305,-0.595682,0.007392
0.010908,-0.067359,0.015817,6.211768,-0.143569,7.341180,0.935719,0.019968,-0.343012,0.079779,-0.012771,-0.011707,0.019156,10.141596,-3.261106,1.417235,0.746509,-0.120345,-0.647310,0.096034,0.000000,0.001064,0.008514,9.498285,3.127439,2.130126,0.776876,0.203978,-0.595642,0.0076600.010090,-0.065723,0.011454,6.221339,-0.114855,7.302895,0.935413,0.020366,-0.343817,0.079800,0.006385,-0.009578,0.003193,10.150751,-3.237303,1.444701,0.746580,-0.120038,-0.647304,0.095904,0.003193,-0.003193,0.019156,9.538568,3.147581,2.105101,0.776683,0.203837,-0.595938,0.007921
0.001636,-0.055087,0.012817,6.269196,-0.143569,7.274181,0.935103,0.020474,-0.344638,0.079877,-0.006385,-0.008514,0.007450,10.149530,-3.262938,1.405028,0.746325,-0.120159,-0.647576,0.095899,0.004257,-0.012771,0.013835,9.525751,3.206175,2.155761,0.776717,0.203965,-0.595852,0.007838
0.011726,-0.043906,0.012817,6.183053,-0.181855,7.360322,0.935045,0.020445,-0.344748,0.080079,-0.015963,-0.005321,0.008514,10.176996,-3.198240,1.427611,0.746306,-0.120031,-0.647665,0.095606,0.000000,-0.005321,0.007450,9.575800,3.165281,2.130736,0.776675,0.203629,-0.596017,0.008137
0.019090,-0.063541,0.029725,6.288338,-0.191426,7.331609,0.934692,0.020398,-0.345615,0.080471,0.011707,-0.006385,0.010642,10.162348,-3.243406,1.428832,0.746372,-0.119719,-0.647657,0.095538,-0.003193,-0.004257,-0.005321,9.545282,3.151243,2.113646,0.776478,0.203739,-0.596237,0.008039
0.018817,-0.059996,0.029452,6.278767,-0.210568,7.255038,0.934350,0.020356,-0.346453,0.080856,0.009578,-0.011707,0.001064,10.109247,-3.262327,1.446532,0.746452,-0.119756,-0.647524,0.095772,-0.002128,-0.007450,0.001064,9.555048,3.163450,2.117308,0.776399,0.204019,-0.596247,0.007774
0.026453,-0.041997,0.007636,6.336195,-0.153141,7.188039,0.934079,0.020681,-0.347133,0.080982,0.006385,-0.004257,0.004257,10.130610,-3.265379,1.418456,0.746294,-0.119997,-0.647620,0.096051,-0.003193,-0.001064,0.002128,9.564814,3.109129,2.131957,0.776470,0.203684,-0.596267,0.008000
0.011454,-0.040633,-0.000545,6.250053,-0.143569,7.235896,0.933862,0.021099,-0.347710,0.080903,0.017028,0.000000,0.000000,10.175165,-3.223875,1.416625,0.746300,-0.119594,-0.647710,0.095903,0.000000,-0.003193,-0.001064,9.523920,3.145140,2.145995,0.776632,0.203625,-0.596077,0.007982
0.020998,-0.081540,-0.005454,6.269196,-0.133998,7.283752,0.933627,0.021728,-0.348330,0.080780,0.001064,-0.006385,-0.003193,10.108027,-3.249510,1.406249,0.746079,-0.119713,-0.647931,0.095977,0.002128,-0.005321,0.000000,9.551386,3.196409,2.089232,0.776458,0.203884,-0.596217,0.007822
0.017999,-0.126264,0.007090,6.317052,-0.143569,7.159325,0.933061,0.022019,-0.349806,0.080862,0.019156,-0.008514,-0.005321,10.122675,-3.229979,1.457519,0.746240,-0.119407,-0.647796,0.096020,0.001064,0.001064,-0.001064,9.550165,3.159178,2.124633,0.776643,0.203839,-0.595992,0.007814
0.013635,-0.106629,0.005454,6.336195,-0.162712,7.255038,0.932575,0.022033,-0.351069,0.081002,-0.005321,-0.007450,0.001064,10.178217,-3.276976,1.441650,0.746325,-0.119567,-0.647647,0.096159,0.000000,0.004257,-0.004257,9.569696,3.110960,2.153319,0.776777,0.203588,-0.595900,0.007989
0.011454,-0.100356,0.018271,6.336195,-0.105284,7.207182,0.932156,0.022491,-0.352134,0.081063,-0.006385,-0.005321,0.008514,10.175165,-3.240355,1.455688,0.746449,-0.119470,-0.647537,0.096064,0.003193,-0.001064,0.015963,9.510492,3.161619,2.153929,0.776929,0.203568,-0.595707,0.008033
0.001636,-0.108810,0.038452,6.355337,-0.181855,7.216753,0.931694,0.022108,-0.353272,0.081534,0.008514,-0.004257,0.003193,10.137934,-3.231199,1.469115,0.746615,-0.119292,-0.647375,0.096088,0.002128,-0.005321,0.011707,9.581293,3.187864,2.125853,0.776775,0.203782,-0.595837,0.007936
0.012817,-0.091357,0.032998,6.460621,-0.191426,7.121040,0.931223,0.022131,-0.354429,0.081884,0.008514,-0.012771,0.018092,10.159296,-3.253782,1.452026,0.746714,-0.119259,-0.647238,0.096285,-0.001064,-0.006385,0.010642,9.602045,3.184202,2.164916,0.776913,0.203714,-0.595680,0.007939
0.020726,-0.081267,0.026725,6.412765,-0.153141,6.987042,0.930791,0.022334,-0.355484,0.082171,-0.004257,-0.008514,0.019156,10.129999,-3.290403,1.419677,0.746507,-0.119677,-0.647349,0.096619,-0.001064,-0.009578,0.004257,9.509272,3.131102,2.116698,0.776766,0.203463,-0.595955,0.008163
0.030543,-0.070904,0.019090,6.412765,-0.172283,7.073184,0.930397,0.022589,-0.356434,0.082446,0.009578,-0.009578,-0.005321,10.097651,-3.231810,1.403197,0.746321,-0.119441,-0.647626,0.096496,0.001064,-0.021285,0.020220,9.578241,3.118895,2.102050,0.776504,0.203199,-0.596382,0.008458
0.022362,-0.053996,0.012272,6.451050,-0.181855,7.121040,0.930072,0.022711,-0.357225,0.082658,-0.008514,-0.007450,-0.008514,10.194086,-3.201292,1.412963,0.746245,-0.119173,-0.647817,0.096131,-0.001064,-0.010642,0.004257,9.594721,3.136595,2.086180,0.776268,0.203154,-0.596703,0.008530
0.013090,-0.053451,0.001636,6.412765,-0.143569,7.121040,0.929818,0.023185,-0.357873,0.082586,0.007450,-0.003193,0.010642,10.168451,-3.248899,1.401366,0.746052,-0.119146,-0.648038,0.096173,0.002128,-0.005321,0.000000,9.570917,3.104857,2.112426,0.776238,0.202874,-0.596834,0.008784
0.011454,-0.053451,-0.001636,6.489335,-0.133998,7.149754,0.929525,0.023530,-0.358624,0.082524,0.014899,-0.006385,0.018092,10.154413,-3.228758,1.417235,0.746062,-0.118848,-0.648084,0.096154,0.002128,-0.004257,0.005321,9.507441,3.129271,2.117308,0.776360,0.202961,-0.596647,0.008693
0.007363,-0.063814,-0.003545,6.508478,-0.153141,7.063612,0.929177,0.023673,-0.359520,0.082496,-0.001064,-0.005321,0.001064,10.141596,-3.215940,1.402587,0.745959,-0.118623,-0.648277,0.095925,0.001064,-0.001064,0.010642,9.620356,3.154295,2.126464,0.776231,0.203168,-0.596747,0.008595
0.007090,-0.055905,0.014726,6.527620,-0.162712,7.130611,0.928844,0.023651,-0.360341,0.082674,0.011707,-0.009578,-0.004257,10.163568,-3.250120,1.474609,0.746097,-0.118484,-0.648129,0.096025,0.002128,0.000000,0.000000,9.517817,3.167112,2.141112,0.776368,0.203313,-0.596520,0.008451
0.013908,-0.044997,0.022362,6.518049,-0.162712,7.044470,0.928540,0.023711,-0.361062,0.082928,0.003193,-0.008514,0.008514,10.135492,-3.242796,1.470336,0.746218,-0.118503,-0.647965,0.096173,0.005321,-0.005321,0.002128,9.542841,3.161619,2.156371,0.776494,0.203382,-0.596333,0.008399