0.467694,-0.115901,2.347741,0.650848,-4.498507,8.365308,0.796912,-0.058521,-0.017698,0.600987,0.111744,1.10893,0.698136,-0.843505,0.753784,6.611935,0.840985,0.075532,-0.04181,0.534118,0.703458,1.178105,3.849329,5.305173,0.109863,8.902583,0.776736,0.018059,-0.122351,0.617557
0.631046,0.03218,1.997584,0.650848,-5.101498,4.919643,0.785076,-0.055359,-0.013952,0.616756,-0.320334,1.286657,1.068489,1.746825,-1.457519,7.348629,0.835872,0.064209,-0.03501,0.544023,1.091902,0.185176,2.850014,-1.217651,-1.219482,9.33227,0.758876,0.020656,-0.113138,0.640993
0.72813,0.080449,1.278726,-1.48355,-3.464807,2.210968,0.777442,-0.052229,-0.008637,0.626717,-0.454427,0.77689,1.129151,3.714597,-3.573606,6.093747,0.830108,0.055073,-0.033573,0.553852,1.646368,-1.562293,0.725807,-7.217403,-2.741087,4.88342,0.751942,0.040723,-0.113461,0.648107
0.595866,-0.028089,0.529598,-2.086541,-0.478565,0.210568,0.774303,-0.049018,-0.003596,0.630897,-0.378867,0.715164,0.933332,4.810788,0.001221,5.298459,0.825207,0.048631,-0.031973,0.561817,1.969894,-0.941846,-0.483162,-6.585079,0.206299,-1.640014,0.753138,0.060933,-0.106099,0.646378
0.262072,0.149717,0.061632,-1.426122,1.569692,-0.37328,0.773993,-0.047673,0.001227,0.631389,-0.28415,-0.02022,1.128086,4.501951,2.79846,4.259031,0.818865,0.047864,-0.035052,0.570904,2.248723,-0.655567,-0.764119,-4.266965,2.165526,-4.775388,0.755992,0.082645,-0.094132,0.642477
-0.022907,0.501782,-0.039543,-1.177269,2.718246,0.114855,0.77419,-0.050098,0.006718,0.630925,-0.155378,-0.691751,1.737892,4.042966,3.391722,5.370481,0.808568,0.051863,-0.042844,0.584538,2.183805,0.188369,-0.153249,-1.33728,2.166747,-3.619993,0.755322,0.099308,-0.077007,0.643186
-0.208621,0.91548,0.193895,-0.918844,2.526821,1.311267,0.772738,-0.056379,0.014255,0.632049,-0.250095,-0.974837,3.473655,6.322628,4.896848,6.896358,0.787396,0.055942,-0.054404,0.611482,2.083767,0.652375,-0.553401,2.973631,3.436888,-1.323852,0.757044,0.113197,-0.058187,0.640841
-0.268344,1.115647,0.354793,-1.990828,2.182254,2.612962,0.770047,-0.064955,0.023313,0.634237,0.029799,-3.466205,2.387073,4.093626,4.973752,6.999508,0.770188,0.07797,-0.082552,0.627621,1.931582,0.890763,-1.127022,1.047363,2.844237,2.149657,0.762377,0.124433,-0.036806,0.633983
-0.105538,1.256364,0.69295,-4.37408,2.421536,4.354937,0.765072,-0.073702,0.03475,0.638762,0.004257,-4.228195,2.428578,2.866209,5.151364,6.181637,0.750628,0.104221,-0.116042,0.642045,1.341997,1.181298,-0.146864,0.50415,1.625365,12.916252,0.762181,0.125819,-0.017753,0.634764
0.274344,1.153553,1.308997,-17.668602,13.409378,13.246666,0.756231,-0.078404,0.04827,0.647788,-0.089396,-4.058982,2.440285,-0.514526,2.911375,7.180171,0.729865,0.126858,-0.147566,0.655301,-0.30437,1.398401,1.683616,19.999378,-1.49475,19.999378,0.751719,0.115031,-0.012973,0.649238
1.602703,2.536727,2.718623,4.613362,0.047856,20.070997,0.738228,-0.079871,0.078625,0.665168,0.301178,-2.311513,0.323527,-2.145385,-2.219847,19.999378,0.724051,0.142096,-0.161692,0.655291,-1.610184,-6.682315,2.416872,-11.721795,-5.762326,-2.700194,0.73537,0.143824,-0.075437,0.657912
1.12901,-0.160898,3.244949,6.766902,-6.642476,25.689344,0.717464,-0.06737,0.085609,0.688018,0.562979,-1.194069,0.260737,4.46594,2.326048,13.043816,0.719949,0.154131,-0.165187,0.656218,0.119194,-2.482854,-3.658831,7.800289,12.116693,-19.999989,0.756495,0.165561,-0.087598,0.626597
1.045289,-1.929134,3.275219,-4.728218,-8.441878,20.137995,0.696928,-0.045239,0.079779,0.711247,0.962066,-0.107487,0.831165,2.604369,-2.036132,11.428826,0.712852,0.158577,-0.160606,0.663998,-2.036941,4.793303,14.793895,0.625,-14.188224,-6.69067,0.662959,0.10469,-0.089046,0.73593
-1.724603,-0.556596,0.694859,-1.282553,-10.068997,11.973684,0.691662,-0.054015,0.062414,0.717484,1.381374,0.9908,-2.001821,1.26831,-6.662594,13.361809,0.725266,0.163159,-0.141412,0.65373,-1.625083,4.118579,2.111437,-13.566887,-14.394523,19.691761,0.651964,0.059706,-0.075683,0.752092
-2.183025,-0.529053,-0.730311,1.875973,-4.776074,6.594619,0.69599,-0.0662,0.040747,0.713826,0.82478,2.624397,-0.408665,1.206054,-6.953121,15.637809,0.729857,0.150656,-0.116502,0.656529,-1.223867,-2.33599,0.323527,-3.6499,-11.859124,17.921133,0.648303,0.067198,-0.100832,0.751673
-0.679588,0.424606,-0.764945,-1.339981,-1.847259,11.609976,0.700893,-0.075188,0.036574,0.708343,0.103231,0.692815,2.837244,6.612545,-5.565793,17.471914,0.71137,0.141997,-0.116253,0.67843,-0.345876,-2.2881,-5.246665,9.42016,7.124019,9.544672,0.684595,0.08925,-0.114293,0.714349
0.305978,-0.003545,-0.439605,-3.952943,-1.397408,8.949157,0.704113,-0.074964,0.03921,0.705024,-0.386316,-1.052526,2.886198,1.083984,-8.207393,11.334832,0.690618,0.141231,-0.131183,0.697053,0.126644,-1.648496,-5.811773,3.911131,12.605583,2.083739,0.722945,0.109948,-0.118251,0.671767
-0.484329,0.360247,-0.408516,-3.445665,-0.717847,7.9346,0.706327,-0.082643,0.039202,0.701945,-0.065982,-0.733256,0.092588,-0.128174,-9.744257,7.866817,0.688917,0.144051,-0.137744,0.696893,0.164956,0.820523,-1.462255,-1.190185,9.873652,3.071898,0.733704,0.108467,-0.107978,0.662001
-0.993201,0.752673,-0.953932,0.545564,0.689133,7.570891,0.711935,-0.0934,0.036312,0.695053,-0.005321,0.190498,-2.025234,-0.109863,-5.675656,4.574583,0.702995,0.143728,-0.134404,0.683423,-0.157506,1.801746,0.793917,4.752194,5.490109,2.57263,0.730465,0.09645,-0.096393,0.669192
-0.56505,0.311159,-1.605976,-0.641276,1.971686,6.30748,0.722332,-0.098499,0.03417,0.683636,0.073432,1.041883,-4.735834,-1.222533,-1.074829,1.160888,0.735902,0.141524,-0.11927,0.651295,0.241581,1.942224,2.143364,5.656735,-2.286376,7.48962,0.717216,0.083383,-0.084551,0.686652
0.283071,0.17726,-1.421625,-0.315853,0.535992,3.311666,0.732203,-0.09635,0.036794,0.673225,-0.209654,1.397337,-4.365481,-0.263061,5.645138,-0.784912,0.765674,0.137406,-0.102755,0.619916,0.259673,2.118887,0.225617,8.890376,-7.546382,16.300039,0.716866,0.070016,-0.069662,0.690174
0.529053,0.500419,-0.743674,-2.15354,-0.277567,-0.765703,0.737302,-0.097634,0.044535,0.666979,-1.067425,0.409729,0.181984,-0.876464,4.850461,-5.399167,0.766489,0.128212,-0.105506,0.620416,-0.131965,-0.647053,-0.122387,11.106561,-4.534299,10.539545,0.717138,0.074174,-0.077003,0.688675
0.2528,-0.072268,-0.685314,-4.488935,-0.507278,-2.632105,0.741942,-0.097094,0.046274,0.661774,-0.611934,0.519345,-0.689623,-0.428467,15.86669,2.043456,0.772236,0.122452,-0.103075,0.614836,-0.026606,-2.07951,0.427821,10.16601,-3.783567,9.921259,0.712223,0.08855,-0.094246,0.689932
0.288252,0.1249,-0.921479,-5.197211,-1.521835,-1.148555,0.748051,-0.097864,0.049239,0.65453,1.411172,0.525731,-3.261872,17.973013,19.999378,19.999378,0.790546,0.135301,-0.086005,0.591039,-0.393766,-4.988057,-1.322841,4.154661,-19.999989,11.097405,0.71584,0.119903,-0.132599,0.674986
0.647953,0.701404,-0.847848,-0.086142,-3.493521,1.550549,0.75392,-0.099407,0.056475,0.646935,2.376431,-1.461191,3.450242,9.971308,0.62622,19.142445,0.764611,0.160018,-0.089965,0.617789,-3.076696,-2.244466,1.564422,-16.184683,-1.402587,5.064084,0.705627,0.109508,-0.169984,0.679114
0.654498,0.683678,-1.10283,1.837688,-4.067799,4.766503,0.761443,-0.099915,0.062824,0.63739,1.792167,-5.569128,4.855028,16.11022,-12.485955,11.563714,0.724295,0.202743,-0.130768,0.645898,-1.296235,-2.442413,-4.409115,-15.143424,18.500965,-6.222531,0.732252,0.124716,-0.1892,0.64222
0.305978,-0.530144,-1.787326,-0.239282,-0.794417,6.384051,0.773559,-0.0945,0.057166,0.624019,1.162142,-4.316526,1.023792,5.299069,-15.280143,5.708004,0.708653,0.23625,-0.157937,0.64579,-0.267122,-4.141993,-7.086724,17.644033,15.010367,-0.76416,0.767599,0.164084,-0.211862,0.582216
-0.379064,-0.824668,-1.216549,-1.914258,3.570091,2.124826,0.781044,-0.091987,0.048992,0.615711,0.482097,-4.898662,-0.121322,-3.374022,-15.007926,-3.700559,0.699474,0.269851,-0.190215,0.633819,-1.160013,-2.26043,1.638918,0.803222,11.79992,3.352049,0.755204,0.166208,-0.237281,0.58799
-0.219257,0.401698,0.01609,-0.449851,4.862216,4.048656,0.780499,-0.094546,0.051932,0.615773,0.883313,-4.358032,-3.665216,0.567627,-0.450439,0.232544,0.710274,0.309629,-0.206679,0.597425,-1.820902,-2.686123,1.083389,17.745352,-9.066768,19.999378,0.7445,0.164677,-0.271525,0.587253
0.82385,1.076923,1.329723,3.244668,3.694518,7.79103,0.772501,-0.092119,0.066351,0.624776,1.779397,-4.184562,-3.921696,2.409056,8.892817,12.786858,0.718901,0.354754,-0.211579,0.559068,-0.917368,-2.07206,3.604555,-11.446527,9.334101,-1.403197,0.719052,0.160323,-0.296628,0.607671
2.58336,1.953405,2.484912,2.344966,-2.574677,7.398608,0.757694,-0.082303,0.097878,0.639951,2.200833,-2.797867,0.388445,1.797484,7.764888,7.873531,0.703221,0.385371,-0.218976,0.555887,-0.862028,-3.85465,0.967387,15.174552,-2.719725,-15.773307,0.702028,0.175378,-0.33234,0.604931
2.081305,2.133938,2.33356,-1.024128,-7.12104,7.49432,0.742081,-0.079192,0.127745,0.653236,1.473962,-5.398851,3.650317,-0.249634,5.397946,1.227416,0.664485,0.417758,-0.260773,0.562074,-0.246902,-0.495932,2.912804,-5.941769,-3.203123,0.520019,0.682864,0.165561,-0.341948,0.623978
0.122173,0.650953,1.164735,-0.507278,-6.479764,5.9342,0.733938,-0.082267,0.132751,0.661012,0.555529,-3.607748,2.229567,8.123775,2.105712,1.142578,0.638963,0.436531,-0.291515,0.562298,-0.017028,-2.589277,3.245909,-0.072021,0.462646,7.927241,0.65367,0.169842,-0.36351,0.641655
-0.040633,-0.021817,0.628046,-0.765703,0.430708,5.178068,0.729905,-0.080103,0.131654,0.665944,0.385252,-2.950052,2.829794,5.61401,-5.046384,-1.088256,0.611254,0.446635,-0.321933,0.568539,-0.280957,-2.466891,1.341997,-3.05908,-10.278315,16.453238,0.636344,0.177517,-0.383022,0.645631
-0.458694,0.993474,1.429534,-2.727818,2.498107,8.451449,0.718341,-0.08675,0.138341,0.67625,0.466134,-3.465141,1.529302,1.72119,-5.85693,0.461426,0.58823,0.463042,-0.348202,0.564203,-0.034055,-6.086345,-3.651381,-1.145019,-4.003294,2.221068,0.634806,0.228462,-0.414663,0.610634
-0.954477,0.19035,1.054561,-1.550549,2.0004,10.298709,0.71004,-0.091532,0.133813,0.685237,1.019535,-2.146557,-0.349068,5.012815,-6.153561,-1.855468,0.57676,0.481858,-0.35494,0.556031,0.390573,-3.789732,1.163206,2.57263,7.101436,-13.369743,0.610362,0.250603,-0.439445,0.609537
-1.376356,-1.803143,0.077722,1.48355,-1.445265,10.82513,0.710712,-0.088134,0.109853,0.689235,0.508703,-3.648189,-0.376738,19.999378,12.775261,0.657348,0.563306,0.507437,-0.370475,0.536595,0.320334,-2.052904,3.027741,-0.114136,-3.610838,-2.88513,0.580648,0.250978,-0.458889,0.623916
-2.828252,-1.805052,-0.461149,-0.325424,1.732404,12.423535,0.713042,-0.094464,0.076351,0.690514,1.765561,-3.284221,3.73652,15.894766,19.999378,12.913811,0.522343,0.52069,-0.396735,0.546474,-0.25648,-3.024549,2.88407,-3.28491,-1.201782,-2.794188,0.548252,0.254364,-0.485757,0.631467
-3.423845,-3.171318,-1.009564,-1.397408,-0.334995,11.629118,0.718525,-0.096282,0.02771,0.68824,1.012085,-2.464762,2.230631,4.329221,-19.999989,-9.582514,0.493602,0.529969,-0.416806,0.549322,-0.836487,-2.732949,3.510903,-0.697021,-6.000363,-4.90112,0.513265,0.2491,-0.51594,0.638987
-3.57438,-3.924264,-1.070105,-1.158126,-2.172683,14.806787,0.722598,-0.094469,-0.027959,0.684206,-0.326719,-3.715235,0.959938,0.902709,2.772825,-3.143309,0.474156,0.54581,-0.441632,0.531243,-0.128772,-1.937967,3.647125,1.464233,-14.323112,1.517944,0.478904,0.240428,-0.536128,0.65223
-3.935445,-5.130995,-1.382083,-2.201397,0.631705,12.969099,0.725396,-0.086343,-0.091334,0.676754,0.00745,-2.586085,2.988365,11.849969,4.133298,1.072387,0.447638,0.54655,-0.468645,0.530346,0.390573,-1.750662,1.997564,4.645993,-16.077261,0.604248,0.454273,0.241658,-0.54757,0.659846
-4.0538,-5.577963,-0.922843,-2.115255,-0.583849,9.312865,0.721391,-0.077159,-0.157742,0.669889,-0.069175,-2.139107,3.999385,8.8446,3.425901,3.395994,0.417339,0.538203,-0.499034,0.535838,-0.449106,-0.543823,2.181676,19.836414,-17.853384,-4.487913,0.437063,0.231242,-0.559408,0.66525
-3.275492,-4.748659,-1.239729,3.751946,-1.292124,13.706088,0.718765,-0.06502,-0.214163,0.658237,-0.705586,-1.395209,3.405544,8.499751,1.057128,-1.558227,0.396272,0.526612,-0.526156,0.537402,-1.354768,1.399466,2.961759,19.963978,-17.313223,-0.429687,0.427267,0.199352,-0.570031,0.672873
-2.339832,-4.28751,-1.453259,6.613762,-3.665804,18.31945,0.717102,-0.048573,-0.260605,0.644579,-1.249409,-0.862028,1.78791,7.905879,-5.26489,-2.595213,0.387154,0.516213,-0.546748,0.533568,-3.175669,2.407294,4.167534,19.999378,-19.999989,1.774901,0.417729,0.145427,-0.58965,0.675765
-1.147009,-4.50404,-0.949841,6.058627,-13.476377,19.314865,0.709639,-0.026942,-0.3012,0.636362,-1.359025,0.17347,0.625769,5.991208,-10.797113,-2.271727,0.390506,0.505758,-0.557444,0.530057,-3.905733,3.165027,3.017099,18.664539,-19.958485,10.681757,0.421125,0.089046,-0.60523,0.669636
-0.789489,-5.494787,-1.732785,6.60419,-20.195423,15.227923,0.702158,0.006082,-0.346061,0.622232,-0.503382,0.805624,-1.945417,19.999378,-11.641839,0.136719,0.407109,0.509193,-0.547393,0.524726,-4.247352,1.520788,2.929832,11.228631,-19.999989,8.751216,0.413417,0.04189,-0.628419,0.657582
-1.307633,-6.828873,-3.150047,8.729017,-19.334007,7.34118,0.695528,0.048962,-0.402039,0.593465,0.455491,-0.459748,0.501253,19.877918,5.299069,-0.81604,0.400847,0.511457,-0.54844,0.52625,-3.876999,0.048955,0.031927,10.084833,-17.613516,7.297359,0.414772,0.024538,-0.652383,0.633837
-2.352649,-6.822601,-3.322943,13.390236,-12.930814,2.909672,0.686112,0.08582,-0.461805,0.555531,-0.270315,0.25648,3.735456,19.999378,-3.803098,-7.653194,0.382976,0.48885,-0.568297,0.539802,-3.134164,-1.267501,-2.458377,6.731564,-7.279659,6.900021,0.423128,0.035789,-0.675404,0.602912
-2.732258,-6.589436,-2.480549,17.706888,-3.665804,0.258425,0.669526,0.11573,-0.519642,0.517983,-0.863092,-0.242645,6.947309,19.998768,-18.988026,-14.462882,0.346013,0.446049,-0.607528,0.558764,-3.221431,-0.770504,-0.516153,10.317377,-13.075554,1.982421,0.422586,0.030309,-0.696531,0.579084
-2.811616,-6.364997,-1.411808,18.826729,-3.866802,0.019143,0.644997,0.137774,-0.57468,0.484492,-0.453363,-0.526795,3.575821,19.889515,-16.246328,-9.159541,0.323238,0.425053,-0.628536,0.565493,-2.840436,-1.944353,0.421436,14.046013,-14.832755,7.175899,0.407931,0.026809,-0.720026,0.560738
-2.518728,-5.465335,-0.535598,15.610775,-6.766902,2.057827,0.617802,0.15106,-0.62132,0.457663,-0.023413,-0.943974,0.023413,19.955433,-13.525383,-3.881834,0.315892,0.429119,-0.632587,0.562045,-2.484982,-2.812766,2.659517,13.192131,-16.389151,4.216917,0.373604,0.013272,-0.74451,0.553118
-1.539708,-5.223989,-0.608956,15.151353,-7.101898,2.842673,0.588555,0.167775,-0.65952,0.436441,0.179855,-0.951424,-0.153249,14.628287,-8.143916,8.134151,0.310329,0.435525,-0.6333,0.559408,-2.136979,-2.96708,3.78441,10.564569,-18.084097,-2.209471,0.329186,-0.007797,-0.766767,0.551033
-1.339267,-5.510877,-1.112102,10.777273,1.320838,-2.986243,0.558392,0.192253,-0.695192,0.409803,-0.500189,-2.180612,0.550208,11.831658,-6.878658,-0.679931,0.295584,0.441788,-0.644669,0.549405,-1.532495,-2.51691,1.447356,10.383905,-12.246697,-5.915524,0.301922,-0.009321,-0.783758,0.542652
-0.763582,-3.752458,-1.214095,5.905486,1.359123,-10.461421,0.537485,0.212341,-0.717395,0.389048,-0.934396,-2.625461,1.098288,8.298945,-11.068719,-8.397212,0.275183,0.445866,-0.663226,0.534417,-1.288785,-2.540323,0.677916,9.041743,-8.279414,-7.182613,0.278446,-0.003983,-0.798829,0.533213
-0.125718,-2.082396,-1.080195,6.23091,-1.808974,-12.547962,0.525758,0.22782,-0.727716,0.376958,-1.644239,-3.129908,0.407601,6.095578,-10.101313,-8.605952,0.257921,0.454777,-0.683093,0.509932,-1.469705,-1.688937,0.885441,3.503416,-5.999753,-6.303097,0.259599,-0.006056,-0.812057,0.522616
0.270526,-1.340086,-0.526053,5.656633,-3.579663,-11.609976,0.516054,0.23826,-0.733628,0.372429,-1.80281,-3.408736,-0.903533,4.443967,-7.545162,-5.684811,0.245626,0.47282,-0.697427,0.479266,-1.637854,-2.022042,1.8507,0.564575,-8.311152,-4.693601,0.231718,-0.015719,-0.825876,0.51379
-0.044724,-1.471258,-0.625591,6.680761,-4.058227,-12.337394,0.506359,0.24822,-0.740929,0.364695,-1.694258,-3.544958,-1.530366,1.492309,-4.634397,-4.46655,0.234377,0.495526,-0.70739,0.44622,-1.676166,-3.051154,0.425693,0.761108,-12.806389,-4.67529,0.202467,-0.00853,-0.840927,0.501764
-0.143172,-1.114556,-0.937024,7.532606,-4.115655,-9.466006,0.500555,0.258566,-0.745761,0.355557,-1.25473,-3.679051,-2.676544,-0.177612,-4.621579,-4.437864,0.224589,0.527018,-0.708471,0.412156,-1.547394,-3.39703,-0.474648,0.352783,-11.79931,-5.45654,0.174421,0.008304,-0.855078,0.488203
-0.086994,-0.875937,-1.345812,8.154739,-3.761517,-8.288737,0.497727,0.271346,-0.747905,0.345354,-0.708779,-4.140928,-2.84895,-1.225585,-4.10095,-4.919431,0.20882,0.561778,-0.705614,0.378022,-1.486733,-3.557729,-1.413301,0.62561,-8.743892,-4.858396,0.14921,0.034117,-0.867866,0.472623
-0.029998,-0.817032,-2.094395,6.977471,-1.292124,-3.828516,0.498006,0.290148,-0.74696,0.331433,-0.398023,-4.04089,-2.727628,-1.350097,-1.749877,-5.400998,0.191185,0.594933,-0.700171,0.345334,-1.454806,-3.509839,-1.662331,-0.12085,-7.105098,-4.474485,0.12527,0.061948,-0.878868,0.456128
0.023998,-0.46333,-2.474822,5.848059,1.445265,-2.230111,0.503064,0.311358,-0.741558,0.316332,-0.240517,-4.098359,-2.527552,-2.107543,0.03418,-5.823361,0.171404,0.625977,-0.69356,0.312635,-1.613376,-3.669473,-1.611248,-0.438843,-6.059567,-4.820554,0.099523,0.089882,-0.889375,0.437059
-0.069813,-0.293433,-2.543817,3.991228,3.302095,-1.464407,0.509614,0.331724,-0.73474,0.300669,-0.22881,-4.047276,-2.179548,-2.180175,0.776367,-6.014401,0.150564,0.653079,-0.687275,0.280112,-1.757048,-3.890834,-0.924818,-0.175171,-3.995969,-4.95239,0.06914,0.11276,-0.899887,0.415573
-0.241892,-0.541052,-2.261565,4.642076,4.383651,-1.962115,0.51366,0.349673,-0.730173,0.284114,-0.289471,-3.688629,-1.276015,-1.854857,1.589355,-6.8634,0.129963,0.671672,-0.685099,0.250196,-1.907104,-3.408736,-0.142607,-0.111694,-2.216185,-4.162595,0.040301,0.126573,-0.91002,0.392698
-0.19035,-0.718585,-1.970586,5.455636,3.512664,-2.756532,0.51494,0.366171,-0.727099,0.268466,-0.37461,-3.274643,0.006385,-2.401732,1.522826,-8.386226,0.10928,0.679339,-0.690261,0.223802,-2.128465,-3.427892,0.499125,-0.170898,-1.525268,-3.952024,0.009198,0.134406,-0.920316,0.367235
0.002182,-0.799579,-1.724331,5.924629,2.277967,-3.292524,0.513655,0.381922,-0.724742,0.25502,-0.674723,-2.494561,1.135536,-3.306273,1.116332,-9.534296,0.093243,0.676366,-0.70224,0.201707,-2.089088,-2.857464,0.420372,0.411377,-1.150512,-3.948972,-0.01565,0.140922,-0.928863,0.342201
0.218166,-1.057833,-1.369538,6.317052,1.713261,-3.952943,0.508096,0.396577,-0.724557,0.244078,-1.017406,-2.060354,1.595284,-3.122557,-0.702514,-10.689692,0.081213,0.668285,-0.717068,0.180566,-1.90604,-2.606305,0.470391,-1.119995,-1.654662,-4.348142,-0.039844,0.145345,-0.935675,0.319047
0.329704,-1.201277,-1.119192,6.766902,1.071985,-4.096512,0.499939,0.409987,-0.725803,0.234891,-0.993993,-1.736827,0.358646,-2.113646,-2.168578,-10.868524,0.07321,0.667979,-0.722873,0.160907,-1.646368,-2.784032,0.53318,-1.3385,-1.990966,-3.657224,-0.066749,0.149278,-0.940397,0.298171
0.408789,-1.10692,-1.015291,6.163911,0.775275,-4.383651,0.491477,0.422496,-0.726782,0.227436,-0.656631,-1.651689,-1.523981,-0.230713,-1.379394,-9.952997,0.066631,0.681083,-0.715074,0.142644,-1.56655,-2.183805,0.103231,-3.669431,-1.885985,-4.76257,-0.086768,0.155299,-0.943628,0.279127
0.467694,-0.974385,-0.848939,6.077769,0.650848,-5.570491,0.483067,0.433593,-0.727594,0.221905,-0.202204,-0.88757,-2.664838,0.875854,0.05249,-9.10583,0.064927,0.701226,-0.697701,0.131422,-1.481412,-0.589585,-0.874799,-2.878416,-1.536254,-5.082395,-0.088944,0.165991,-0.946046,0.263675
0.504509,-0.576231,-0.693223,6.652047,0.392423,-6.613762,0.476859,0.442688,-0.727014,0.219262,0.186241,-0.77689,-2.905354,1.137084,1.14624,-8.681026,0.0624,0.72259,-0.6773,0.123395,-1.329226,-0.011707,-0.757733,-2.500609,-2.205199,-6.188351,-0.08615,0.173915,-0.948505,0.250323
0.550597,-0.205349,-0.524962,7.877172,0.612563,-6.74776,0.472745,0.449909,-0.725217,0.219422,0.372481,-0.95036,-2.11463,0.969848,1.479491,-9.01794,0.056334,0.738382,-0.661971,0.115778,-1.232381,-0.194755,-0.45017,-1.70227,-3.435667,-7.166744,-0.086127,0.179279,-0.950841,0.237349
0.604048,-0.016908,-0.419424,9.456435,1.091127,-7.054041,0.469572,0.456237,-0.72278,0.221201,0.371417,-1.065297,-0.229874,0.959472,-0.063477,-9.946894,0.046165,0.741493,-0.660534,0.108364,-1.120637,-0.207525,-0.113873,-1.224975,-4.492185,-7.879024,-0.087701,0.181326,-0.952965,0.226448
0.565323,0.294797,-0.354793,9.628718,1.196411,-6.412765,0.468701,0.461221,-0.719193,0.224383,0.282022,-1.215353,0.300114,2.307127,-1.352538,-11.004632,0.033851,0.740737,-0.663133,0.102024,-0.920561,-0.487418,0.22881,-2.243651,-5.193479,-8.583369,-0.092961,0.180626,-0.95481,0.216936
0.356156,0.398971,-0.206167,9.360723,1.033699,-5.723632,0.469115,0.463781,-0.716307,0.227453,0.234131,-1.306877,0.372481,3.698118,-2.523802,-13.304436,0.022675,0.739413,-0.665998,0.095873,-0.607677,-0.087267,-0.305435,-3.020018,-4.816892,-9.977411,-0.093846,0.183832,-0.955514,0.210672
0.076358,0.374973,-0.126264,10.068997,0.631705,-4.977071,0.47143,0.463227,-0.714083,0.230763,0.188369,-1.24728,0.538502,2.544554,-3.793333,-14.451896,0.011013,0.73681,-0.67008,0.089301,-0.461877,-0.773697,-1.0057,-4.191892,-5.941769,-9.862665,-0.100014,0.195103,-0.953682,0.205948
-0.05645,-0.034088,0.030543,10.710274,0.468993,-5.436493,0.470522,0.461983,-0.715146,0.231817,0.203268,-3.44492,0.509767,1.353759,-3.919065,-14.869987,-0.015832,0.735874,-0.673701,0.066016,-0.153249,-1.258987,-0.923754,-4.9353,-6.044308,-10.690302,-0.111584,0.206236,-0.950702,0.202913
-0.198258,-0.170715,0.177805,10.671989,0.937986,-5.618348,0.46847,0.459798,-0.718091,0.231213,0.17347,0.574686,-1.167463,1.21704,-3.221434,-14.319449,-0.013802,0.743139,-0.664993,0.073009,0.070239,-1.184491,0.18092,-5.069577,-5.45776,-11.116326,-0.125133,0.206388,-0.94949,0.200513
-0.335158,-0.145899,0.247891,10.518848,1.330409,-5.790631,0.467537,0.457471,-0.721123,0.228261,0.126644,1.496311,-0.526795,0.929565,-2.100829,-13.527824,-0.006363,0.745316,-0.661185,0.085379,0.279893,-1.343061,0.969516,-4.912107,-4.234617,-11.339715,-0.141939,0.199043,-0.949212,0.198046
-0.385609,-0.213257,0.207531,10.432707,2.143969,-5.465207,0.468042,0.455524,-0.723377,0.223946,0.135158,1.602734,-0.296921,0.395508,-1.509399,-12.692863,0.002237,0.745842,-0.659061,0.09667,0.434207,-1.672973,0.432078,-2.940062,-4.211423,-11.282952,-0.159913,0.197325,-0.947065,0.19634
-0.307887,-0.39379,0.199077,10.365707,2.45025,-5.168497,0.46718,0.454213,-0.726093,0.219576,0.134093,0.7141,-0.1458,-0.004272,-1.114501,-12.080682,0.005116,0.746173,-0.657999,0.101136,0.506575,-1.517595,-0.349068,-1.799315,-4.211423,-11.632684,-0.173165,0.202961,-0.943293,0.197513
-0.205349,-0.205894,0.182441,10.547563,3.034099,-4.881358,0.467373,0.452915,-0.727564,0.216961,0.097909,0.684301,-0.154314,-0.227661,-0.989379,-11.932366,0.008117,0.746573,-0.65689,0.105116,0.619383,-0.799239,-0.087267,-1.874999,-3.948362,-10.467524,-0.180359,0.20447,-0.940932,0.200751
-0.101175,0.149444,0.254709,9.064013,3.129812,-5.04407,0.469038,0.451148,-0.72772,0.216527,-0.077689,1.680423,-0.157506,-0.077515,-1.107787,-10.767817,0.018798,0.745822,-0.655785,0.115469,0.701329,0.186241,0.152185,-3.069456,-3.617552,-9.411005,-0.18041,0.201123,-0.940599,0.205589
-0.026725,0.160625,0.437696,7.71446,3.101098,-4.900501,0.469656,0.448477,-0.728705,0.217423,-0.312884,1.118508,-0.269251,0.021973,-0.859985,-10.005487,0.027774,0.746307,-0.654101,0.119988,0.723678,0.442721,-0.125579,-3.060301,-3.445433,-8.489985,-0.177958,0.199703,-0.940017,0.211682
0.101993,0.213257,0.519781,6.814759,2.938386,-4.986642,0.469533,0.445713,-0.729739,0.219889,-0.432078,0.661953,-0.290535,0.271606,-0.966186,-9.797968,0.034514,0.747383,-0.652473,0.12041,0.707714,0.368224,-0.340554,-2.842406,-3.272093,-8.198237,-0.175549,0.200518,-0.938893,0.217823
0.211076,0.34443,0.595048,6.183053,2.775674,-5.216353,0.469418,0.442581,-0.730418,0.224166,-0.487418,0.88012,-0.323527,0.859375,-0.705566,-8.693233,0.043306,0.748377,-0.650515,0.121979,0.65131,0.362903,-0.324591,-2.471922,-3.178099,-8.120112,-0.172676,0.201402,-0.937928,0.223388
0.23971,0.809124,0.572686,6.795616,2.823531,-5.18764,0.472755,0.438699,-0.728621,0.23054,-0.534245,0.675788,-0.194755,1.157836,-0.442505,-8.244624,0.051301,0.748759,-0.649561,0.121616,0.609805,0.433143,-0.393766,-2.456053,-3.206785,-8.065181,-0.168984,0.202829,-0.936986,0.228808
0.213803,0.903753,0.605138,7.034899,2.096113,-5.091927,0.476542,0.434146,-0.726671,0.237415,-0.574686,0.722614,-0.158571,1.376952,-0.3656,-8.203731,0.059914,0.7488,-0.648827,0.121339,0.606613,0.62364,-0.561915,-2.907103,-3.308104,-8.436885,-0.163533,0.205288,-0.935919,0.234865
0.200167,1.150008,0.559869,7.369894,1.282553,-4.565506,0.482061,0.429132,-0.723419,0.245193,-0.618319,0.755605,-0.097909,1.428832,-0.495605,-8.104243,0.068424,0.748291,-0.648573,0.121336,0.624704,0.752412,-0.626833,-3.561399,-3.598631,-8.699946,-0.157285,0.207895,-0.934691,0.241631
0.224166,1.319905,0.477784,7.628319,0.746561,-4.019942,0.488653,0.424224,-0.718957,0.253661,-0.684301,0.555529,0.232003,1.361083,-0.322876,-8.42895,0.075823,0.745819,-0.650925,0.119553,0.704522,0.953552,-0.719421,-4.306638,-4.122922,-8.784175,-0.14951,0.21066,-0.933128,0.250066
0.222802,1.310088,0.496873,8.097312,0.468993,-3.570091,0.494938,0.419017,-0.714594,0.262313,-0.715164,0.65876,0.614062,1.566772,-0.079346,-9.269403,0.083904,0.740684,-0.655972,0.118486,0.869478,1.266437,-1.207904,-4.790647,-5.305783,-8.669429,-0.138174,0.216885,-0.930163,0.262023
0.168533,1.105284,0.563141,8.834301,0.248854,-3.589234,0.499478,0.41216,-0.711779,0.272045,-0.704522,0.924818,0.649182,1.853026,-0.0177,-10.108637,0.09355,0.734927,-0.660941,0.1195,0.9908,1.50376,-1.326034,-4.594113,-6.079098,-8.397822,-0.124551,0.22333,-0.926499,0.276047
0.077449,0.905662,0.649862,9.351151,-0.200997,-4.134798,0.502469,0.405313,-0.71061,0.279771,-0.608741,1.044012,0.790725,1.449584,-0.222778,-11.200555,0.102665,0.728033,-0.666659,0.122412,1.02592,1.87837,-1.362217,-4.298704,-6.650997,-8.173823,-0.107343,0.228891,-0.922605,0.291337
0.006545,0.840485,0.637591,9.954143,-0.717847,-4.441079,0.505248,0.398183,-0.709869,0.286798,-0.507639,1.786846,0.839679,2.152709,-0.528564,-11.846917,0.115634,0.719776,-0.671705,0.131743,1.054654,2.227438,-1.189812,-4.581296,-7.231441,-8.323359,-0.087392,0.231618,-0.918838,0.307317
-0.022362,0.864483,0.575959,10.815558,-1.052842,-4.316652,0.508494,0.390929,-0.708742,0.293744,-0.441656,2.129529,0.809881,1.436767,-1.178588,-12.520134,0.130279,0.71101,-0.675811,0.144095,1.098288,2.782968,-1.268565,-5.157468,-7.814937,-8.971553,-0.062122,0.233074,-0.914552,0.32466
0.004363,1.034108,0.567777,11.542976,-1.26341,-3.684947,0.513411,0.382793,-0.706107,0.302132,-0.532116,2.365789,0.722614,0.626831,-1.558837,-12.848503,0.147237,0.702004,-0.678794,0.157295,1.186619,3.550279,-1.603798,-5.083615,-7.816768,-8.84521,-0.028875,0.234706,-0.90858,0.344315
0.117264,1.038198,0.584958,12.107682,-1.196411,-2.526821,0.518995,0.375275,-0.702186,0.31103,-0.571493,2.983043,0.385252,0.742797,-2.208861,-12.716667,0.169007,0.693721,-0.678128,0.174134,1.352639,4.452748,-1.819837,-4.940183,-7.615352,-8.244014,0.012992,0.234641,-0.900062,0.366954
0.246255,0.916571,0.635409,12.825529,-0.660419,-2.517249,0.523438,0.368778,-0.698249,0.320087,-0.566172,3.608812,0.336297,0.947265,-2.558592,-11.987298,0.194857,0.68393,-0.675399,0.195186,1.514403,5.16472,-2.181676,-5.042722,-7.238155,-6.797482,0.062244,0.234539,-0.887502,0.391725
0.456785,0.822759,0.723221,12.260823,-0.057428,-2.507678,0.526393,0.363843,-0.694149,0.329661,-0.610869,3.988743,0.506575,0.534668,-2.599486,-10.880731,0.223006,0.671207,-0.672296,0.21854,1.543137,5.655331,-2.76594,-4.143674,-6.641232,-5.982052,0.117826,0.236788,-0.870012,0.416077
0.836667,0.739583,0.80776,10.920842,0.057428,-1.225125,0.52694,0.360275,-0.689442,0.342342,-0.628961,4.571942,0.486354,-0.930786,-1.762084,-9.865717,0.25502,0.6562,-0.666613,0.244918,1.472898,6.327926,-3.222496,0.436401,-3.258665,-1.573485,0.181315,0.238919,-0.846439,0.439973
1.24082,0.452967,1.067105,7.666604,0.057428,-3.579663,0.521174,0.35863,-0.68721,0.357066,-0.760926,5.453127,1.091902,-1.39038,-1.224365,-7.995601,0.291738,0.633069,-0.661336,0.277018,1.198326,4.632604,-3.82698,19.999378,3.211668,12.628166,0.234877,0.252864,-0.821634,0.453654
1.349358,0.224166,1.685333,5.359923,-3.924229,-6.518049,0.510288,0.353105,-0.688274,0.375758,-0.873735,6.159777,0.879056,-1.730956,-0.607299,-5.187985,0.333597,0.606951,-0.650739,0.311215,0.111744,1.343061,-1.54633,19.519032,-11.333611,19.999378,0.253124,0.259651,-0.813396,0.454849
1.810779,4.493677,1.710423,1.387837,-2.536392,-4.575077,0.526214,0.333237,-0.665002,0.412088,-0.373546,6.71105,0.69388,4.503782,4.836423,6.114499,0.377287,0.578836,-0.631855,0.351219,1.19194,-3.23101,-6.876006,16.696157,4.104002,5.933224,0.255187,0.332774,-0.79545,0.437484
0.847303,2.784618,0.47942,4.287938,-6.317052,4.709075,0.539806,0.322087,-0.647874,0.430256,0.912047,6.314091,0.272444,19.999378,14.310294,19.999378,0.410917,0.557059,-0.60463,0.394013,1.240895,-1.634661,1.616569,18.170156,6.183468,-3.654783,0.232069,0.330785,-0.798952,0.445413
-0.01909,-1.004382,-0.317704,10.164711,-3.512664,3.570091,0.535223,0.327729,-0.651684,0.425945,2.527552,2.112501,3.950431,17.453604,8.437495,15.773307,0.394264,0.534294,-0.606657,0.437086,0.168149,-0.689623,4.228195,0.847167,-7.648921,-16.685171,0.205643,0.300156,-0.813992,0.452799
0.070631,-0.677951,-0.182987,15.323636,-1.215554,6.967899,0.532169,0.331997,-0.653567,0.423575,1.422879,-4.353775,5.315841,18.998402,-19.478138,1.35498,0.335615,0.524523,-0.644691,0.4434,-1.466512,-0.133029,4.298435,-1.392821,-12.276605,-11.907952,0.187584,0.261872,-0.833692,0.448537
0.421879,-0.210803,0.413425,13.284951,-0.622134,6.355337,0.528465,0.332263,-0.653433,0.428186,2.08696,-3.315084,-0.159635,18.338001,-13.577873,0.098267,0.303521,0.546097,-0.645193,0.439739,-1.0057,0.650246,1.630404,2.210082,-9.710077,-8.518062,0.186557,0.242764,-0.841768,0.444613
-0.529871,-0.134718,0.65668,13.715659,-1.684547,4.814359,0.527347,0.3255,-0.657742,0.42816,1.866664,-2.279586,-4.01322,9.07043,-13.011467,-4.212034,0.29485,0.586258,-0.621705,0.427597,-0.377802,1.585706,3.825915,4.716794,-9.501337,-5.857541,0.182332,0.201685,-0.849031,0.453009
-0.908662,-1.223639,0.259345,11.916257,-1.052842,0.143569,0.522267,0.324784,-0.66788,0.419142,1.135536,-3.376809,-3.073503,8.000484,-8.895259,-8.437495,0.278361,0.622064,-0.609069,0.405683,-0.484226,0.39483,4.272893,1.887206,-14.056999,-5.913083,0.16587,0.161679,-0.858284,0.457915
-0.455149,-2.163663,-0.099266,15.639489,-2.775674,-2.909672,0.509189,0.332915,-0.681128,0.40737,1.011021,0.111744,-2.192319,8.895259,-5.194089,-6.176144,0.280075,0.636994,-0.591606,0.407173,-0.446978,-0.280957,1.54633,2.142333,-18.498524,-4.788205,0.156253,0.148222,-0.862895,0.457185
-0.222257,-2.057852,0.044997,10.60499,-3.684947,-4.326223,0.49444,0.339767,-0.693522,0.398883,0.728999,-1.638918,0.484226,7.387691,-1.313476,-3.988645,0.263837,0.641997,-0.596034,0.403688,0.057469,-0.33949,-1.246216,2.582396,-10.382685,-6.130978,0.157406,0.159682,-0.861301,0.455935
-0.01009,-0.44615,0.688314,5.723632,-4.086941,-5.149354,0.487211,0.336519,-0.69921,0.400597,0.377802,1.39308,0.335233,5.725705,0.010376,-3.07556,0.269903,0.635588,-0.592089,0.415455,0.534245,0.630026,-2.731885,1.804808,-13.36425,-5.02258,0.173364,0.180366,-0.852966,0.458097
-0.023726,0.976294,0.451059,6.805188,-3.282953,-2.919244,0.490902,0.32887,-0.697072,0.406131,0.20859,0.716228,0.725807,5.244138,-2.062377,-4.015501,0.26812,0.628628,-0.594793,0.423263,1.311134,-4.171791,-2.45412,2.0166,-10.595087,-1.984252,0.145843,0.221845,-0.848355,0.45804
0.099811,1.721058,-0.065995,8.556734,-4.067799,-1.177269,0.502247,0.32161,-0.688032,0.413423,-0.024477,1.443099,-1.422879,2.993162,-5.812985,-5.923459,0.281121,0.630602,-0.582951,0.428335,0.920561,2.992621,-3.332112,5.270993,-0.19165,-1.58142,0.185618,0.238215,-0.831204,0.466789
0.359429,1.166098,-0.15817,8.260024,-3.397808,-2.096113,0.508412,0.318972,-0.681131,0.419316,-0.11068,0.288407,-1.328162,1.058959,-5.885617,-6.48315,0.287509,0.636709,-0.575192,0.425542,0.069175,2.127401,-1.7198,4.314573,-0.792846,-4.216917,0.21203,0.243561,-0.822833,0.467609
0.658862,0.796579,-0.139626,8.480164,-2.306681,-1.502693,0.511248,0.320004,-0.674825,0.425237,-0.142607,-0.630026,0.345876,3.305052,-4.576414,-5.199582,0.281594,0.636819,-0.580805,0.421692,0.212846,5.667037,-0.616191,2.070922,-2.227782,-5.590817,0.259976,0.222548,-0.807968,0.479651
0.89639,0.613592,-0.150262,8.729017,-1.502693,-0.880559,0.514258,0.324005,-0.66657,0.431549,-0.048955,-1.103609,1.243023,6.022946,-3.276365,-4.135129,0.268613,0.633492,-0.592808,0.418456,0.433143,7.960458,-0.621512,7.140499,-2.504271,0.179443,0.326468,0.190266,-0.780592,0.497882
0.944387,0.356156,0.017453,7.695318,-1.607977,-1.320838,0.513085,0.32805,-0.66128,0.437982,-0.179855,-0.689623,1.963509,6.967159,-1.397094,-5.510861,0.256545,0.624642,-0.608287,0.417117,0.34694,8.080716,-1.542073,8.455195,0.496216,3.609617,0.396244,0.163011,-0.746342,0.509297
0.705768,0.490328,0.277889,6.632905,-2.009971,-3.972085,0.511811,0.328056,-0.657577,0.444988,-0.487418,2.433899,1.311134,8.614497,-1.195068,-5.122067,0.270418,0.605546,-0.611228,0.431948,0.876927,6.255558,-1.750662,8.294673,-3.094481,3.953245,0.450372,0.147569,-0.711835,0.518336
0.580049,1.148918,0.264254,7.542177,-1.808974,-3.024528,0.51544,0.324673,-0.65085,0.453096,-0.718357,2.874492,1.373924,7.952266,-3.710325,-4.986569,0.284682,0.581855,-0.615355,0.449145,0.751348,5.264758,-3.29912,10.060419,-6.218869,4.593503,0.503644,0.146858,-0.67706,0.516098
0.593685,1.573523,0.226075,6.709475,-3.531806,-0.229711,0.521847,0.317824,-0.641132,0.464332,-0.748155,2.475405,0.202204,3.417967,-6.484982,-4.938352,0.301632,0.566762,-0.613607,0.459649,0.76944,1.389887,-3.132036,13.057243,-6.034543,8.457637,0.528544,0.164737,-0.66012,0.507677
0.448604,0.633773,0.313068,7.302895,-5.886343,-0.976272,0.521864,0.3141,-0.63757,0.471694,-0.664081,2.209347,-2.359403,0.402221,-7.64587,-2.279052,0.328471,0.56827,-0.596983,0.46128,0.37461,-2.672287,-1.934774,19.999378,-7.260738,13.145744,0.520603,0.193053,-0.667869,0.495626
0.399244,0.228256,-0.048542,10.844273,-7.666604,-1.521835,0.521071,0.314405,-0.635304,0.47541,-0.469326,2.955374,-3.599234,4.328611,-5.768429,-0.576172,0.364244,0.573204,-0.568762,0.463967,-0.349068,-3.573692,2.285971,19.999378,-9.368891,1.317748,0.486813,0.194348,-0.691115,0.497587
0.637863,0.215712,-0.791125,13.160524,-7.283752,-1.071985,0.522979,0.320695,-0.629584,0.476721,-0.361839,2.952181,-2.53713,8.711543,-0.462646,-0.006104,0.395421,0.571724,-0.544018,0.469905,-0.483162,-1.703836,1.987986,12.792351,-11.975701,-3.865965,0.464631,0.185959,-0.706412,0.500511
0.83394,0.435241,-1.355085,12.471392,-5.63749,-1.531407,0.528199,0.330892,-0.620058,0.476483,0.306499,4.42295,-3.235266,10.93139,3.324583,1.109619,0.433429,0.568858,-0.504857,0.483375,-0.545951,-1.545265,1.217482,13.747551,-11.564324,-4.256589,0.447348,0.182064,-0.719439,0.49913
1.009564,0.728948,-1.385082,11.12184,-2.507678,-1.18684,0.535256,0.341923,-0.607546,0.476938,0.493804,3.637547,-2.672287,13.62426,6.031491,2.709959,0.462544,0.566326,-0.469993,0.494395,-0.971644,-1.854957,0.983351,8.269038,-9.989618,-5.390012,0.429437,0.179296,-0.735192,0.492871
0.931297,0.907299,-1.15519,10.968699,-0.995414,1.272982,0.544144,0.350061,-0.59309,0.479167,0.301178,2.359403,-1.014213,17.70751,7.682491,11.890252,0.477631,0.560271,-0.450896,0.504628,-0.975901,-1.701708,0.494868,3.194578,-11.082147,-1.582641,0.415031,0.178632,-0.748376,0.485556
0.414788,1.294816,-1.24082,9.571291,-0.564706,3.684947,0.557101,0.353251,-0.578614,0.479635,0.103231,1.62934,2.779775,19.671009,-6.060788,3.714597,0.469758,0.538625,-0.458323,0.528339,-0.239452,-1.264308,1.130215,-4.092405,-10.586542,1.91162,0.399816,0.17445,-0.756711,0.486923
0.083994,0.420515,-1.054288,9.762716,0.507278,3.034099,0.56528,0.357997,-0.571002,0.475653,-0.095781,-3.938724,-0.45762,19.907825,-8.813472,4.940793,0.453883,0.559619,-0.474948,0.505205,-0.129836,-0.725807,-0.553401,-3.578489,-2.873533,0.147095,0.396555,0.180984,-0.759423,0.482967
-0.370337,0.16717,-0.526053,12.232109,-0.937986,4.134798,0.570884,0.357797,-0.568958,0.471542,-0.517217,-0.002128,-2.539259,19.122303,0.161133,3.104857,0.470053,0.568431,-0.462662,0.491804,0.09046,-1.636789,-2.019913,-0.828857,-4.228513,-1.951903,0.392199,0.203572,-0.762244,0.472984
-0.585231,-0.583594,-0.32234,12.203396,-0.851845,2.718246,0.5721,0.358906,-0.572821,0.464495,-0.406537,-1.103609,-2.387073,10.107416,4.77966,1.088256,0.479994,0.583059,-0.454985,0.471835,0.13835,-2.185933,-2.897905,1.149291,-3.174437,-4.72717,0.387329,0.236136,-0.764902,0.457311
-0.452967,-0.989656,-0.169079,9.973285,-0.019143,1.129412,0.569831,0.362866,-0.578946,0.456546,-0.054276,-1.056783,-1.576128,6.163937,3.903196,0.554199,0.483992,0.595185,-0.449932,0.457231,0.258608,-2.156135,-3.287414,6.104733,-2.112426,-5.30029,0.384569,0.272572,-0.764455,0.439788
-0.367065,-0.595321,-0.071449,8.020741,0.009571,-0.421137,0.56789,0.365092,-0.584014,0.450697,-0.169213,-0.572557,-1.433521,6.654049,0.936279,1.239623,0.489577,0.602637,-0.444425,0.446789,0.424629,-0.4225,-2.874492,14.072868,-3.291624,-6.320187,0.393363,0.299036,-0.756057,0.429201
-0.324249,-0.077449,-0.137717,6.757331,-0.172283,-0.622134,0.568856,0.365423,-0.585921,0.446718,-0.341619,-0.274572,0.261801,4.37927,2.073363,0.446777,0.490386,0.600946,-0.447856,0.44475,0.375674,1.91349,-0.171341,10.888665,-3.958128,-4.854123,0.407639,0.294562,-0.746549,0.435569
-0.281162,0.158989,-0.215439,7.408179,0.306281,-0.038285,0.572211,0.365739,-0.585161,0.443157,-0.471455,-0.932268,0.255416,6.420284,2.493895,-0.86975,0.488859,0.602414,-0.454994,0.437134,-0.092588,3.40448,-0.54063,5.783078,-0.583496,-1.748656,0.436526,0.284329,-0.730652,0.441296
-0.199349,0.234801,-0.211621,8.173882,0.602991,0.564706,0.5762,0.365889,-0.583023,0.440675,-0.345876,-0.128772,-0.00745,7.034908,2.701415,-1.089477,0.491354,0.602135,-0.456067,0.433589,-0.449106,5.381823,0.664081,9.598383,-0.368652,1.314086,0.474634,0.253719,-0.709123,0.455506
-0.142899,0.224166,-0.136081,8.595019,0.612563,0.631705,0.579577,0.365961,-0.580951,0.438919,-0.387381,-1.165334,0.469326,7.165523,1.70227,-1.3031,0.48621,0.604159,-0.466101,0.425832,-0.661953,5.262629,0.916304,12.834465,-1.777343,5.573117,0.509653,0.219827,-0.687601,0.468109
-0.089175,0.260436,-0.090812,9.073584,-0.133998,-0.143569,0.581642,0.366005,-0.579781,0.437697,-0.500189,0.376738,-0.22881,7.744136,1.680297,-2.666014,0.49118,0.602011,-0.465509,0.423814,-0.610869,2.596727,-1.530366,11.953729,-3.995359,4.671018,0.536611,0.214923,-0.672607,0.462005
-0.011726,0.3777,-0.09872,9.973285,-0.736989,-0.555135,0.583549,0.365484,-0.578128,0.43778,-0.622576,0.467198,0.160699,7.088008,1.283569,-2.481078,0.495457,0.596912,-0.467489,0.423868,-0.094717,0.864157,-1.842186,13.833,-6.452633,4.443357,0.551671,0.222386,-0.66344,0.45392
0.011726,0.271617,-0.116719,10.872986,-1.033699,-0.105284,0.584687,0.365417,-0.577057,0.437731,-0.641732,0.567236,-0.052147,6.729733,0.264282,-1.874389,0.500811,0.591573,-0.468237,0.424234,-0.067047,-1.399466,-1.461191,15.133048,-4.354856,1.948241,0.550126,0.238426,-0.667059,0.442196
0.016908,0.085903,-0.17726,11.667403,-1.40698,0.057428,0.584827,0.366128,-0.576978,0.437054,-0.690687,0.618319,-0.398023,8.037715,-0.83374,-1.433715,0.508329,0.586674,-0.466832,0.423644,-0.161763,-1.080196,-1.397337,15.493155,-1.44287,2.292479,0.550502,0.252327,-0.669355,0.430388
0.144262,0.175896,-0.343339,11.887543,-2.096113,0.334995,0.585706,0.367355,-0.575183,0.437213,-0.682173,1.014213,-0.5683,12.082513,-0.432739,-0.212402,0.519067,0.580477,-0.461732,0.424748,-0.362903,-1.983729,0.225617,11.355584,-2.838133,-1.401366,0.536664,0.258147,-0.682907,0.423063
0.354247,0.281162,-0.499055,11.49512,-1.914258,-0.334995,0.587063,0.37083,-0.571348,0.437489,-0.506575,0.672595,-0.890763,15.400992,1.509399,0.316772,0.529008,0.57802,-0.455276,0.4228,-0.345876,-1.444163,0.7141,8.923945,-3.080443,-3.682249,0.52367,0.257774,-0.694848,0.420119
0.382063,0.464967,-0.557687,11.217552,-0.832702,0.411565,0.589806,0.374543,-0.565881,0.437741,-0.074496,0.303306,-1.026984,16.276846,4.74426,0.739746,0.536143,0.580523,-0.447162,0.419024,-0.387381,-0.609805,1.793232,9.337152,-4.288938,-3.178709,0.511644,0.245676,-0.705193,0.424921
0.194713,0.247891,-0.410152,11.054841,0.306281,0.545564,0.592633,0.378285,-0.561691,0.436098,0.102166,-0.604484,-0.698136,16.108999,5.795285,-0.328369,0.536933,0.586859,-0.444719,0.411723,-0.330976,-0.152185,1.421815,8.200679,-4.577024,-2.888792,0.504035,0.234223,-0.711829,0.429396
0.028089,0.088357,-0.168261,11.629118,0.51685,0.976272,0.594568,0.380217,-0.559568,0.43451,-0.06279,-1.243023,0.724742,15.462028,5.285031,0.413208,0.529798,0.587972,-0.454976,0.408155,-0.202204,0.34694,0.503382,6.530758,-4.643552,-1.52893,0.503555,0.227056,-0.712858,0.432091
-0.087812,-0.126809,0.007363,10.911271,0.382852,0.851845,0.594847,0.381493,-0.560024,0.432418,-0.02022,-0.054276,0.482097,14.957267,4.749753,0.775146,0.528672,0.585366,-0.457407,0.410636,-0.064918,-0.45762,-0.093652,5.104367,-4.644162,-1.433105,0.499595,0.228266,-0.715949,0.430937
-0.178896,-0.30216,0.13799,9.848858,0.124427,0.526421,0.593294,0.382262,-0.563091,0.429883,0.104295,-0.537437,-0.169213,11.182244,3.853758,0.054932,0.527417,0.588651,-0.457838,0.407058,0.097909,-0.682173,-0.283086,4.77905,-4.392087,-1.968993,0.494336,0.232822,-0.719183,0.429177
-0.217621,-0.401971,0.210258,8.843872,-0.047856,0.306281,0.59057,0.382553,-0.567642,0.427381,0.226682,-0.626833,-0.453363,8.456416,3.634031,-0.267944,0.526223,0.594654,-0.456392,0.401465,0.163892,-0.187305,-0.642796,5.886227,-3.923948,-2.327269,0.494039,0.238529,-0.718915,0.426828
-0.23371,-0.327249,0.204803,8.336594,-0.200997,0.258425,0.588115,0.382219,-0.572021,0.425222,0.287343,-0.356518,0.040441,7.235103,2.855223,-0.650024,0.523887,0.597782,-0.456181,0.400111,0.178791,0.536373,-1.097224,7.962031,-3.265989,-1.810912,0.501313,0.245325,-0.713724,0.423192
-0.209985,-0.172897,0.170715,8.154739,-0.210568,0.325424,0.586922,0.381844,-0.57491,0.423306,0.275636,-0.318205,0.647053,6.972652,1.873168,-0.770263,0.518906,0.596701,-0.460171,0.403631,0.125579,1.205775,-1.218546,11.030877,-3.00598,-0.024414,0.515825,0.24982,-0.703089,0.420918
