-0.300524,0.52469,1.145372,-4.89093,-0.019143,-3.866802,0.899339,-0.201929,0.052704,0.384224,1.132343,0.297985,2.070996,-6.633907,5.576779,-7.033077,0.638198,-0.099969,-0.316059,0.694843,0.210718,3.239524,3.981293,10.361933,-6.297604,3.798216,0.948363,-0.196799,0.070318,0.238591
0.901026,-1.880865,0.179987,-6.336195,-2.344966,-0.07657,0.901188,-0.186715,0.039891,0.389098,0.420372,3.017099,0.259673,-8.674922,-5.467526,-1.125488,0.645933,-0.119386,-0.293431,0.694555,-0.004257,-0.065982,0.783275,7.533565,-13.657829,3.681638,0.946495,-0.196374,0.070921,0.246062
1.396809,-2.076942,1.039016,-5.388637,-3.206382,5.551349,0.900188,-0.165816,0.02883,0.401656,0.543823,2.479661,-1.478219,4.150388,-7.337032,8.94958,0.663845,-0.128567,-0.275611,0.683236,-0.943974,-1.697451,3.210789,5.512692,-0.571899,1.624755,0.93734,-0.198634,0.058428,0.280206
0.997565,-1.955587,1.687515,-3.235096,-2.29711,6.336195,0.89523,-0.148661,0.01834,0.419665,1.347318,-1.371796,-1.981601,18.117666,-0.392456,19.965809,0.675179,-0.104379,-0.277978,0.675246,-1.205775,-2.93941,1.597413,4.199827,8.121943,1.296386,0.931664,-0.200298,0.030582,0.301563
-0.024816,-2.028945,1.425443,-1.445265,0.401994,3.675375,0.889311,-0.139855,0.00252,0.435375,1.339869,-2.658453,-1.521852,8.413081,0.061645,4.000242,0.679154,-0.072762,-0.288463,0.670997,-1.312199,-3.799309,0.389509,3.972776,2.956541,5.568234,0.928334,-0.200464,-0.008161,0.312946
-0.304614,-1.668971,1.08374,0.392423,2.718246,-1.26341,0.884064,-0.134893,-0.011995,0.447305,1.388823,-2.981979,1.730442,2.25952,-0.029297,-1.623534,0.659493,-0.048087,-0.298252,0.688328,-1.009957,-4.303756,-0.356518,2.097777,2.731932,4.931638,0.926232,-0.195796,-0.05202,0.317874
0.120264,-1.504256,1.20864,-8.585447,2.565106,-2.59382,0.878447,-0.127322,-0.022737,0.459993,1.611248,-3.644996,3.683308,-5.323483,17.009268,-13.048088,0.623184,-0.023146,-0.308829,0.718138,-0.404408,-4.856092,-0.630026,-0.707397,1.069946,8.169551,0.92387,-0.183228,-0.09925,0.320987
1.231548,-1.347721,0.983384,-22.827528,-0.07657,9.188439,0.874968,-0.110649,-0.027284,0.470569,0.730063,1.015278,-5.031691,7.149654,-10.849603,19.999378,0.661763,-0.010478,-0.297718,0.68798,-0.073432,-5.971408,0.90779,-6.184689,-1.427001,19.999378,0.913284,-0.165198,-0.152379,0.339698
0.440696,-1.32345,1.394354,1.320838,5.905486,22.482962,0.8684,-0.100551,-0.035142,0.484281,1.085517,-5.924582,-2.597791,-18.394154,-18.651112,-12.116693,0.660596,0.044739,-0.329129,0.673259,-0.808817,-6.988814,-1.617633,-5.641476,7.882686,19.879139,0.904523,-0.145773,-0.220798,0.334409
-1.483803,1.6447,0.690496,-4.508078,9.475577,37.098324,0.86394,-0.121314,-0.027093,0.488005,-0.212846,4.933781,-2.034812,-7.327266,-2.794798,7.612911,0.689652,0.016547,-0.296413,0.660483,-0.577878,-8.112643,-0.889698,0.739135,9.41894,19.999378,0.885881,-0.121224,-0.296237,0.335792
0.678769,0.91848,2.548453,4.058227,-3.665804,34.016365,0.852293,-0.120227,-0.012921,0.508888,-0.836487,3.407672,-1.225996,1.806029,-4.995114,17.362661,0.707538,-0.008244,-0.277737,0.649751,0.869478,-7.47304,1.214289,5.111081,6.643673,19.998768,0.858338,-0.091485,-0.356842,0.357131
1.062196,0.563414,2.762256,2.766103,-2.105684,22.186251,0.839252,-0.114009,0.000412,0.531647,-1.522917,3.816337,-0.220296,-0.707397,15.83007,19.107044,0.71893,-0.043006,-0.260136,0.643126,-0.190498,-7.480489,-0.060661,7.596431,-2.280272,19.999378,0.829493,-0.065835,-0.420376,0.361778
0.431151,0.212985,2.053489,4.393222,1.732404,23.373091,0.828683,-0.111119,0.006716,0.548528,-1.568679,4.841193,2.671223,1.557616,5.547482,19.999378,0.712579,-0.092059,-0.233583,0.655123,-0.233067,-6.621654,-0.967387,4.372556,-9.424433,19.559925,0.803294,-0.039758,-0.475473,0.356451
0.127627,-0.55796,1.924771,2.230111,4.278367,15.821343,0.818171,-0.106462,0.004944,0.565003,-0.784339,6.523745,2.679737,5.225217,-1.344604,19.998768,0.707854,-0.146005,-0.189074,0.664732,0.806688,-4.950809,-2.469019,3.205564,-6.876827,12.491448,0.787734,-0.003999,-0.512328,0.342009
0.319068,-0.783489,2.115121,2.038685,6.345766,12.576675,0.806414,-0.098913,0.002665,0.583007,-0.625769,7.210175,2.625461,8.130488,1.23474,19.998768,0.701146,-0.202383,-0.137883,0.669639,1.461191,-3.454498,-4.110065,-0.803222,0.007324,3.599241,0.783055,0.040317,-0.53368,0.316822
0.557687,-0.916025,2.055125,-0.870987,4.584648,4.814359,0.794801,-0.088692,0.000812,0.600347,-0.4225,6.732334,2.377495,14.094841,-5.750729,18.528431,0.69199,-0.252758,-0.088682,0.670367,1.489925,-2.173163,-2.532873,-0.783691,6.188351,-13.69323,0.778215,0.07251,-0.544868,0.3037
0.353702,-0.502055,1.563161,-2.823531,1.828117,-2.067399,0.785597,-0.082913,0.000724,0.613151,-0.594906,5.509531,0.139414,15.776359,-8.901362,9.531244,0.693472,-0.293297,-0.054432,0.655822,0.449106,0.333105,0.656631,-4.235227,-0.968017,-6.017453,0.777526,0.071337,-0.541592,0.311502
-0.246255,0.877573,1.456805,-2.689533,-3.196811,-5.005785,0.776311,-0.090599,0.007327,0.623755,-1.019535,3.378938,-0.588521,4.245603,-0.592651,5.523068,0.695848,-0.321717,-0.039551,0.640876,-0.151121,1.811324,2.408358,-5.740353,2.90222,-14.897452,0.779428,0.051523,-0.529737,0.330466
-0.796852,0.55796,1.7726,0.019143,-5.541777,-3.273381,0.764327,-0.100436,0.008063,0.636901,-0.891827,1.094031,1.000378,5.805661,0.344238,10.16662,0.687002,-0.334988,-0.034533,0.643902,-0.556594,2.427514,3.458755,-13.831169,3.363646,-11.545403,0.780384,0.020799,-0.514051,0.355404
-0.979566,-1.377174,2.078033,0.631705,-2.029114,0.172283,0.749957,-0.099156,-0.00695,0.653969,-0.411858,-0.689623,0.442721,17.334585,8.054805,3.966062,0.682601,-0.333258,-0.040553,0.649108,-1.030177,2.09973,4.652824,-5.831295,-3.076781,-5.870358,0.773669,-0.018817,-0.501751,0.38642
-1.024835,-2.238385,1.44426,-0.325424,-0.210568,0.59342,0.739006,-0.092623,-0.028829,0.666672,0.294792,-1.488861,-0.574686,2.225341,6.558224,-3.175047,0.686637,-0.321136,-0.050568,0.650258,-0.327784,2.664838,4.195204,-2.577513,-7.346187,-5.615841,0.769629,-0.052922,-0.481199,0.416305
-0.996474,-1.728967,0.549506,-2.612962,1.033699,0.449851,0.733742,-0.088728,-0.047353,0.671937,0.307563,-1.7198,-1.584642,-0.33081,-3.848264,-0.406494,0.696836,-0.307217,-0.065683,0.644759,0.748155,3.73652,2.227438,4.890134,-5.667721,-0.0177,0.777813,-0.073521,-0.447975,0.43464
-0.784307,-1.217094,0.646317,-2.986243,2.45025,1.26341,0.728029,-0.086602,-0.060578,0.677345,0.214975,-2.394523,1.130215,3.349607,-2.393797,0.465698,0.688475,-0.29084,-0.077849,0.659807,0.250095,2.871299,0.023413,19.999378,-13.419792,19.999378,0.79058,-0.083885,-0.424169,0.433611
-0.067086,-0.901026,0.770399,-0.37328,1.761117,0.382852,0.722175,-0.081222,-0.066604,0.683682,0.191562,-2.972401,1.10148,-1.575927,1.375732,1.215209,0.679076,-0.270551,-0.093455,0.675955,1.263244,-0.787532,4.250544,9.678949,8.623042,10.708612,0.769215,-0.088131,-0.420832,0.472687
0.414516,-1.290725,0.750764,-2.230111,0.306281,1.521835,0.716414,-0.07008,-0.072122,0.690384,0.008514,-3.566243,1.960316,3.552244,-2.420653,4.285886,0.662062,-0.247762,-0.112492,0.698301,-1.044012,-4.006835,1.536752,-8.950191,8.451533,1.197509,0.743515,-0.083569,-0.454625,0.483228
0.394608,-2.053489,1.170734,-10.269995,2.871387,2.182254,0.706911,-0.054082,-0.082911,0.700335,-0.158571,-3.87487,1.53888,-0.137939,1.671142,8.787227,0.646052,-0.223001,-0.135151,0.717365,-1.754919,0.494868,3.946174,-14.063713,15.36193,-0.004883,0.724609,-0.116806,-0.455557,0.503743
0.358611,-0.734947,1.807779,-10.040284,5.742774,11.609976,0.693701,-0.047943,-0.084211,0.713709,0.308627,-4.603869,0.768376,-6.973873,7.870479,19.999378,0.634329,-0.188646,-0.16049,0.732307,4.232452,-6.484368,-11.069081,15.933218,-17.572622,19.743031,0.749103,-0.002878,-0.489466,0.446379
0.749401,-0.263163,1.908954,5.71406,2.517249,22.157537,0.680105,-0.042077,-0.079682,0.72755,1.348382,-5.621275,3.358717,1.553954,-3.105467,19.895008,0.601974,-0.143671,-0.179393,0.76472,-1.197261,1.100416,10.897739,-13.858025,19.999378,-8.496699,0.701612,-0.069585,-0.483281,0.518972
1.363539,-0.313068,2.877612,-0.287139,-5.48435,32.140392,0.659139,-0.033066,-0.070347,0.747988,1.769818,-5.410558,3.337433,3.626096,-3.734739,19.999378,0.568121,-0.097065,-0.1931,0.794054,0.404408,4.305884,1.903912,1.325683,1.91223,9.728388,0.712147,-0.098101,-0.448918,0.530743
0.488419,0.757582,2.015855,4.163511,4.039084,27.479176,0.644627,-0.036575,-0.06083,0.76119,2.10718,-6.136364,1.579321,3.14636,3.037108,19.999378,0.544619,-0.039066,-0.208979,0.811286,2.291292,0.62364,5.113637,-14.345084,-1.30371,12.922356,0.68898,-0.107982,-0.426389,0.576047
-0.749673,2.800708,0.8863,6.039485,11.571691,24.942783,0.639047,-0.062894,-0.047941,0.765086,1.901783,-6.493946,2.026299,2.957152,3.077391,19.999378,0.514129,0.019894,-0.227256,0.826815,1.939031,2.62014,2.287035,8.251948,-10.982049,19.999378,0.688625,-0.119299,-0.39411,0.596852
-0.56096,0.900481,1.862866,5.474778,8.537591,24.454647,0.624757,-0.073882,-0.045143,0.775999,2.350889,-4.94868,4.035569,4.019773,8.596797,19.999378,0.468034,0.063754,-0.233207,0.849992,2.297678,4.099423,2.238081,7.749019,-6.761471,19.996937,0.693341,-0.136414,-0.348778,0.615642
-0.516781,-0.721039,2.101213,5.474778,2.354537,20.539989,0.607617,-0.072051,-0.052083,0.789234,2.033748,-3.752483,4.382509,2.704466,4.949338,16.012564,0.420018,0.094872,-0.235495,0.871274,2.055033,5.410558,2.246595,5.49255,-0.433349,19.389637,0.699946,-0.162796,-0.29475,0.629831
-0.652862,-0.275707,1.721876,3.436093,-1.445265,15.696917,0.593345,-0.074357,-0.057805,0.799414,1.774075,-2.325348,4.659209,-2.205199,-0.66101,10.706781,0.371708,0.111228,-0.233606,0.891562,1.709157,6.32154,3.517288,2.730711,-7.488399,19.999378,0.69736,-0.200312,-0.233081,0.64748
-0.862574,0.349884,1.429261,1.330409,-1.052842,9.887143,0.581435,-0.082704,-0.061652,0.807022,1.443099,-1.133407,4.217553,-2.772825,-3.826292,3.679807,0.329422,0.116348,-0.229458,0.908452,1.380309,6.490753,2.006078,4.287107,-7.494503,18.011465,0.7007,-0.23649,-0.174377,0.650136
-0.919298,0.489783,1.514891,-0.009571,-2.258825,0.708275,0.568642,-0.09314,-0.065282,0.814679,1.072746,0.012771,2.790417,-3.276365,-4.805905,-0.786743,0.302615,0.11301,-0.223057,0.919723,1.153628,5.391401,0.889698,6.401974,-2.264403,13.134148,0.706062,-0.264261,-0.126858,0.644626
-0.784035,1.190642,1.511346,-0.095713,-2.163112,-3.732803,0.556238,-0.108524,-0.063769,0.82143,0.921625,0.62364,1.422879,-3.029173,-6.81213,-5.838009,0.289737,0.106699,-0.214611,0.926607,0.839679,4.474033,0.975901,9.15771,-0.532226,11.029656,0.707014,-0.287787,-0.08731,0.640061
-0.378518,2.13421,1.091649,-1.885544,-0.66999,-5.953343,0.548012,-0.12921,-0.053834,0.82467,0.730063,0.127708,1.186619,-3.056029,-9.885248,-14.73693,0.278132,0.104993,-0.209099,0.931605,0.78966,3.885512,3.454498,6.976315,0.093384,7.913204,0.689728,-0.309366,-0.044914,0.653103
0.19335,0.831213,0.533962,-4.335794,-0.114855,0.392423,0.544221,-0.135609,-0.04677,0.826582,0.906726,1.845379,-0.089396,-4.920651,5.272824,-5.770871,0.281831,0.090363,-0.195128,0.935052,1.24728,2.855335,3.412993,8.305049,-0.438843,6.915279,0.671973,-0.320338,-0.006685,0.66767
1.409081,-1.904045,0.05236,-6.058627,0.535992,3.675375,0.544603,-0.112457,-0.045106,0.829891,0.726871,3.321469,-0.507639,-12.061151,3.99658,-5.743405,0.292198,0.061991,-0.178255,0.937547,0.552337,-0.396959,1.329226,9.828485,-17.277822,3.534544,0.664847,-0.31407,-0.001782,0.677736
1.813233,-2.853068,0.304614,-4.709075,0.114855,5.838487,0.542473,-0.07924,-0.044914,0.835116,0.287343,4.129221,-2.010335,4.678342,-6.202389,6.889645,0.317872,0.027803,-0.162429,0.933698,-0.602356,-1.543137,2.95963,1.306762,-11.879876,1.311034,0.642539,-0.307673,-0.007153,0.701727
1.353448,-2.676081,0.841849,-3.378666,-1.789831,4.345366,0.535025,-0.050289,-0.047344,0.842003,1.416493,0.356518,-2.779775,19.989002,-8.061519,19.999378,0.34388,0.03383,-0.147385,0.926753,-1.21961,-2.235952,0.750284,1.331176,2.765501,-0.629272,0.633157,-0.299528,-0.027629,0.713178
0.25989,-2.49773,1.140191,-2.316252,-1.981257,3.024528,0.524152,-0.028794,-0.057943,0.849159,0.839679,-3.30657,-2.043326,12.083123,-0.927734,12.557976,0.357417,0.070707,-0.150204,0.919067,-1.233445,-3.239524,-0.243709,6.672359,5.520627,1.021118,0.62999,-0.283703,-0.057654,0.720619
-0.655589,-2.142664,0.652862,-0.382852,-0.114855,-1.205983,0.517013,-0.014808,-0.074564,0.85259,1.013149,-1.19939,0.404408,4.047849,0.673217,-0.292969,0.35117,0.085114,-0.145522,0.921005,-1.328162,-4.240966,-1.276015,1.624755,4.781491,3.646848,0.632339,-0.260208,-0.097327,0.723159
-0.71204,-1.439897,0.28498,-2.172683,1.770689,-2.59382,0.513337,-0.006589,-0.087668,0.853667,1.549522,-2.983043,1.79536,-0.570678,4.20471,-5.83862,0.328794,0.115582,-0.142871,0.926345,-0.957809,-4.582585,-1.004635,-0.62622,2.455443,4.689939,0.631958,-0.231634,-0.135469,0.727059
0.212167,-0.828759,0.468512,-7.484749,4.986642,1.665405,0.508602,0.001,-0.08972,0.856309,2.640361,1.891141,-7.328304,-19.7589,10.551142,1.173705,0.395088,0.116597,-0.103122,0.905356,-0.499125,-5.399915,-0.251159,-2.561034,-0.475464,14.560538,0.624428,-0.194673,-0.173296,0.73631
0.361883,-0.707676,0.337067,1.493121,6.144769,15.725631,0.505089,0.008802,-0.089883,0.858324,-1.063168,-3.710978,5.809645,6.600948,4.204099,19.353016,0.339141,0.139864,-0.13352,0.920645,-1.366474,-5.793681,-0.401216,-2.3468,1.245116,19.999378,0.613634,-0.159365,-0.219658,0.741484
-0.21953,-0.084267,1.251183,2.105684,4.785645,23.554947,0.494286,0.007476,-0.091948,0.864386,-0.416115,2.277457,5.80858,-4.647824,-9.909662,-18.446033,0.288645,0.109432,-0.137864,0.941113,-1.174913,-6.964337,-1.263244,-0.387573,5.10864,19.999378,0.604338,-0.11167,-0.272161,0.740423
-0.003545,1.244911,1.898318,-0.267996,-3.512664,31.642687,0.478891,-0.0053,-0.085643,0.873666,1.267501,1.561229,-6.215117,-5.983883,-14.745475,5.805661,0.347097,0.106452,-0.114652,0.924683,-0.307563,-6.801509,0.417179,7.094112,5.183713,19.997547,0.581135,-0.063877,-0.314155,0.747998
1.511073,2.119211,1.294816,7.245467,-2.871387,29.671001,0.469307,-0.017287,-0.062261,0.880663,-0.389509,2.494561,-1.877306,0.187988,5.270993,19.999378,0.367596,0.084057,-0.107171,0.919953,-0.257544,-6.570571,-0.643861,7.655025,0.875244,19.999378,0.564018,-0.013921,-0.353688,0.746047
1.294816,1.029472,1.032471,9.753145,-0.315853,25.88077,0.461017,-0.020522,-0.045908,0.885961,-1.291978,3.907861,-0.576814,-0.50476,9.401239,19.909046,0.377896,0.043929,-0.103731,0.918965,-0.666209,-6.848336,-2.231695,5.947262,-6.179806,19.947498,0.554994,0.041283,-0.396274,0.730231
1.150554,-0.390517,0.615501,9.638289,4.0008,21.410976,0.455597,-0.011642,-0.037348,0.889321,-1.190876,4.731577,0.534245,5.329587,3.149412,19.94994,0.378011,-0.004345,-0.096614,0.920731,0.053212,-5.690451,-3.115008,6.342159,-4.682004,14.12719,0.554109,0.095339,-0.425009,0.70939
1.141554,-0.934297,0.654226,5.091927,6.843473,13.840086,0.449516,0.001965,-0.031167,0.892722,-1.019535,5.828801,1.054654,3.446653,2.644042,19.999378,0.373252,-0.062517,-0.083476,0.921845,0.494868,-3.841879,-3.078824,5.952145,0.552978,6.510006,0.558616,0.138492,-0.439094,0.689896
0.93266,-0.363792,1.107739,2.699104,5.34078,7.829316,0.439456,0.009364,-0.024237,0.897883,-1.235574,6.646131,1.85815,7.265621,3.652342,19.999378,0.360055,-0.12927,-0.068594,0.921378,1.150435,-2.278522,-3.682244,2.099608,2.014769,-2.777708,0.571865,0.176947,-0.438491,0.670357
0.532325,0.771763,1.335722,-0.095713,2.354537,3.771089,0.427552,0.00459,-0.015815,0.903836,-0.906726,6.089538,1.918811,12.288812,-8.178096,18.685291,0.34473,-0.189257,-0.052664,0.917912,0.93546,-0.567236,-2.290228,-0.405273,1.47766,-6.732174,0.582799,0.196276,-0.431557,0.659978
0.014454,1.433624,1.193914,-1.85683,-0.823131,0.334995,0.416907,-0.008892,-0.009596,0.90885,-0.330976,5.090223,0.077689,14.290153,-4.846189,12.212518,0.345695,-0.236538,-0.038135,0.907239,0.072368,0.918433,-0.063854,-2.2583,1.000976,-7.33398,0.586906,0.191034,-0.425873,0.661567
-0.473421,1.41099,0.848121,-1.100698,-0.66999,-2.354537,0.409225,-0.024163,-0.007998,0.912074,-0.860964,3.938724,-1.701708,7.302242,2.159423,2.456053,0.360308,-0.274013,-0.036344,0.890935,-0.216039,2.579699,2.77339,-9.290766,2.975462,-11.636346,0.579475,0.160786,-0.417301,0.681328
-0.505055,0.523871,0.799306,0.0,-1.617548,-2.115255,0.401834,-0.03125,-0.010623,0.915113,-1.013149,2.73827,-1.241959,2.731322,3.016356,8.571162,0.369433,-0.301151,-0.038793,0.878245,-0.814138,3.040512,4.101552,-5.359494,-3.602903,-3.478392,0.564634,0.117813,-0.411419,0.705716
-0.555506,-1.027835,1.05647,-2.07697,-0.602991,-0.650848,0.391826,-0.024582,-0.019455,0.9195,-0.277765,0.015963,2.869171,13.247673,10.051264,7.180171,0.343281,-0.303016,-0.032447,0.888413,-0.401216,2.653131,3.838686,-0.897216,-5.871579,-3.680418,0.548158,0.080746,-0.403647,0.728055
-0.736311,-1.591249,0.643045,-2.287539,-0.191426,1.875973,0.385346,-0.013332,-0.032154,0.922111,0.62364,-1.429264,1.078067,9.772943,1.073608,-1.774291,0.335134,-0.288213,-0.028646,0.896543,0.305435,3.558793,2.123144,1.07788,-3.407591,1.323241,0.546187,0.047636,-0.383529,0.743174
-0.687223,-1.881956,0.247619,-2.603391,1.292124,1.732404,0.382282,0.001043,-0.045391,0.922925,0.733256,-2.191255,-2.35621,1.411132,-1.452636,-0.085449,0.357658,-0.265165,-0.036529,0.894665,0.387381,3.264001,-0.888634,11.665643,-5.330197,19.187,0.56493,0.029065,-0.361922,0.740954
-0.226347,-1.869411,0.523326,-1.292124,1.416551,1.311267,0.376538,0.017062,-0.054245,0.92465,0.90779,-2.692508,-0.581071,2.636717,-0.665283,1.412353,0.364206,-0.237217,-0.039732,0.899719,1.303685,-0.964195,3.421507,13.622429,2.199706,18.236685,0.535455,0.031449,-0.35825,0.764164
0.448604,-1.381264,0.598593,-1.617548,2.469393,-0.411565,0.370142,0.03112,-0.055004,0.926818,0.68643,-3.092659,1.457998,-0.443725,-0.515747,1.323241,0.351367,-0.2072,-0.041695,0.912065,0.170277,-0.676852,2.869171,13.5028,5.376584,7.915645,0.510954,0.027597,-0.361239,0.779527
0.834758,-0.887936,0.765763,-7.331609,4.335794,0.937986,0.362265,0.041773,-0.050474,0.929765,0.455491,-3.728006,2.372174,-0.307007,-0.595703,5.817257,0.328829,-0.172049,-0.045672,0.927457,-1.551651,-1.622954,7.056925,-19.999989,7.337032,4.922482,0.449259,0.006635,-0.382322,0.807431
0.919843,-0.794943,1.226639,-7.379465,2.07697,9.188439,0.350027,0.051562,-0.045059,0.934229,0.774761,-4.436785,2.061418,-6.06567,-0.095825,19.999378,0.308594,-0.129004,-0.049104,0.941121,1.495247,-2.589277,-8.171176,19.999378,-4.649655,11.687005,0.503444,0.065617,-0.379927,0.773231
1.012564,-0.883573,1.078286,7.350751,-4.278367,16.644474,0.338968,0.063095,-0.039564,0.937841,1.568679,-4.933781,3.139486,1.419677,-9.673456,19.926136,0.278191,-0.078958,-0.045791,0.956175,-2.379624,1.377117,8.088166,-5.71777,6.72607,7.963252,0.446118,0.012165,-0.395013,0.802987
0.563687,-0.58823,1.154099,0.832702,-10.01157,26.282764,0.327497,0.069813,-0.03731,0.941526,1.589963,-5.211546,1.965637,4.024656,-6.121823,19.999378,0.257865,-0.025274,-0.043737,0.964855,0.934396,1.070618,0.848193,2.302245,4.020994,6.216427,0.443469,0.004533,-0.382539,0.810537
0.067632,0.393245,0.331613,2.679961,2.067399,28.589445,0.324499,0.066112,-0.035231,0.94291,1.318584,-5.753241,0.498061,3.209227,-0.049438,19.999378,0.25045,0.033751,-0.045561,0.966464,1.516531,1.53888,3.038383,-6.489254,-0.698242,17.415152,0.424368,-0.012949,-0.363036,0.829422
-1.176461,3.292127,-0.434151,7.858029,7.465607,27.06761,0.330353,0.031664,-0.035046,0.942671,0.599163,-6.433285,1.381374,4.190671,5.861813,19.999378,0.233477,0.096804,-0.055891,0.965912,1.811324,3.006457,0.593842,4.267576,-3.873289,19.999378,0.430393,-0.03226,-0.334665,0.837683
-0.865029,2.62263,-0.668952,9.437292,9.590433,24.32065,0.337735,0.00464,-0.034077,0.940608,1.17172,-5.021048,2.648874,6.054074,7.535396,19.983509,0.203651,0.146477,-0.058401,0.966257,1.591027,4.161149,0.717293,4.063108,-7.813106,19.976185,0.438441,-0.062536,-0.302574,0.843979
-0.478329,0.473966,0.532053,6.642476,3.914658,20.310278,0.332917,-0.001242,-0.036856,0.94223,0.500189,-3.793989,3.219303,5.256955,2.611083,13.38195,0.169445,0.182227,-0.065576,0.96632,2.230631,5.145564,1.153628,3.902586,-1.655272,18.110952,0.445018,-0.09934,-0.259756,0.85124
-0.982566,-0.482965,0.668952,3.024528,0.133998,14.337793,0.326411,0.00019,-0.047686,0.94402,0.361839,-2.233824,3.111816,2.03369,-0.073242,9.154048,0.13717,0.201921,-0.071304,0.967119,1.733635,6.724885,1.918811,2.15454,-5.944821,19.999378,0.446781,-0.153269,-0.212331,0.855455
-1.236457,-0.318795,0.416697,0.401994,-3.818945,9.427721,0.322285,-0.001152,-0.060773,0.944685,0.330976,-1.139793,2.671223,-0.98999,-1.004638,2.793577,0.109771,0.21105,-0.075109,0.968379,1.300492,6.591856,-0.03512,4.165037,-4.829709,19.995106,0.462124,-0.20299,-0.17131,0.846098
-1.256364,0.157625,0.34852,-0.401994,-3.818945,3.26381,0.319028,-0.007086,-0.072475,0.944939,0.336297,-0.217103,1.849636,-1.013793,-3.198851,-2.55432,0.090882,0.212061,-0.076368,0.970015,1.106802,5.570192,-0.578942,8.242183,2.150267,16.081533,0.47812,-0.24329,-0.137084,0.832713
-0.611683,1.273,0.205349,-0.392423,1.397408,-2.995814,0.317942,-0.021202,-0.073782,0.944993,0.362903,0.826909,1.059976,-1.909789,-4.461057,-5.911252,0.080367,0.203555,-0.074724,0.97289,0.719421,4.256929,0.42995,10.771479,1.838378,9.497065,0.481769,-0.275304,-0.109631,0.824669
-0.004636,1.107466,0.567777,-0.602991,2.210968,-4.058227,0.313368,-0.03211,-0.069788,0.946515,0.386316,0.800303,0.580007,-2.047728,-6.162716,-10.430292,0.074455,0.195718,-0.071881,0.97518,1.086581,3.88977,3.053283,6.927486,-0.864868,5.342404,0.463357,-0.304804,-0.073559,0.82884
0.481874,1.098194,0.680406,-0.210568,3.330809,-4.144369,0.307822,-0.041383,-0.061178,0.948568,0.640668,0.330976,-0.025542,-2.830809,1.938475,-9.054561,0.073732,0.193197,-0.065173,0.976208,1.228124,2.19019,2.711664,4.613645,-2.697142,5.552975,0.446042,-0.318773,-0.045123,0.835097
0.819759,-0.104447,0.436332,-1.292124,1.081556,2.335395,0.303926,-0.038286,-0.053173,0.950435,0.589585,1.635725,-0.88757,-7.567134,7.399288,-5.968625,0.08236,0.17803,-0.056183,0.978957,0.412922,0.417179,1.904976,12.393182,-9.478144,4.337766,0.43167,-0.321037,-0.034033,0.842276
1.071741,-1.671698,-0.143717,-3.541378,-0.344566,3.550949,0.304728,-0.019436,-0.04798,0.951027,-0.335233,5.012535,-0.682173,-7.111812,-2.423705,-1.317138,0.092298,0.128547,-0.054165,0.985908,-0.478905,-1.146178,2.579699,1.030883,-16.641836,1.709594,0.407936,-0.314296,-0.035084,0.856485
1.048016,-2.073397,-0.003818,-3.072384,-2.612962,2.957529,0.303875,0.0031,-0.044451,0.951665,0.108552,4.203718,-3.060732,13.446648,-2.274169,13.362419,0.124447,0.089121,-0.045296,0.987173,-0.972708,-1.019535,0.670466,0.431518,0.792236,-2.331542,0.398638,-0.310032,-0.045331,0.861919
0.598593,-2.076124,-0.172624,-2.842673,-2.842673,3.024528,0.30449,0.024381,-0.045208,0.951125,0.438464,-2.337054,-2.202961,18.906849,-2.984617,19.999378,0.144671,0.114054,-0.041979,0.981984,-0.757733,-1.945417,-1.056783,4.345701,4.594724,-0.762329,0.404416,-0.295481,-0.062762,0.863244
-0.403335,-1.666789,-0.079358,0.0,-1.244268,0.526421,0.304525,0.038901,-0.054466,0.950145,-0.269251,0.146864,-1.500568,8.422236,-1.204223,7.514644,0.159752,0.113212,-0.042796,0.979705,-1.051462,-2.549901,-1.230253,2.058104,1.245727,0.997924,0.41019,-0.276521,-0.085719,0.864826
-0.999746,-0.732493,0.017181,1.875973,2.823531,-0.861416,0.304355,0.043124,-0.06596,0.949289,1.138729,-2.397716,0.054276,-4.973142,-4.815061,-6.791378,0.156809,0.138193,-0.035812,0.977253,-0.980158,-2.991557,-1.764497,1.037597,2.60681,3.970335,0.419919,-0.252717,-0.111103,0.864552
-0.607865,-0.744765,0.21953,-7.255038,4.795217,0.019143,0.302035,0.047951,-0.073782,0.949223,1.536752,-0.783275,-0.309692,-17.857046,2.962034,-19.999989,0.157421,0.14801,-0.021462,0.976136,-0.829037,-3.632225,-1.429264,1.001586,2.611693,7.409664,0.425834,-0.222745,-0.136855,0.866206
0.514054,-0.938933,-0.558778,-9.762716,1.359123,10.624132,0.306373,0.058485,-0.071268,0.947432,-0.161763,1.008892,-1.674038,13.663322,-8.506465,19.999378,0.174133,0.138439,-0.019307,0.974747,-0.954616,-4.602805,-0.127708,-4.182737,-1.032714,18.912952,0.418055,-0.186354,-0.164547,0.873738
0.67986,-0.697586,-0.746401,5.9342,3.914658,23.210381,0.312562,0.06795,-0.06621,0.945143,0.400151,-8.703293,-2.097602,-19.999989,6.544796,-8.543086,0.191614,0.223179,-0.027352,0.955364,-1.281336,-4.986993,-1.708093,-3.269651,0.516357,19.91576,0.421777,-0.14494,-0.199182,0.872591
-0.405516,0.847303,1.449441,0.066999,7.379465,34.571503,0.299683,0.05763,-0.067983,0.949862,0.51296,5.099802,4.689008,19.097889,-5.740963,-6.298824,0.146677,0.174077,-0.023259,0.973465,-1.354768,-6.587599,-2.007142,0.737915,6.976925,19.999378,0.423201,-0.088752,-0.24083,0.868917
0.066541,0.843758,1.282817,6.269196,3.081956,28.838299,0.288035,0.049167,-0.06523,0.954125,0.278829,2.321091,-2.298742,-15.762931,0.08728,6.015622,0.169031,0.151979,-0.013074,0.973731,-0.246902,-6.283228,-0.074496,6.506344,7.514034,19.998158,0.407757,-0.034701,-0.268861,0.871915
1.071196,1.974949,1.470167,9.140582,-0.29671,16.711473,0.27469,0.032834,-0.050065,0.959663,-1.269629,1.926261,-1.829415,5.302121,3.209837,18.515614,0.189005,0.131252,-0.018998,0.972975,-0.428886,-6.353467,-0.453363,8.505855,2.515257,19.999378,0.393763,0.020395,-0.297826,0.869383
1.067651,1.491984,1.881138,9.801002,-0.746561,21.305693,0.25696,0.020893,-0.036389,0.965506,-1.616569,4.867799,-0.856707,-2.352293,8.331294,19.999378,0.200162,0.080676,-0.024038,0.976136,-0.382059,-5.47654,-1.662331,5.050656,-7.984004,17.317495,0.39141,0.071424,-0.321526,0.85925
0.995929,0.042815,1.134737,6.872187,1.100698,16.721045,0.245796,0.023021,-0.026863,0.968671,-0.930139,5.211546,2.785096,3.655393,0.147705,19.935291,0.174696,0.027498,-0.024599,0.983927,0.117066,-4.041955,-1.999693,5.358884,-2.892454,9.781488,0.39523,0.113173,-0.334314,0.848063
1.108829,-1.081831,0.724312,4.249653,3.751946,11.447264,0.238211,0.036352,-0.018714,0.970348,-0.980158,5.791553,2.835115,5.201413,-0.256348,19.999378,0.148191,-0.03143,-0.02487,0.988142,0.681109,-2.555222,-3.235266,2.222289,0.297241,2.586058,0.413124,0.148495,-0.334449,0.833914
0.996747,-0.299978,0.936478,0.842274,3.330809,8.336594,0.228698,0.041573,-0.009713,0.972556,-1.30262,6.342825,1.710221,11.05346,-5.10864,19.999378,0.132182,-0.095893,-0.027922,0.986177,0.943974,-1.364346,-2.896841,-0.217285,1.486205,-3.480833,0.431091,0.173651,-0.32791,0.822479
0.501509,1.17128,1.032199,-1.655833,1.684547,3.110669,0.218548,0.030992,-0.002261,0.975327,-0.739641,5.905426,-0.03512,13.36425,-5.293576,17.46398,0.133263,-0.154467,-0.027538,0.978578,0.618319,-0.057469,-0.310756,-2.594603,1.994017,-7.047726,0.432333,0.177945,-0.322749,0.822951
-0.128445,1.773691,0.893118,-1.052842,0.363709,-0.698704,0.209882,0.013053,0.000302,0.977635,-0.535309,4.29737,-1.382438,11.411736,-0.546875,6.970211,0.147026,-0.196287,-0.029207,0.969017,0.299049,1.165334,1.440971,-5.695797,1.522216,-5.782467,0.423576,0.164834,-0.317817,0.832104
-0.557415,1.740148,0.829577,0.172283,-0.392423,-3.85723,0.201794,-0.004962,-0.001968,0.979409,-1.145114,3.061797,-2.565864,2.12097,4.538572,0.664062,0.170347,-0.226497,-0.040497,0.95814,0.230938,1.691065,1.703836,-9.293818,3.690794,-10.86303,0.414228,0.146175,-0.311501,0.842619
-0.321522,0.640318,0.90539,-0.325424,-2.59382,-3.665804,0.192912,-0.012032,-0.004157,0.981129,-1.083389,1.648496,0.133029,3.345945,5.565182,6.434933,0.167227,-0.243873,-0.047539,0.954093,-0.041505,2.657388,3.683308,-10.554804,2.255248,-5.008542,0.391081,0.111784,-0.305845,0.86082
-0.249528,-0.948477,1.290998,-0.851845,0.679562,-0.057428,0.180148,-0.00352,-0.007974,0.983597,0.238388,-0.571493,1.707029,12.073968,4.837644,1.77307,0.151234,-0.238476,-0.041982,0.958377,-0.189433,2.825537,4.724128,-0.371704,-4.336545,-3.785398,0.358616,0.072065,-0.301602,0.880471
-0.491147,-1.8975,1.488166,-2.842673,0.382852,1.330409,0.165289,0.013757,-0.016039,0.986014,0.474648,-1.051462,-0.96313,-0.491943,-2.749632,-2.471922,0.161194,-0.227468,-0.041634,0.959444,0.243709,3.823787,3.615197,-1.082153,-3.331297,-1.87744,0.337562,0.028136,-0.288265,0.895632
-0.755673,-1.543526,0.944114,-4.37408,-0.028714,1.598405,0.155803,0.027177,-0.026099,0.987065,0.268187,-1.653817,-0.338426,4.982297,-1.91162,1.027221,0.164403,-0.210688,-0.042668,0.96268,0.05534,4.566621,-0.666209,11.932977,-8.525386,11.48803,0.356369,-0.010311,-0.272049,0.893799
-0.676861,-1.198005,0.598321,-2.498107,-0.114855,2.459822,0.149746,0.037393,-0.034745,0.987402,0.395894,-2.311513,0.557658,0.593261,-1.632689,0.779419,0.158921,-0.187827,-0.041831,0.968353,-0.233067,0.103231,0.758798,19.999378,-5.80383,19.999378,0.349934,-0.013744,-0.27369,0.895792
-0.143444,-0.869938,0.595594,1.282553,0.239282,0.679562,0.143621,0.045956,-0.037655,0.987844,0.226682,-2.891519,1.651689,0.223999,-2.525633,1.885985,0.142139,-0.159977,-0.041487,0.975948,0.13835,-2.875556,3.612005,14.066154,4.04846,10.480951,0.309499,0.00297,-0.281614,0.908233
0.307614,-0.911662,0.582776,-3.129812,0.382852,2.766103,0.137365,0.054802,-0.036072,0.988341,0.113873,-3.521545,2.094409,2.897948,-1.267089,5.709225,0.120354,-0.125841,-0.042098,0.983818,-2.088024,-2.042262,5.548908,-19.436634,-4.143674,-12.308953,0.252799,-0.000938,-0.306549,0.917667
0.371701,-1.701696,0.93566,-10.815558,4.07737,6.671189,0.127277,0.071435,-0.035051,0.988666,0.172406,-4.271829,0.37461,-6.645504,5.667721,18.956898,0.114932,-0.083738,-0.044638,0.988827,0.62364,-1.08126,-1.39308,16.771841,19.490345,13.60656,0.262323,0.015076,-0.303293,0.91595
0.601866,-0.074722,0.818396,1.349552,-0.430708,19.094725,0.118727,0.072298,-0.029599,0.989845,1.103609,-4.510217,1.922004,-1.631469,-2.528685,19.887074,0.094746,-0.038308,-0.037388,0.994057,0.147928,-2.483918,5.481861,-19.67345,-11.328729,14.170524,0.204076,0.021184,-0.308663,0.928775
0.856848,0.537507,0.392699,5.474778,-4.278367,32.312675,0.114344,0.067902,-0.02116,0.990888,1.863471,-5.492504,3.499196,1.782836,-6.644894,19.999378,0.058508,0.01689,-0.02303,0.997875,-0.17347,2.068868,-5.852214,19.999378,17.893667,-5.924069,0.264464,0.019972,-0.304119,0.914966
0.494419,0.855211,0.398153,1.579263,4.412365,34.906498,0.11026,0.059736,-0.015192,0.991985,1.272822,-5.127471,2.159328,3.137205,-0.770263,19.998158,0.035515,0.068589,-0.013676,0.996915,0.077689,0.715164,6.403486,-19.999989,0.050049,8.260493,0.207513,-0.006147,-0.302017,0.930419
-1.27709,2.718896,-0.317977,7.207182,8.422736,22.951954,0.114561,0.031607,-0.024326,0.992611,0.779018,-5.990564,1.122765,3.410032,1.675414,19.999378,0.022953,0.128316,-0.008413,0.991428,2.91919,2.172098,1.977344,14.240714,-3.642576,19.904774,0.195799,-0.025918,-0.269844,0.942426
-0.697041,0.819214,-0.596684,8.317451,7.41775,16.883757,0.12091,0.023117,-0.029848,0.991941,0.933332,-5.397787,1.184491,7.09106,7.824092,19.999378,0.009593,0.181752,-0.001531,0.983292,2.19019,4.376123,1.527174,-1.478271,-14.085686,19.867542,0.193424,-0.067253,-0.240053,0.94891
-0.458149,0.61441,0.686678,6.355337,3.254239,22.272392,0.114397,0.016595,-0.033585,0.992724,1.232381,-3.781218,2.235952,5.539547,6.727901,19.271229,-0.014606,0.218698,0.006534,0.975657,2.219989,4.73477,-0.032991,3.646848,-1.356811,19.999378,0.206367,-0.107449,-0.209288,0.949767
-0.523053,-0.124082,0.815123,4.661219,-0.746561,16.041483,0.106358,0.017353,-0.039072,0.993404,1.356896,-2.868106,2.938346,2.058715,3.069456,12.817375,-0.045963,0.246162,0.013984,0.968033,1.662331,5.930967,0.835422,1.520385,-1.433715,19.998768,0.21226,-0.161571,-0.17974,0.946851
-0.760582,-0.388608,0.617683,0.545564,-2.37368,10.748559,0.100187,0.02014,-0.047543,0.993624,1.058911,-1.981601,3.857842,-1.526488,-0.075073,5.73425,-0.085566,0.264796,0.015609,0.960369,1.301556,6.572699,1.255794,3.476561,-0.635376,19.96825,0.213837,-0.222494,-0.150907,0.939143
-0.770399,0.468785,0.549506,-0.325424,-1.349552,4.661219,0.09508,0.014208,-0.055154,0.993835,0.922689,-0.765183,2.9873,-1.561889,-3.100584,-0.466308,-0.11662,0.27159,0.016855,0.955168,1.346254,6.086345,1.31007,6.06567,-0.581665,16.838369,0.213339,-0.277872,-0.122013,0.928644
-0.381245,1.619611,0.688587,-0.440279,0.81356,0.497707,0.089169,-0.002782,-0.057125,0.994369,1.009957,0.31927,1.726185,-1.976317,-3.690794,-3.637083,-0.13598,0.26766,0.021075,0.953632,0.9908,4.785853,1.054654,8.593135,2.29492,13.977654,0.211918,-0.320793,-0.099482,0.917757
0.112083,1.851685,0.884391,-0.937986,0.832702,-4.134798,0.081397,-0.021952,-0.054147,0.994963,0.975901,0.780082,0.380995,-3.317259,-6.667477,-8.285518,-0.142474,0.259075,0.027948,0.954878,0.985479,3.988743,2.48179,4.732663,-2.670287,8.155513,0.196124,-0.357081,-0.074018,0.910243
0.313887,1.878683,1.173188,-1.100698,0.947558,-3.081956,0.070769,-0.041356,-0.049018,0.995425,0.857771,0.949295,-0.24903,-3.732298,-2.683104,-9.359735,-0.142643,0.248887,0.035161,0.957321,1.632533,2.731885,3.309763,3.778074,-4.259031,3.880003,0.173778,-0.380571,-0.042146,0.907294
0.811305,-0.284707,0.690769,-2.124826,-1.119841,1.751546,0.064072,-0.038655,-0.040998,0.996349,0.943974,1.659138,-0.738577,-5.155637,3.907469,-6.192013,-0.138403,0.231187,0.043939,0.962007,1.001443,0.648118,1.586771,13.65905,-8.582759,4.310911,0.163534,-0.3851,-0.026079,0.907891
1.341995,-1.690788,0.088357,-3.847659,-1.598405,3.9338,0.06299,-0.021364,-0.028777,0.997366,0.635347,3.482168,-1.118508,-7.448726,-0.192871,-4.259641,-0.130556,0.195876,0.047738,0.970721,0.025542,-1.052526,1.561229,4.695432,-13.430168,2.53723,0.149298,-0.375756,-0.021881,0.914347
1.400354,-2.068761,0.200986,-2.813959,-2.07697,3.215954,0.060665,-0.000247,-0.016273,0.998021,0.290535,4.528309,-2.455184,2.074584,-3.483885,5.346677,-0.109389,0.150202,0.049002,0.981358,-0.615126,-1.526109,1.748534,-0.31311,-2.468871,-0.680542,0.130752,-0.363136,-0.023552,0.922211
1.00111,-1.965132,0.165261,-1.828117,-2.871387,2.29711,0.05868,0.019702,-0.007793,0.998048,0.840744,2.189126,-2.444542,16.868277,-2.200316,19.999378,-0.087713,0.126904,0.058406,0.986297,-0.435271,-1.887948,0.618319,4.868772,5.00549,-0.17395,0.122938,-0.346183,-0.027592,0.929663
0.367883,-1.499074,0.246528,-0.602991,-1.129412,0.354138,0.056016,0.034643,-0.005387,0.99781,0.922689,-1.900719,-1.542073,14.090569,-2.505492,12.99926,-0.072573,0.144264,0.071,0.984313,-0.493804,-2.723371,-0.468262,3.242796,3.934324,2.407835,0.124732,-0.320983,-0.036956,0.938103
-0.122718,-0.946296,0.358065,0.459422,0.478565,-1.818545,0.052441,0.044321,-0.007034,0.997611,1.002507,-1.693194,0.126644,8.241572,-0.900268,1.427611,-0.074077,0.160641,0.081863,0.980815,-0.344811,-3.175669,-0.930139,1.430663,4.096067,1.653441,0.131029,-0.290937,-0.046838,0.946565
0.044724,-0.561232,0.057269,-6.479764,0.937986,1.923829,0.051811,0.049548,-0.006831,0.997399,1.569743,-4.101552,1.305813,-4.564207,-0.864868,-7.359004,-0.085939,0.200286,0.09812,0.971012,0.324591,-3.872742,-0.358646,-2.584837,-2.969359,7.00378,0.133556,-0.253257,-0.050131,0.956819
0.419152,-0.899117,-0.92557,-5.312066,-1.531407,11.294123,0.060763,0.058399,-0.002724,0.996434,1.406915,1.107866,-5.10938,-0.52063,5.982663,12.057488,-0.040099,0.182711,0.12108,0.974854,-0.226682,-4.706036,1.415429,-2.793577,-2.871702,19.88097,0.116969,-0.208634,-0.054955,0.969413
-0.240801,-0.822486,0.575686,6.82433,5.723632,23.688944,0.055161,0.066678,-0.005648,0.996228,0.123451,-5.128536,2.897905,-8.217769,13.325188,12.687981,-0.06218,0.23546,0.119071,0.962552,-1.196197,-5.129601,-2.329605,-2.282103,3.046263,19.874866,0.133991,-0.15848,-0.077049,0.975185
-0.851121,-1.094649,0.749401,-1.493121,10.959127,26.703901,0.048219,0.076918,-0.014858,0.995756,0.169213,3.850393,5.424393,13.267204,-18.045034,-9.716181,-0.119206,0.204595,0.105053,0.965861,-1.482476,-5.904361,-1.600605,3.385618,3.987424,19.999378,0.142419,-0.101135,-0.101553,0.979371
0.249528,0.395699,0.082358,3.598805,-1.78026,29.326435,0.04724,0.072809,-0.012532,0.996143,0.660888,0.586392,-4.248415,-19.999989,-1.362914,0.288086,-0.080042,0.193164,0.119266,0.970592,-0.382059,-5.227509,-0.187305,8.01208,0.488891,19.998768,0.1384,-0.049847,-0.112674,0.982679
1.994311,2.977695,1.31036,7.264609,-7.446464,17.716459,0.033061,0.044094,0.007438,0.998448,-0.93546,3.02242,-3.755676,5.468747,-1.06079,19.999378,-0.045382,0.159756,0.114548,0.979433,-0.620448,-5.106187,-1.085517,5.480954,0.411377,19.999378,0.14284,0.001039,-0.126017,0.981686
1.272727,1.701969,0.981748,9.628718,-6.029913,18.262022,0.022552,0.027891,0.020011,0.999152,-0.843936,4.721999,-1.750662,1.864623,8.131709,19.857777,-0.032181,0.111414,0.107013,0.987467,-1.193004,-4.916754,-1.768754,5.454098,-8.804927,19.914539,0.153824,0.050026,-0.144802,0.976145
0.878392,0.016908,-0.445604,6.719046,-0.81356,15.409778,0.026743,0.028215,0.028809,0.998824,-0.460813,4.718807,0.330976,4.503171,3.670042,19.756458,-0.039972,0.065131,0.100095,0.992035,-0.54808,-3.773768,-3.123522,4.599607,-6.472775,15.117789,0.178912,0.090664,-0.154503,0.967415
1.196914,-0.334067,-0.935387,3.101098,3.56052,12.97867,0.03584,0.031865,0.041229,0.997994,-0.578942,5.444613,0.83223,5.139768,1.133422,19.858387,-0.053266,0.012429,0.091202,0.994325,-0.583199,-2.67548,-3.605619,3.142698,-0.19043,10.017694,0.210039,0.121123,-0.161152,0.956679
1.55307,0.243528,-0.425697,0.870987,5.493921,12.318251,0.039499,0.029836,0.05734,0.997123,-0.779018,5.628725,-0.091524,7.317501,-2.672118,17.293692,-0.057334,-0.042826,0.080099,0.994211,-0.426757,-1.841122,-3.633289,1.539916,3.061522,2.565917,0.242222,0.143738,-0.164217,0.945353
1.461713,0.769854,-0.118355,0.468993,1.866402,7.896315,0.039805,0.022694,0.072639,0.996301,-0.620448,5.316905,-1.589963,7.267452,-1.541137,12.927238,-0.046005,-0.09609,0.069956,0.991841,-0.282022,-0.661953,-2.46157,1.381225,2.394408,-5.362546,0.264777,0.153693,-0.164866,0.937594
0.961567,0.393245,-0.139081,-0.449851,-0.59342,1.397408,0.040695,0.018831,0.082079,0.995612,-0.125579,4.289921,-2.350889,8.725581,2.256469,8.061519,-0.025813,-0.139679,0.064464,0.987755,-0.203268,0.577878,-1.026984,-0.873413,-0.166016,-7.805782,0.275611,0.149619,-0.163983,0.935283
0.464967,0.420515,-0.381518,-0.698704,-2.517249,-5.407779,0.044065,0.014384,0.086589,0.995161,-0.245838,3.127779,-3.34169,3.405149,3.92761,2.183837,0.004775,-0.172208,0.056775,0.983407,-0.186241,1.381374,-0.106423,-5.270383,0.849609,-10.158686,0.279068,0.136147,-0.16191,0.936676
0.349066,0.710404,-0.554142,-0.928415,-1.904687,-8.173882,0.04894,0.006662,0.090275,0.994687,-0.296921,2.428578,-1.782589,2.43347,5.172727,4.464719,0.02034,-0.196781,0.051175,0.978895,-0.091524,1.559101,0.086203,-8.475337,3.842771,-12.401116,0.280867,0.120897,-0.1584,0.938828
0.233165,0.002454,-0.110992,-1.397408,0.51685,-4.575077,0.050051,0.00638,0.092893,0.994393,-0.126644,0.771568,1.456934,10.784296,3.998411,6.989742,0.005397,-0.203237,0.053042,0.977673,-0.484226,2.581828,1.307942,-9.834589,-5.43945,-2.69287,0.273078,0.092823,-0.157332,0.944484
-0.343612,-1.267818,0.337612,-1.426122,1.004985,0.947558,0.047921,0.018792,0.089025,0.994694,0.577878,-0.084074,-0.211782,7.758785,-0.689697,0.084839,0.008674,-0.202149,0.058229,0.977579,-0.146864,3.380002,1.015278,-7.066647,-1.340331,-0.756225,0.268724,0.058482,-0.150324,0.949611
-0.799852,-1.581705,0.050178,-2.986243,1.062413,3.656233,0.049009,0.033789,0.08036,0.994982,0.626833,-0.519345,-1.462255,1.579589,-4.95361,-1.470336,0.02461,-0.197786,0.060979,0.978033,0.756669,2.630782,-0.189433,-0.136108,1.713256,6.196896,0.273963,0.035763,-0.135531,0.951466
-0.552233,-1.350721,0.141263,-4.699504,1.550549,4.364509,0.048905,0.046678,0.074233,0.994942,0.681109,-1.185555,-1.067425,2.946165,1.660766,0.801391,0.037064,-0.186317,0.065391,0.979606,1.34519,-0.987608,-0.008514,19.999378,-7.980952,19.999378,0.272217,0.049203,-0.125583,0.952732
0.20944,-1.061651,0.10772,-1.617548,-0.133998,5.04407,0.048544,0.057052,0.075604,0.994316,0.918433,-1.780461,0.0,-0.195312,0.233765,2.22412,0.039915,-0.168132,0.073686,0.982191,1.326034,-2.712729,0.772633,12.675774,5.663449,6.443478,0.260717,0.07803,-0.120547,0.954672
0.923116,-0.998383,-0.300251,-0.622134,-2.45025,4.15394,0.051744,0.067051,0.084098,0.992847,0.866285,-2.362596,1.848572,1.002807,-4.653317,4.234617,0.024994,-0.143009,0.083968,0.985832,-1.487797,-2.023106,0.302242,17.373648,1.533813,-1.945189,0.2565,0.093454,-0.140284,0.951728
0.689678,-1.991584,-0.659135,-4.517649,-0.583849,2.172683,0.059518,0.086219,0.090283,0.990386,0.812009,-3.234202,1.137664,-1.590575,-0.123901,10.28747,0.01767,-0.109668,0.092434,0.989499,-2.227438,3.357653,7.019677,-19.999989,7.463985,5.498654,0.195827,0.045484,-0.158695,0.966639
0.577049,0.986384,0.70304,-3.254239,-1.100698,16.663616,0.051177,0.077094,0.095766,0.991089,1.357961,-3.700336,-0.216039,-6.398312,0.304565,19.999378,0.024754,-0.073149,0.104555,0.991512,2.691444,-8.299949,-8.405308,19.999378,-18.621815,19.999378,0.260778,0.143521,-0.144329,0.943695
0.696495,1.27709,-0.30516,0.708275,-4.584648,30.417561,0.052424,0.06435,0.103189,0.991188,1.7198,-4.883762,2.067804,0.650024,-10.042109,19.960316,0.010618,-0.022015,0.121348,0.992305,-1.569743,1.893269,1.204711,-10.1831,19.999378,-9.564814,0.254361,0.11976,-0.155525,0.946975
0.485692,0.447786,-1.934316,-2.344966,3.952943,40.429131,0.070833,0.057822,0.109265,0.989794,1.324969,-5.089159,0.490611,1.507568,-13.958733,19.998158,0.012204,0.02923,0.133498,0.990539,-1.049333,1.984793,2.622269,-6.84753,3.759153,8.090816,0.23374,0.093906,-0.163199,0.95389
-1.740148,0.965931,-1.864775,4.756931,6.613762,24.339792,0.089171,0.045347,0.093893,0.990539,0.975901,-5.85115,-0.99825,1.661376,-6.827999,19.999378,0.029554,0.085841,0.142105,0.985676,1.40053,2.102923,1.021663,7.683101,-1.358642,19.32555,0.226102,0.075697,-0.145549,0.960185
-0.524417,0.930751,-1.765237,8.489735,3.388237,16.902899,0.105958,0.034391,0.090274,0.989663,0.840744,-5.85115,-0.487418,3.616331,2.409056,19.999378,0.041845,0.142846,0.148441,0.977651,1.53888,3.920632,1.222803,5.086057,-12.559807,19.810169,0.218645,0.039652,-0.123096,0.967192
0.004091,0.784853,-1.259091,5.015356,1.569692,22.358534,0.117662,0.025792,0.091313,0.988506,0.483162,-4.292049,-0.136222,6.004025,6.03088,19.983509,0.048743,0.18475,0.151055,0.969879,1.598477,4.294178,-2.07951,1.489867,-2.518309,19.999378,0.243112,0.004048,-0.09693,0.96513
-0.327522,-0.648772,-1.174279,2.871387,-0.133998,14.825929,0.129909,0.03096,0.087275,0.987188,0.16602,-3.200147,0.282022,2.767943,0.901489,14.183341,0.050491,0.215987,0.150218,0.963445,1.022727,4.898662,-2.597791,4.095457,1.052856,19.107044,0.272496,-0.037876,-0.07466,0.958504
-0.707949,-0.785944,-1.099012,0.449851,-1.502693,11.322837,0.141644,0.036787,0.079207,0.986053,-0.06279,-2.365789,1.702772,-0.57373,-0.758667,8.25561,0.037757,0.240943,0.144473,0.958979,0.984415,4.917818,-2.251916,6.869503,2.682494,19.27367,0.297708,-0.080165,-0.052449,0.949834
