-0.094084,-0.009272,0.215166,-4.000800,-0.086142,8.240881,0.864942,0.118136,0.193214,-0.447861,-0.103231,-0.291600,0.328848,-0.754394,1.658324,9.702143,0.873504,0.100695,0.027146,-0.475507,-0.143671,0.138350,0.462941,-3.599851,-0.286865,8.816524,0.863101,0.092468,0.168192,-0.467130
-0.089721,-0.017999,0.205349,-4.067799,-0.172283,8.240881,0.865795,0.116002,0.194214,-0.446335,-0.067047,-0.398023,0.369289,-0.552978,1.399535,9.772943,0.875735,0.097491,0.022477,-0.472304,-0.087267,0.134093,0.320334,-3.940428,-0.226440,8.786006,0.864319,0.092788,0.170115,-0.464107
-0.089175,-0.028634,0.185714,-3.991228,-0.478565,8.154739,0.866597,0.113733,0.195041,-0.444999,-0.010642,-0.471455,0.433143,-0.414428,1.240844,9.875483,0.878173,0.094217,0.016944,-0.468658,-0.060661,0.154314,0.206461,-3.739012,-0.645752,8.655391,0.864920,0.092555,0.172237,-0.462248
-0.081540,-0.037361,0.127627,-3.914658,-0.909273,8.269595,0.867185,0.111300,0.195648,-0.444202,0.043634,-0.527859,0.624704,-0.354004,1.386718,9.902948,0.881375,0.091408,0.010432,-0.463364,0.003193,0.177727,0.133029,-3.569334,-1.176757,8.674312,0.865080,0.092300,0.174298,-0.461227
-0.078813,-0.038452,0.029998,-3.924229,-1.387837,8.250452,0.867312,0.108728,0.196426,-0.444247,0.142607,-0.523602,0.739641,0.174560,1.696166,10.158075,0.884878,0.089722,0.003013,-0.457082,0.048955,0.185176,0.144736,-3.394163,-1.515502,8.758540,0.865259,0.092240,0.176060,-0.460232
-0.063814,0.026998,-0.078540,-3.799802,-1.799403,8.518449,0.866850,0.106296,0.197635,-0.445201,0.242645,-0.515088,0.877992,-0.249023,1.585692,10.534052,0.888769,0.088906,-0.004349,-0.449621,0.134093,0.093652,0.061725,-3.908079,-1.770019,9.146113,0.865074,0.092497,0.176993,-0.460171
-0.027543,0.112901,-0.196622,-3.675375,-1.569692,9.073584,0.865742,0.104260,0.199127,-0.447169,0.390573,-0.541694,0.875863,-0.245361,1.140746,10.768427,0.892366,0.088681,-0.011997,-0.442343,0.197947,0.107487,-0.112809,-4.085081,-1.344604,9.519037,0.864007,0.093225,0.177825,-0.461706
0.034634,0.144262,-0.271617,-3.493521,-1.062413,9.341579,0.864304,0.102849,0.200056,-0.449856,0.431014,-0.591713,1.026984,-0.750732,0.773315,9.757685,0.896369,0.088718,-0.019237,-0.433905,0.225617,0.194755,-0.327784,-3.287352,-0.896606,9.722895,0.861979,0.093946,0.178347,-0.465135
0.032998,0.148080,-0.248164,-3.445665,-0.488136,9.389436,0.863108,0.101878,0.200331,-0.452245,0.423564,-0.543823,0.934396,-1.233520,0.736084,8.649287,0.899773,0.089540,-0.025299,-0.426314,0.226682,0.138350,-0.389509,-2.429198,-0.707397,9.858393,0.859922,0.094400,0.177635,-0.469105
-0.017453,0.136081,-0.196622,-3.273381,-0.028714,9.303294,0.862327,0.101156,0.200188,-0.453956,0.506575,-0.214975,0.502318,-1.492919,1.503295,6.716915,0.901146,0.094005,-0.028578,-0.422226,0.180920,0.036184,-0.206461,-2.376097,-0.499878,10.009760,0.858983,0.094463,0.175902,-0.471460
-0.044451,0.107447,-0.154898,-3.474379,-0.047856,9.044869,0.861817,0.100165,0.199872,-0.455281,0.413986,0.664081,0.315013,-1.416625,3.198851,6.013180,0.902036,0.102387,-0.024397,-0.418621,0.102166,-0.075561,0.015963,-2.486571,-0.349731,10.110468,0.859377,0.093855,0.173342,-0.471811
-0.092993,0.011454,-0.008181,-3.158526,0.038285,8.824730,0.862229,0.098770,0.198730,-0.455306,0.377802,1.028049,0.189433,-2.908324,3.440550,4.851071,0.902415,0.111837,-0.016107,-0.415778,0.007450,-0.072368,0.233067,-2.799681,-0.156860,9.701532,0.860890,0.092924,0.170972,-0.470099
-0.031634,-0.046088,0.344430,-2.603391,1.071985,7.762317,0.864313,0.099646,0.196391,-0.452168,0.377802,1.494182,0.583199,-5.751950,3.507689,7.637325,0.904314,0.122691,-0.003410,-0.408831,-0.057469,-0.058533,0.407601,-3.456419,0.216064,8.948359,0.863310,0.093392,0.168542,-0.466432
0.128173,-0.022089,0.549233,-3.196811,1.196411,8.087741,0.867040,0.102887,0.193542,-0.447426,-0.090460,1.047205,1.278143,-1.515502,-0.349731,14.363395,0.909552,0.124441,0.005692,-0.396470,-0.118130,-0.143671,0.655567,-4.106443,0.527343,8.614497,0.866605,0.093724,0.167556,-0.460575
0.126809,0.277344,0.446695,-5.015356,0.574277,8.977871,0.868165,0.107750,0.195716,-0.443133,-0.260737,-0.254352,1.064232,3.587644,-4.443967,14.038078,0.914206,0.119174,0.002703,-0.387309,-0.134093,-0.161763,0.644925,-4.161985,0.516357,8.895869,0.869848,0.093745,0.166478,-0.454812
-0.021271,0.488147,0.265890,-5.886343,-0.727418,8.891729,0.867971,0.110111,0.201583,-0.440293,-0.477840,0.755605,0.726871,1.122436,-5.104978,10.464472,0.917630,0.115786,0.010822,-0.380029,-0.101102,-0.101102,0.403344,-3.867185,0.529175,9.078364,0.871889,0.093792,0.165607,-0.451197
-0.163897,0.325613,0.053723,-4.709075,-1.349552,8.183454,0.867393,0.108931,0.206494,-0.439448,-0.234131,0.665145,-0.635347,0.759887,-1.093139,10.681757,0.915433,0.114181,0.018252,-0.385491,-0.071304,-0.093652,0.391638,-3.575437,0.582275,9.127192,0.873894,0.094002,0.164220,-0.447769
-0.188168,0.173169,-0.030543,-4.039084,-1.320838,7.542177,0.866843,0.106388,0.209945,-0.439522,-0.041505,0.257544,-1.197261,0.734253,2.397460,8.339839,0.910660,0.114606,0.020376,-0.396410,-0.110680,-0.119194,0.550208,-3.100584,-0.020752,8.986201,0.876670,0.092677,0.162492,-0.443226
-0.117264,0.068995,0.025907,-4.086941,-0.507278,7.934600,0.866716,0.104002,0.211923,-0.439394,0.071304,0.433143,-1.515467,-3.977659,5.620724,6.917721,0.904096,0.118409,0.026134,-0.409755,-0.058533,-0.122387,0.469326,-3.207396,-0.871582,9.169916,0.878876,0.090906,0.161382,-0.439615
-0.013363,-0.041724,0.131445,-4.335794,0.909273,8.346166,0.867600,0.105737,0.210649,-0.437844,0.079817,0.592777,-0.568300,-5.239255,7.614131,8.144526,0.901270,0.123311,0.032152,-0.414083,0.074496,-0.237324,0.190498,-3.520506,-0.845947,9.077144,0.879882,0.089052,0.159642,-0.438616
0.017999,-0.025635,0.223620,-4.431508,1.971686,8.106883,0.868773,0.108073,0.209437,-0.435525,0.031927,0.493804,0.650246,-2.899168,5.499875,9.207758,0.903499,0.127566,0.035512,-0.407612,0.059597,-0.334169,0.091524,-3.338621,0.196533,9.301142,0.880676,0.088118,0.155903,-0.438557
0.011181,0.032725,0.289343,-4.584648,1.904687,7.925029,0.870046,0.110800,0.208916,-0.432538,-0.060661,0.336297,1.051462,-0.728149,1.614989,9.219965,0.907650,0.127850,0.036372,-0.398113,-0.048955,-0.483162,0.031927,-3.579099,1.107787,9.157100,0.881566,0.086802,0.151393,-0.438611
-0.034907,0.063541,0.331885,-4.374080,1.225125,7.542177,0.871415,0.113369,0.209048,-0.429038,-0.052147,0.388445,0.589585,0.056152,0.015259,9.310297,0.910013,0.127300,0.038743,-0.392633,-0.071304,-0.614062,-0.116001,-3.685301,1.043090,8.545527,0.881932,0.084576,0.146484,-0.439974
-0.116719,0.132809,0.322886,-4.431508,0.440279,7.456035,0.872387,0.115097,0.211330,-0.425470,-0.117066,0.370353,0.222425,-0.727539,0.139160,9.313959,0.910917,0.125929,0.042140,-0.390625,-0.118130,-0.667274,-0.008514,-3.090819,0.750732,8.299556,0.882925,0.081589,0.140901,-0.440371
-0.233710,0.243255,0.233438,-4.287938,-0.066999,7.972885,0.872821,0.113143,0.215458,-0.423026,-0.073432,0.412922,-0.284150,-2.449950,2.396849,9.171137,0.909358,0.127696,0.047076,-0.393112,-0.154314,-0.689623,0.193690,-2.164916,1.427001,8.441768,0.885054,0.078496,0.133887,-0.438844
-0.294524,0.248982,0.129263,-4.393222,0.028714,8.709874,0.873440,0.110479,0.217655,-0.421325,-0.084074,0.422500,-0.001064,-3.079222,3.384398,8.837886,0.908941,0.130066,0.051661,-0.392723,-0.023413,-0.548080,0.214975,-2.736815,1.420287,8.308711,0.886803,0.077628,0.128333,-0.437123
-0.244346,0.125718,0.091084,-4.374080,0.545564,8.949157,0.874242,0.109819,0.217983,-0.419660,-0.063854,0.341619,0.224553,-2.926024,2.976683,8.749385,0.909399,0.132301,0.055172,-0.390433,0.141543,-0.263930,0.157506,-3.988035,0.623779,8.627925,0.887541,0.078896,0.126273,-0.435998
-0.161443,0.047178,0.110174,-4.594220,0.899701,8.662018,0.875010,0.110533,0.217996,-0.417863,-0.057469,0.212846,0.210718,-1.998290,2.056884,9.057002,0.909883,0.133117,0.056953,-0.388769,0.073432,-0.143671,0.423564,-4.077146,0.270996,8.953242,0.889300,0.080046,0.125585,-0.432387
-0.102811,0.054814,0.145626,-4.699504,0.937986,8.212168,0.875675,0.112075,0.218437,-0.415824,-0.047890,0.244773,0.029799,-1.660766,1.925048,8.863521,0.909702,0.133685,0.058727,-0.388734,0.005321,-0.073432,0.341619,-3.549803,0.389404,9.415888,0.890706,0.080693,0.125454,-0.429401
-0.075813,0.082085,0.148080,-4.651647,0.708275,8.030313,0.876180,0.113972,0.219293,-0.413788,-0.053212,0.326719,-0.076625,-2.143553,2.380980,8.865962,0.908987,0.135312,0.061859,-0.389357,-0.009578,-0.010642,0.179855,-3.767698,0.760498,9.038692,0.891332,0.081754,0.126081,-0.427714
-0.067359,0.131172,0.139899,-4.632504,0.564706,8.001599,0.876481,0.116098,0.220735,-0.411789,-0.060661,0.301178,-0.076625,-2.691649,2.604369,8.966670,0.908264,0.137013,0.065221,-0.389901,0.057469,0.048955,-0.042569,-3.254393,1.054687,8.918452,0.890965,0.083633,0.126482,-0.427996
-0.061359,0.158443,0.128991,-4.728218,0.717847,8.078169,0.876709,0.118388,0.222215,-0.409851,-0.037248,0.197947,-0.077689,-2.606810,2.427977,8.864131,0.907574,0.138402,0.067516,-0.390625,0.084074,0.062790,-0.035120,-3.070067,1.212157,9.293207,0.890674,0.085828,0.126396,-0.428193
-0.057269,0.172624,0.137172,-4.823930,0.928415,8.030313,0.876938,0.120789,0.223744,-0.407823,-0.040441,0.178791,-0.043634,-2.579344,2.393187,8.773799,0.907044,0.139695,0.069555,-0.391039,0.068111,0.058533,0.046826,-3.011473,1.383056,9.255365,0.890783,0.088046,0.126120,-0.427598
-0.052360,0.186532,0.170442,-4.823930,0.957129,7.925029,0.877252,0.123359,0.225351,-0.405487,-0.061725,0.156442,0.054276,-2.520751,2.436522,8.869014,0.906964,0.140766,0.071163,-0.390550,0.057469,0.052147,0.075561,-2.571410,1.307372,9.317011,0.891142,0.089843,0.125178,-0.426751
-0.068450,0.200713,0.199349,-4.718646,0.918844,7.886744,0.877723,0.125906,0.226872,-0.402829,-0.048955,0.129836,0.017028,-2.701415,2.383421,8.864131,0.906723,0.141801,0.072764,-0.390440,0.005321,0.054276,0.199011,-2.874754,1.132812,9.133296,0.891986,0.091385,0.124972,-0.424717
-0.105265,0.229893,0.227166,-4.632504,0.756132,7.963314,0.878390,0.128221,0.228334,-0.399808,-0.072368,0.150057,0.080882,-2.185668,2.470091,8.870234,0.906860,0.142655,0.073700,-0.389634,-0.011707,0.021285,0.212846,-3.114622,0.982055,9.135127,0.892867,0.092538,0.125043,-0.422589
-0.126536,0.258254,0.247346,-4.699504,0.717847,7.925029,0.879025,0.130561,0.230323,-0.396499,-0.090460,0.140479,0.078753,-2.144164,2.332152,8.804317,0.907042,0.143144,0.074588,-0.388862,-0.041505,0.011707,0.226682,-3.154905,0.645752,9.074092,0.893801,0.092875,0.125555,-0.420383
-0.133899,0.284161,0.263981,-4.670790,0.660419,8.068598,0.879928,0.132437,0.231627,-0.393100,-0.097909,0.089396,0.037248,-2.382201,2.189940,8.990474,0.907077,0.143179,0.075519,-0.388587,-0.058533,-0.019156,0.264994,-2.935789,0.511474,9.331049,0.895040,0.092400,0.125421,-0.417885
-0.130354,0.301069,0.266435,-4.843073,0.564706,8.135597,0.880676,0.134727,0.233417,-0.389571,-0.136222,0.147928,0.159635,-2.529906,2.130126,8.798213,0.907569,0.143276,0.077297,-0.387051,-0.086203,-0.020220,0.346940,-3.045042,0.661621,9.424433,0.896626,0.092161,0.125352,-0.414545
-0.131718,0.292070,0.281162,-4.996214,0.392423,7.992028,0.880788,0.134825,0.237854,-0.386591,-0.172406,0.178791,0.235195,-2.605589,1.878661,8.982539,0.908389,0.142735,0.079648,-0.384844,-0.072368,-0.029799,0.384188,-2.957762,1.364135,9.620966,0.898423,0.092976,0.124362,-0.410754
-0.106083,0.280344,0.305978,-5.321638,0.574277,7.800602,0.881002,0.136634,0.241741,-0.383040,-0.166020,0.114937,0.178791,-2.291869,1.654662,8.649898,0.909111,0.141449,0.081100,-0.383307,-0.060661,-0.124515,0.462941,-2.030028,1.488036,9.814447,0.900798,0.092948,0.121315,-0.406445
-0.100356,0.354520,0.341703,-5.187640,0.995414,7.810173,0.881492,0.139777,0.244867,-0.378769,-0.200076,0.112809,0.100038,-2.510985,2.482298,8.707881,0.909518,0.141278,0.082486,-0.382106,-0.087267,-0.070239,0.505510,-1.539306,0.956420,10.413813,0.903317,0.091944,0.118726,-0.401823
-0.105811,0.379336,0.403062,-5.130212,1.272982,7.819745,0.882304,0.143100,0.247541,-0.373868,-0.220296,0.072368,0.206461,-3.179930,2.606810,8.973384,0.910315,0.140961,0.084127,-0.379961,-0.161763,-0.235195,0.412922,-1.500243,0.952758,10.724482,0.905691,0.089434,0.115040,-0.398099
-0.145080,0.356429,0.442059,-4.785645,1.225125,7.886744,0.883646,0.145465,0.249157,-0.368675,-0.252223,0.217103,0.385252,-3.036497,2.643431,8.638911,0.911721,0.141159,0.086810,-0.375892,-0.057469,-0.483162,0.131965,-3.096312,2.015990,9.548334,0.906820,0.088718,0.110465,-0.396984
-0.179442,0.318523,0.434151,-4.957929,1.062413,8.049456,0.885145,0.147029,0.250389,-0.363588,-0.229874,0.170277,0.309692,-3.096922,2.459715,8.489985,0.912820,0.141235,0.089266,-0.372608,0.044698,-0.673659,0.303306,-2.620848,2.180175,9.180902,0.908770,0.088366,0.103253,-0.394536
-0.175624,0.333794,0.423515,-5.044070,0.957129,8.250452,0.886610,0.147933,0.251622,-0.358770,-0.256480,0.158571,0.333105,-2.733763,2.705077,8.576045,0.914121,0.141190,0.091015,-0.368993,0.017028,-0.490611,0.719421,-2.177123,2.473143,8.425899,0.912140,0.088954,0.097299,-0.388089
-0.153262,0.299706,0.416425,-4.967500,0.957129,8.269595,0.888087,0.148603,0.252503,-0.354193,-0.264994,0.096845,0.422500,-2.934569,2.654418,9.159541,0.915799,0.140808,0.092206,-0.364658,-0.105359,-0.253287,0.744963,-2.262572,2.034301,8.172603,0.915370,0.089377,0.094273,-0.381070
-0.142081,0.269708,0.379336,-5.063213,0.957129,8.202596,0.889475,0.149186,0.253124,-0.349998,-0.282022,0.207525,0.593842,-2.019042,2.587889,9.168085,0.918235,0.140302,0.092851,-0.358511,-0.325655,-0.014899,1.123829,-3.038939,1.468505,8.005977,0.919756,0.088736,0.095244,-0.370264
-0.145353,0.242710,0.329704,-4.890930,0.861416,8.001599,0.890733,0.149047,0.253711,-0.346413,-0.195819,0.137286,0.315013,-1.943358,2.302245,9.009395,0.919618,0.139734,0.092821,-0.355181,-0.450170,0.088331,1.291978,-3.134764,0.634765,8.107905,0.924561,0.086523,0.098095,-0.357869
-0.156262,0.201804,0.309251,-4.661219,0.851845,7.896315,0.892025,0.148568,0.254019,-0.343051,-0.167084,0.057469,0.122387,-1.990355,2.286986,9.067988,0.920337,0.138963,0.092258,-0.353765,-0.376738,0.254352,0.863092,-2.357787,-0.668335,8.286738,0.927593,0.083223,0.102014,-0.349614
-0.183805,0.177805,0.280889,-4.508078,0.928415,7.953743,0.893320,0.147827,0.254195,-0.339857,-0.208590,0.052147,0.177727,-2.272338,2.506102,9.188837,0.921220,0.138346,0.092125,-0.351738,-0.214975,0.313949,0.288407,-2.119750,-1.281738,8.403926,0.928397,0.080815,0.106086,-0.346821
-0.219257,0.194713,0.214621,-4.862216,0.708275,8.039884,0.894310,0.145967,0.255110,-0.337364,-0.207525,0.063854,0.221360,-2.495726,2.373656,8.912349,0.922149,0.137980,0.092607,-0.349312,-0.035120,0.323527,-0.055340,-2.446898,-1.166381,8.729854,0.927800,0.079844,0.110057,-0.347405
-0.257436,0.178078,0.132536,-5.149354,0.564706,8.126026,0.894921,0.142926,0.256826,-0.335740,-0.188369,0.098974,0.181984,-2.636107,1.885985,8.929439,0.922841,0.137112,0.094097,-0.347422,0.065982,0.253287,-0.370353,-2.616576,-0.885009,9.304804,0.926088,0.079246,0.113230,-0.351072
-0.269708,0.137445,0.084267,-5.455636,0.622134,7.781459,0.894742,0.140571,0.260522,-0.334359,-0.192626,0.122387,0.183048,-2.595213,1.950683,8.926387,0.923528,0.136455,0.095569,-0.345449,0.048955,0.307563,-0.409729,-2.514647,0.109863,9.512323,0.924220,0.078967,0.116455,-0.354982
-0.257981,0.110447,0.057269,-5.781060,0.488136,7.666604,0.894480,0.138588,0.264012,-0.333150,-0.172406,0.062790,0.152185,-2.665404,1.990966,9.014888,0.924111,0.135847,0.096489,-0.343870,-0.104295,0.442721,-0.210718,-2.089843,1.157836,9.727777,0.923236,0.079857,0.119469,-0.356338
-0.242983,0.110447,0.044179,-5.895915,0.334995,7.628319,0.894147,0.136541,0.267458,-0.332137,-0.139414,-0.006385,0.124515,-2.780150,1.754760,9.093013,0.924592,0.134748,0.097166,-0.342818,-0.228810,0.595970,0.061725,-2.894896,1.977538,10.086054,0.922962,0.081530,0.125070,-0.354744
-0.236438,0.116173,0.035452,-5.857630,0.210568,7.618747,0.893772,0.134270,0.270896,-0.331287,-0.140479,0.039377,0.155378,-2.697752,1.401977,9.068599,0.925196,0.132890,0.098365,-0.341569,-0.237324,0.403344,0.177727,-2.620848,2.734373,10.049433,0.923372,0.082582,0.128480,-0.352207
-0.216257,0.129809,0.062995,-5.675776,0.076570,7.312466,0.893426,0.132155,0.274305,-0.330263,-0.126644,-0.040441,0.102166,-2.895506,1.184081,9.094234,0.925628,0.130743,0.099283,-0.340961,-0.200076,0.332041,0.275636,-2.365111,2.171630,9.283442,0.924195,0.083715,0.130849,-0.348892
-0.192532,0.121900,0.088357,-5.618348,-0.028714,7.054041,0.893136,0.130329,0.277535,-0.329071,-0.134093,-0.144736,0.160699,-2.927244,1.024169,8.931880,0.926358,0.128194,0.099319,-0.339934,-0.203268,0.441656,0.536373,-2.576903,1.740111,8.849483,0.925703,0.085571,0.134261,-0.343101
-0.187350,0.189259,0.099266,-5.647061,0.000000,6.987042,0.892657,0.128964,0.281368,-0.327651,-0.170277,-0.153249,0.240517,-2.838133,1.231078,8.932490,0.927386,0.125692,0.099134,-0.338113,-0.183048,0.415051,0.664081,-2.801512,0.921020,9.307856,0.927568,0.086700,0.137297,-0.336515
-0.187350,0.262345,0.086994,-5.714060,-0.009571,7.130611,0.891926,0.127687,0.285832,-0.326277,-0.190498,-0.092588,0.220296,-2.803953,1.309203,8.886714,0.928266,0.123106,0.100470,-0.336252,-0.074496,0.210718,0.518281,-2.790526,-0.186157,9.849237,0.929174,0.085503,0.138853,-0.331718
-0.189259,0.319341,0.058632,-5.915058,-0.095713,7.226325,0.890921,0.126464,0.290825,-0.325083,-0.191562,-0.023413,0.197947,-2.960814,1.179199,8.748775,0.928965,0.121151,0.101848,-0.334612,-0.067047,0.100038,0.178791,-3.624876,-1.033325,9.924311,0.929518,0.083899,0.140724,-0.330371
-0.169079,0.346339,0.051814,-6.049056,-0.382852,7.331609,0.889830,0.125091,0.295817,-0.324098,-0.157506,-0.098974,0.167084,-3.514402,0.783081,9.067988,0.929582,0.118999,0.102797,-0.333378,-0.175598,0.031927,-0.060661,-3.565061,-1.542358,9.495234,0.929259,0.080664,0.142541,-0.331126
-0.162806,0.369792,0.026725,-5.895915,-0.736989,7.178468,0.888649,0.123439,0.300748,-0.323432,-0.143671,-0.152185,0.285214,-3.276976,0.475464,9.366449,0.930694,0.116347,0.102827,-0.331195,-0.251159,-0.056404,-0.083010,-2.833250,-1.232909,9.143672,0.929179,0.076199,0.143291,-0.332082
-0.155716,0.369519,-0.045269,-6.068198,-0.890130,7.101898,0.887170,0.121712,0.305808,-0.323403,-0.131965,-0.133029,0.406537,-2.441405,0.668945,9.395746,0.932321,0.113430,0.101689,-0.327966,-0.212846,-0.094717,-0.023413,-3.088988,-0.518799,8.835444,0.929214,0.072439,0.143835,-0.332592
-0.140990,0.358338,-0.121082,-6.106483,-0.957129,7.082755,0.885446,0.119806,0.310759,-0.324119,-0.045762,-0.217103,0.335233,-2.157592,1.008911,9.312738,0.933714,0.111330,0.098730,-0.325619,-0.113873,-0.147928,-0.052147,-3.076170,0.230713,8.793941,0.929111,0.070583,0.143296,-0.333512
-0.136899,0.349884,-0.156262,-6.096912,-0.803988,6.853044,0.883543,0.117980,0.315802,-0.325105,0.057469,-0.362903,0.148993,-2.125243,0.950317,9.220575,0.934464,0.109524,0.094462,-0.325348,-0.018092,-0.041505,-0.286279,-3.669431,0.305786,8.636470,0.927924,0.070254,0.144369,-0.336409
-0.093539,0.369519,-0.152444,-6.096912,-0.555135,6.585048,0.881426,0.117072,0.321085,-0.326004,0.054276,-0.333105,0.252223,-1.687011,1.165771,9.235224,0.935801,0.108071,0.089343,-0.323428,0.023413,-0.031927,-0.496997,-3.793943,0.302124,8.706050,0.925972,0.070271,0.146117,-0.340999
-0.037088,0.413970,-0.155443,-6.163911,-0.545564,6.183053,0.879031,0.117178,0.326642,-0.326912,0.109616,-0.360775,0.195819,-1.898803,1.724853,9.440912,0.936806,0.108680,0.083516,-0.321869,0.045762,-0.136222,-0.619383,-3.048094,0.154419,9.406733,0.924117,0.067466,0.144602,-0.347185
-0.016362,0.499328,-0.153534,-6.125626,-0.574277,6.020342,0.876302,0.117743,0.332858,-0.327763,0.223489,-0.575750,0.197947,-1.707763,1.681518,9.650873,0.937874,0.109072,0.075228,-0.320667,-0.071304,-0.174534,-0.294792,-2.861937,-0.047607,8.941646,0.923395,0.063815,0.143511,-0.350237
-0.013908,0.625591,-0.144535,-6.135197,-0.669990,6.049056,0.873145,0.118533,0.340097,-0.328471,0.174534,-0.744963,0.585328,-1.088867,1.727294,9.355463,0.940284,0.108569,0.065090,-0.315964,-0.102166,-0.097909,0.036184,-3.684690,-0.088501,8.782344,0.923424,0.062681,0.144836,-0.349820
-0.028362,0.767399,-0.119173,-6.364908,-0.803988,6.154340,0.869556,0.119583,0.348512,-0.328790,0.098974,-0.677916,0.571493,-2.192382,1.405639,8.906245,0.942193,0.107912,0.059736,-0.311528,-0.069175,-0.084074,0.174534,-3.827513,-0.308838,9.014277,0.923897,0.061750,0.146084,-0.348214
-0.026180,0.901844,-0.076085,-6.671189,-0.612563,6.020342,0.865521,0.121780,0.358081,-0.328350,0.111744,-0.709843,0.452299,-2.763060,0.797729,8.566279,0.943742,0.106613,0.054149,-0.308293,-0.103231,-0.025542,0.305435,-4.027708,-0.142822,9.082026,0.924751,0.061341,0.147901,-0.345239
-0.058087,1.012564,0.001636,-6.910472,-0.574277,5.838487,0.861278,0.124528,0.368556,-0.326880,0.235195,-0.564043,0.269251,-2.553710,0.737915,8.498530,0.944500,0.106686,0.049719,-0.306687,-0.141543,-0.151121,0.352261,-3.715818,0.145264,9.448236,0.925986,0.060791,0.148497,-0.341751
-0.099538,1.101739,0.084539,-6.862615,-0.526421,5.580062,0.856906,0.127563,0.379758,-0.324369,0.268187,-0.421436,0.377802,-1.996459,1.587523,8.680415,0.945358,0.108883,0.046312,-0.303792,-0.074496,-0.474648,0.026606,-1.960448,-0.407104,9.757685,0.927039,0.057222,0.142955,-0.341877
-0.145080,1.192823,0.181351,-6.843473,-0.612563,5.398208,0.852405,0.130638,0.391696,-0.320789,0.228810,-0.191562,0.726871,-1.770629,2.513426,8.370967,0.947181,0.112722,0.043223,-0.297096,0.092588,-0.804560,-0.492740,-0.957031,-0.805053,11.271966,0.926626,0.053403,0.133995,-0.347203
-0.201804,1.237820,0.239983,-6.680761,-0.775275,5.302495,0.847862,0.132940,0.403933,-0.316680,0.159635,0.001064,1.132343,-1.401977,2.784422,8.367915,0.950144,0.116619,0.041063,-0.286238,0.202204,-1.077003,-0.761990,-2.352904,-1.619872,11.596063,0.925282,0.048594,0.123318,-0.355354
-0.225257,1.321269,0.259890,-6.594619,-0.459422,5.570491,0.843559,0.134502,0.415436,-0.312605,-0.026606,-0.077689,1.714478,-0.985107,2.380370,9.501947,0.954997,0.117768,0.036650,-0.269741,0.112809,-1.384566,-0.379931,-1.505736,-0.996093,9.857172,0.925588,0.042511,0.109385,-0.359868
-0.175078,1.432806,0.233710,-6.747760,-0.555135,6.087341,0.838995,0.137485,0.426660,-0.308445,-0.142607,-0.421436,1.768754,-1.112060,1.026611,10.427240,0.960128,0.113964,0.030950,-0.253378,0.172406,-1.655946,-0.328848,0.253296,0.015259,8.912349,0.926192,0.037090,0.091747,-0.363823
-0.097629,1.433624,0.143717,-7.006185,-1.397408,6.441479,0.833646,0.140242,0.438167,-0.305561,-0.183048,-0.971644,1.232381,0.394897,-0.228882,11.235345,0.963852,0.108287,0.020027,-0.242598,-0.017028,-1.319648,0.369289,-0.792846,0.342407,7.466426,0.928836,0.032597,0.077480,-0.360817
-0.092721,1.467986,0.032725,-7.159325,-1.799403,6.307480,0.827548,0.142548,0.450182,-0.303597,-0.120258,-1.535687,0.642796,1.207885,-1.066894,10.686640,0.965909,0.101691,0.004140,-0.238018,-0.230938,-0.876927,0.847129,-1.052856,0.055542,7.263179,0.932721,0.027451,0.067978,-0.353056
-0.087539,1.526618,-0.049360,-6.757331,-1.368695,5.828916,0.820902,0.144905,0.462422,-0.302126,0.060661,-1.205775,0.424629,1.824950,-0.994262,8.743892,0.967009,0.097673,-0.008976,-0.235083,-0.017028,-0.788596,0.113873,0.457153,-0.813598,10.008539,0.933725,0.023197,0.059238,-0.352281
-0.010636,1.425989,-0.068450,-6.853044,-0.430708,5.321638,0.814697,0.148273,0.473023,-0.300872,0.235195,-0.571493,0.019156,1.217651,1.405028,8.279414,0.966842,0.097850,-0.016915,-0.235258,0.020220,-0.730063,-0.173470,-2.710570,-0.759887,10.007318,0.933400,0.020435,0.054355,-0.354095
0.122173,1.642246,-0.076358,-7.848458,0.000000,5.733203,0.807182,0.153955,0.484771,-0.299572,0.460813,-0.585328,-0.566172,0.122070,2.554320,8.584590,0.964745,0.102709,-0.024083,-0.241102,0.077689,-0.641732,-0.370353,-1.606444,-1.079711,9.170527,0.932315,0.017328,0.049625,-0.357795
0.203713,1.976313,-0.040088,-8.786445,0.258425,6.642476,0.797794,0.161434,0.498799,-0.297750,0.308627,-0.464005,0.039377,-0.014648,5.367429,8.377681,0.964189,0.106443,-0.029821,-0.241065,0.141543,-0.534245,-0.498061,-1.514892,-0.564575,9.595331,0.930659,0.015619,0.046016,-0.362636
0.139081,1.953951,-0.044451,-8.977871,0.440279,6.977471,0.788330,0.168185,0.512709,-0.295587,0.282022,-0.454427,-0.187305,-1.583861,5.579220,7.935176,0.963070,0.110042,-0.034347,-0.243308,0.253287,-0.807752,-0.836487,0.916748,0.267944,10.299067,0.927968,0.014247,0.035761,-0.370656
0.040906,1.563706,-0.044451,-8.786445,0.708275,6.642476,0.780823,0.173024,0.523705,-0.293432,0.176663,-0.426757,0.532116,0.618286,5.029294,8.880610,0.963783,0.112288,-0.040259,-0.238506,0.258608,-0.665145,-0.553401,1.433715,1.057128,9.657587,0.926141,0.014128,0.026718,-0.375953
0.037361,1.213004,-0.022635,-8.537591,0.373280,6.068198,0.775087,0.176739,0.531874,-0.291727,0.043634,-0.437400,1.046140,2.210082,3.414305,9.450068,0.965893,0.111742,-0.047650,-0.228661,0.222425,-0.268187,-0.167084,1.672362,1.204223,9.526972,0.925598,0.015309,0.021431,-0.377580
0.032725,1.026744,0.054814,-8.173882,-0.296710,5.388637,0.770439,0.179919,0.538508,-0.289919,-0.001064,-0.332041,1.096159,2.504271,1.469726,8.895869,0.968256,0.109406,-0.053768,-0.218201,0.036184,-0.278829,0.259673,1.417846,0.774536,8.591304,0.926670,0.014565,0.016678,-0.375211
-0.016362,0.850303,0.079085,-7.436893,-0.315853,5.111069,0.766836,0.182297,0.543867,-0.287975,0.093652,-0.226682,0.703458,3.721311,1.039428,8.004756,0.969592,0.108500,-0.058685,-0.211344,-0.139414,-0.224553,0.401216,1.871337,0.174560,8.556514,0.928261,0.011790,0.013193,-0.371497
-0.053178,0.659407,0.029998,-6.853044,-0.325424,5.015356,0.764156,0.183552,0.547953,-0.286554,0.191562,-0.329912,0.466134,4.467771,1.891478,7.412715,0.970128,0.108990,-0.064733,-0.206819,-0.107487,-0.413986,0.123451,2.448729,-0.838012,8.482661,0.928801,0.007964,0.008221,-0.370391
-0.029725,0.478875,0.011181,-6.163911,-0.047856,4.977071,0.762372,0.184472,0.550592,-0.285654,0.307563,-0.446978,0.216039,4.282835,2.001952,6.855465,0.969875,0.110636,-0.071895,-0.204758,-0.060661,-0.652375,-0.160699,3.327024,-1.287231,8.749995,0.928251,0.003608,0.000936,-0.371924
0.031907,0.310341,0.000000,-5.934200,0.086142,4.890930,0.761373,0.185366,0.551778,-0.285453,0.226682,-0.640668,0.278829,4.312742,2.495726,6.788937,0.969602,0.111290,-0.080841,-0.202346,0.002128,-0.851386,-0.270315,3.507689,-0.538330,7.481075,0.927206,-0.000577,-0.008676,-0.374439
0.110174,0.232074,-0.067086,-5.895915,-0.344566,4.642076,0.760425,0.186083,0.552319,-0.286464,0.180920,-0.727935,0.501253,3.794554,2.465819,6.624142,0.969652,0.111198,-0.090771,-0.197893,0.044698,-0.999314,-0.124515,4.227293,0.396728,6.414181,0.926572,-0.004477,-0.020020,-0.375547
0.117537,0.159807,-0.104447,-5.943771,-0.401994,4.833502,0.759747,0.186429,0.552366,-0.287946,0.363967,-0.997186,0.383124,5.108029,3.139036,6.506954,0.968859,0.112600,-0.103506,-0.194706,0.039377,-1.047205,0.069175,5.378415,0.390014,6.684566,0.926515,-0.008681,-0.031762,-0.374803
0.088903,0.153807,-0.130900,-7.188039,0.047856,4.977071,0.759140,0.186603,0.552415,-0.289334,0.481033,-0.816266,0.105359,3.876341,2.594603,5.528561,0.967428,0.115807,-0.114371,-0.193862,0.087267,-1.195133,-0.024477,4.591062,0.694580,8.870234,0.925899,-0.012796,-0.045101,-0.374839
0.089721,0.053723,-0.118082,-8.853444,0.488136,4.546363,0.759197,0.187010,0.551586,-0.290501,0.448042,-0.833294,0.086203,4.788815,3.966062,7.843624,0.965827,0.118911,-0.125228,-0.193259,0.222425,-1.399466,-0.136222,3.560179,1.248168,10.990594,0.924572,-0.015842,-0.060888,-0.375766
0.112901,0.034361,-0.017999,-10.384851,0.775275,5.398208,0.759609,0.188181,0.550354,-0.291005,0.599163,-0.781147,-0.420372,1.739501,2.034301,8.374019,0.963580,0.121842,-0.133088,-0.197351,0.288407,-1.462255,0.264994,2.844847,2.568358,10.233149,0.924486,-0.017686,-0.077065,-0.372916
0.103902,-0.169079,0.113446,-10.624132,0.057428,5.819345,0.761491,0.188966,0.547395,-0.291160,0.583199,-0.462941,-0.183048,4.692990,2.903441,9.473871,0.961720,0.126332,-0.140347,-0.198566,0.013835,-1.381374,0.494868,3.764646,1.369018,7.907100,0.924989,-0.022978,-0.091751,-0.368022
0.120537,-0.702768,0.322886,-10.748559,0.880559,6.843473,0.766862,0.189675,0.539872,-0.290648,0.748155,-0.451235,-0.872671,1.322021,3.333128,7.533565,0.958098,0.135698,-0.144492,-0.206756,-0.330976,-0.664081,0.538502,0.959472,-0.326538,5.510251,0.926360,-0.030662,-0.095494,-0.363028
0.230711,-1.315269,0.344703,-11.495120,1.426122,6.556334,0.775297,0.189863,0.527176,-0.291452,0.459748,-0.482097,-0.747091,3.052977,4.361570,8.002315,0.954813,0.141401,-0.150393,-0.213800,-0.384188,-0.353325,0.667274,-0.529785,0.263061,6.740719,0.928470,-0.035258,-0.095424,-0.357192
0.146444,-1.575160,0.154353,-13.256237,1.177269,7.073184,0.784510,0.187640,0.512909,-0.293684,0.148993,0.017028,-0.656631,-0.216675,4.282835,9.033809,0.953185,0.144973,-0.148027,-0.220227,-0.365032,-0.138350,0.508703,0.840454,-0.661010,11.048577,0.930204,-0.039799,-0.093274,-0.352743
-0.152989,-1.500983,0.198258,-16.223337,1.550549,10.021141,0.793807,0.183295,0.499861,-0.293946,-0.193690,0.591713,-0.427821,0.043945,3.424070,10.591425,0.953317,0.145342,-0.139702,-0.224807,-0.371417,0.519345,0.639604,0.889282,3.163450,14.819938,0.932806,-0.040087,-0.086466,-0.347536
-0.162261,-1.262909,0.409607,-15.907485,-0.095713,14.691931,0.802255,0.179895,0.488364,-0.292433,-0.610869,1.310070,-0.409729,4.082639,1.676635,14.823600,0.955132,0.141133,-0.125300,-0.228244,0.021285,2.030555,0.225617,2.945555,4.031370,14.850455,0.935097,-0.031217,-0.068216,-0.346350
0.011726,-0.717494,0.473148,-18.482162,0.459422,21.439692,0.807793,0.179817,0.480536,-0.290195,-0.604484,1.743213,-1.403723,5.061643,5.729977,19.999378,0.954457,0.140277,-0.105998,-0.241019,0.178791,2.695701,0.616191,7.240596,4.619138,19.999378,0.938677,-0.019702,-0.045112,-0.341254
-0.170442,-0.967021,0.339794,-19.448862,3.397808,32.906097,0.814392,0.177011,0.471384,-0.288481,-0.838615,2.429643,-1.868792,3.505247,13.097527,19.951771,0.952828,0.141561,-0.078661,-0.256678,0.561915,3.509839,0.307563,3.215330,1.244506,19.940174,0.940796,-0.001841,-0.015508,-0.338602
-0.316068,-3.007693,-0.110992,-19.085154,2.545963,38.553158,0.829097,0.164816,0.446573,-0.293253,-1.737892,3.409801,-1.403723,5.588986,7.783809,19.999378,0.953404,0.134881,-0.041435,-0.266652,1.826223,4.435720,-0.474648,4.887692,3.779905,19.999378,0.938842,0.031069,0.018171,-0.342451
-0.427606,-5.567327,-0.624773,-10.987842,-1.062413,37.088753,0.852073,0.141401,0.400826,-0.305464,-2.362596,4.333554,-2.088024,2.391356,6.223752,19.999378,0.951311,0.124568,0.007371,-0.281829,1.912426,5.642560,0.213911,1.202392,1.746215,19.999378,0.936475,0.068232,0.062541,-0.338290
-0.250618,-8.936086,0.236983,-16.548761,-2.584249,17.017756,0.885684,0.111018,0.323028,-0.314460,-2.586085,4.726256,-2.952181,0.138550,12.378533,19.999378,0.943930,0.114432,0.062181,-0.303362,1.910297,6.865363,1.262180,-6.356808,-7.435909,19.999378,0.932671,0.108289,0.120412,-0.322323
1.491166,-8.764552,0.244892,-6.891329,-0.267996,10.614561,0.909920,0.096345,0.237962,-0.325775,-2.023106,5.183876,-2.845757,-2.686766,15.564567,19.999378,0.932505,0.110822,0.119444,-0.322303,1.559101,6.771710,0.013835,-10.053705,-10.994256,19.999378,0.920559,0.142719,0.179210,-0.316352
0.573777,-1.805325,-1.387809,-11.313266,-1.789831,-0.287139,0.908447,0.092650,0.222728,-0.341355,-0.853514,4.376123,-1.729378,0.236816,9.220575,15.822745,0.921801,0.115918,0.163118,-0.332009,0.454427,5.404172,-3.706722,4.060056,-2.938841,17.122183,0.896980,0.155761,0.231081,-0.343160
0.204258,-3.297581,-0.946023,-14.940784,-4.048656,-26.321049,0.911429,0.081508,0.194701,-0.353182,-0.175598,2.261494,-1.047205,-1.113281,4.733274,0.490722,0.914522,0.121976,0.185339,-0.338251,-0.638539,2.907483,-2.953245,-8.304439,3.623045,4.205930,0.879938,0.154408,0.264769,-0.362984
-0.053178,-3.851451,0.492783,-15.218352,1.330409,-1.052842,0.919716,0.069162,0.160949,-0.351320,-0.567236,0.116001,0.741770,3.439329,-5.090940,6.445919,0.917718,0.116926,0.186642,-0.330572,1.097224,-1.453741,-3.427892,7.994990,15.453483,7.080074,0.869422,0.150501,0.251602,-0.397672
-0.026725,-0.876755,0.439332,-7.858029,1.052842,-4.728218,0.922352,0.067430,0.154354,-0.347688,0.052147,-1.346254,3.366167,7.864986,-3.070067,4.951779,0.931025,0.118045,0.168718,-0.301302,1.311134,-3.539637,-2.370045,1.435546,5.056149,-3.734739,0.866178,0.143527,0.218434,-0.425927
-0.220348,-0.411516,0.440423,-1.770689,1.138984,1.100698,0.924479,0.066327,0.151949,-0.343281,0.453363,-2.322155,1.266437,-11.755975,-6.619869,-2.705687,0.937571,0.117019,0.146085,-0.293116,-0.897148,-1.751727,5.088095,-5.537106,-1.621703,-3.756101,0.891170,0.139646,0.201282,-0.381829
-0.144535,0.520872,0.302160,-2.890530,-0.870987,0.937986,0.924473,0.067239,0.158955,-0.339931,0.986543,-2.370045,-2.556286,-5.420529,-3.609617,-2.087401,0.931501,0.115085,0.125785,-0.321297,-1.161077,-1.614441,3.748226,-5.812985,-1.652221,-2.645873,0.909091,0.130886,0.187763,-0.348079
0.019090,1.493893,-0.076358,-3.838088,-1.598405,1.110270,0.921370,0.072144,0.174613,-0.339669,0.912047,-1.719800,-1.561229,0.667114,0.390625,-0.575561,0.927494,0.116910,0.106884,-0.338607,-0.734320,-1.908169,1.041883,-1.837767,-3.792112,2.453001,0.916891,0.117821,0.172545,-0.340071
0.150535,0.453513,-0.269163,-1.167697,-2.297110,0.890130,0.919315,0.073064,0.179689,-0.342382,0.780082,-0.992929,-0.297985,-1.846923,3.228148,-0.519409,0.926366,0.122353,0.095706,-0.343087,-0.454427,-1.225996,-0.196883,-3.358152,-7.191158,2.869871,0.918631,0.107552,0.164211,-0.342893
0.168806,-1.060833,-0.496055,0.200997,-1.598405,2.995814,0.919450,0.068291,0.169098,-0.348345,0.922689,-0.937589,0.010642,-3.726194,0.046997,-0.217285,0.925808,0.128352,0.085648,-0.345053,-0.263930,-1.081260,-0.993993,-3.836668,-4.216306,0.145874,0.916894,0.098815,0.157929,-0.352975
0.127082,-0.437423,-0.582504,-0.794417,-0.220140,-0.842274,0.917705,0.067253,0.166915,-0.354156,1.151499,-0.779018,-0.426757,-2.093505,-0.676880,0.304565,0.923198,0.135916,0.076965,-0.351140,-0.355454,-1.251537,-0.601291,-2.460936,-0.517578,-1.168823,0.916663,0.090558,0.150156,-0.359129
0.141808,0.130082,-0.599684,-1.091127,-0.162712,-1.646262,0.914908,0.068527,0.169853,-0.359708,0.992929,-0.842872,0.104295,-1.156615,-0.249634,-0.089111,0.922538,0.142475,0.067488,-0.352224,-0.321398,-1.565486,-0.436335,-0.491333,0.203857,-1.697387,0.917332,0.082508,0.138889,-0.363862
0.100356,0.562051,-0.830395,-0.181855,-0.076570,-1.914258,0.910489,0.070617,0.177068,-0.366964,0.641732,-1.194069,0.708779,-0.505371,-1.381835,0.078735,0.924852,0.143190,0.054472,-0.348095,-0.060661,-1.373924,-0.839679,0.177002,1.113281,-1.449584,0.916122,0.077729,0.126895,-0.372247
0.077449,0.658044,-0.722130,-0.440279,-0.057428,-1.741975,0.906206,0.073076,0.185109,-0.373063,0.528924,-1.360089,0.830101,0.415039,-1.418456,0.901489,0.927811,0.141895,0.038889,-0.342800,-0.018092,-1.001443,-0.848193,-0.126953,0.980224,0.362549,0.914237,0.074592,0.117712,-0.380450
0.209712,0.652589,-0.561505,0.172283,0.277567,-0.708275,0.902706,0.078272,0.190677,-0.377662,0.427821,-1.561229,0.918433,1.198119,-1.762084,0.703125,0.931049,0.139022,0.021165,-0.336697,0.186241,-1.273886,-1.250473,-0.668335,0.906982,1.483153,0.910688,0.071921,0.106039,-0.392712
0.278435,0.717767,-0.438514,0.928415,0.669990,-0.516850,0.899774,0.083367,0.194824,-0.381434,0.403344,-1.558036,0.782211,1.110839,-2.462767,-0.096435,0.933540,0.135798,0.004065,-0.331717,0.472519,-1.950738,-1.744277,0.123901,0.606689,1.686400,0.905435,0.067379,0.085800,-0.410217
0.276526,1.173734,-0.380700,0.689133,0.478565,-0.114855,0.896110,0.090095,0.202943,-0.384286,0.566172,-1.533559,0.251159,1.284789,-2.529295,-1.265868,0.933784,0.134134,-0.012754,-0.331488,0.511896,-2.084831,-1.762369,1.032714,0.866699,0.468139,0.899462,0.062360,0.064062,-0.427747
0.257163,1.301088,-0.405244,0.564706,0.928415,0.047856,0.891934,0.097690,0.212487,-0.386976,0.684301,-1.282400,-0.194755,0.689697,-1.272582,-2.200927,0.932193,0.134589,-0.027352,-0.334880,0.436335,-2.013528,-1.324969,1.580199,1.015624,-1.551513,0.894659,0.057316,0.042984,-0.440957
0.230711,0.841576,-0.382882,0.229711,1.043271,1.024128,0.888771,0.103218,0.217916,-0.389791,0.657696,-1.071682,-0.416115,-0.277099,0.490112,-2.170409,0.929264,0.139196,-0.039010,-0.339944,0.220296,-1.897526,-0.417179,2.050780,1.050414,-1.037597,0.893428,0.050876,0.023286,-0.445698
0.269708,0.193350,-0.361883,-0.210568,0.650848,1.024128,0.886992,0.106834,0.217532,-0.393070,0.670466,-0.899276,-0.538502,0.434570,1.188964,-0.855712,0.925850,0.144112,-0.050052,-0.345716,-0.188369,-1.666588,0.630026,3.283689,0.267944,0.095825,0.896651,0.041163,0.007064,-0.440753
0.224711,-0.185441,-0.467148,-0.258425,0.019143,0.516850,0.885746,0.107255,0.213704,-0.397835,0.708779,-0.870542,-0.663017,2.116088,0.804443,1.071166,0.922059,0.147686,-0.061553,-0.352417,-0.431014,-1.581449,1.202583,2.778929,-0.476074,1.427611,0.902103,0.029192,-0.007295,-0.430461
0.220621,-0.216257,-0.657498,-0.210568,-0.650848,0.086142,0.883058,0.105391,0.212781,-0.404743,0.720485,-1.145114,-0.710907,4.227903,1.348266,3.867796,0.917762,0.150028,-0.075444,-0.359868,-0.385252,-1.494182,0.965259,1.669311,-0.796508,3.368528,0.906137,0.017561,-0.020521,-0.422110
0.319341,-0.137172,-0.517599,-1.713261,-0.191426,0.660419,0.880476,0.107017,0.212556,-0.410026,0.455491,-1.665524,0.186241,4.827268,3.961179,6.484371,0.916305,0.147962,-0.094581,-0.359913,-0.072368,-1.779397,0.077689,3.349607,-1.737060,4.072874,0.905967,0.007725,-0.037472,-0.421606
0.435787,-0.450240,0.097902,-1.435694,0.957129,0.937986,0.881203,0.111004,0.207237,-0.410127,0.003193,-2.875556,2.089088,7.197872,5.770871,8.828120,0.920401,0.135519,-0.125879,-0.344446,0.379931,-2.325348,-1.104673,4.512937,-3.482054,7.706295,0.900098,-0.000082,-0.060765,-0.431419
0.764400,-0.558233,0.270253,1.837688,0.947558,0.937986,0.882981,0.115988,0.197133,-0.409904,0.694944,-6.046969,1.529302,9.786982,2.465819,9.407343,0.915238,0.118001,-0.187334,-0.336620,1.429264,-4.478290,-3.389580,5.097043,-3.058470,11.889031,0.881256,-0.006341,-0.107738,-0.460144
1.276545,-0.459240,-1.306815,-2.316252,-1.033699,-1.234697,0.876466,0.122909,0.191197,-0.424424,2.177420,-6.563121,-2.798931,-5.423581,-11.421502,-8.755488,0.888863,0.119534,-0.249877,-0.364950,0.116001,-7.846586,-1.162142,-2.864989,-6.962887,-1.788329,0.864988,-0.041387,-0.175543,-0.468252
0.688587,0.790580,-1.350721,-19.420149,-8.767303,2.641676,0.867811,0.129585,0.198691,-0.436607,0.313949,-1.489925,4.325040,15.613395,14.319449,13.737785,0.899148,0.106421,-0.270792,-0.326911,-2.629718,-2.029491,6.284292,-3.904417,19.999378,0.866699,0.887425,-0.082585,-0.178301,-0.416962
0.371155,5.543329,-0.088357,-8.480164,9.887143,22.904099,0.854934,0.157930,0.243537,-0.429915,3.343818,-7.037769,-3.945109,10.298456,15.028678,19.999378,0.859835,0.125400,-0.339969,-0.359684,-1.404787,1.211096,3.428957,-11.962884,-19.999989,19.999378,0.902345,-0.096739,-0.156985,-0.389567
3.160409,8.935813,0.396517,-52.077393,15.247066,34.494930,0.825714,0.224613,0.305270,-0.417792,-0.636411,-3.430021,4.212232,-1.014404,-19.390858,18.537586,0.863394,0.091907,-0.370907,-0.329430,-2.614819,-3.653510,2.372174,-14.708854,6.351315,5.223996,0.902462,-0.136814,-0.175955,-0.368614
1.022927,-2.376375,-0.167443,-49.942993,4.039084,22.913670,0.829099,0.223192,0.283119,-0.427336,1.268565,-2.095474,0.549144,5.609738,-12.466424,8.443599,0.856511,0.092353,-0.393144,-0.321385,-1.171720,-1.810259,-2.623333,8.699336,4.260252,7.210689,0.887134,-0.148554,-0.193189,-0.391911
0.048815,-3.910356,0.608956,-10.624132,-4.393222,8.231310,0.841560,0.207318,0.250415,-0.431371,0.903533,-1.873049,-1.835801,5.731198,5.643918,19.021595,0.842538,0.101305,-0.408635,-0.335970,-0.991865,-1.206840,0.616191,5.465085,-6.807858,19.999378,0.885818,-0.163901,-0.197222,-0.386728
-0.491692,-3.904356,-1.443987,-5.790631,-3.273381,5.484350,0.845018,0.181259,0.223844,-0.450527,0.158571,-1.268565,-1.207904,4.537961,19.296864,19.733875,0.832911,0.104643,-0.417544,-0.347789,0.750284,-1.460127,-1.784718,4.612424,-6.009518,19.181507,0.877304,-0.159595,-0.213982,-0.398837
0.133354,-0.661862,-1.497983,-9.973285,2.823531,11.006984,0.839063,0.177483,0.221244,-0.464237,-1.102545,-0.435271,0.954616,5.929562,4.594724,13.249504,0.836070,0.089627,-0.416939,-0.345119,0.250095,-0.262865,-1.591027,8.107905,3.731077,11.349481,0.870413,-0.153536,-0.221020,-0.412250
0.773672,1.120556,-1.063015,-16.051054,2.498107,13.323236,0.829691,0.187792,0.230264,-0.472565,-1.262180,0.056404,0.068111,7.108150,0.010986,12.736809,0.838229,0.077911,-0.410802,-0.350051,-0.902469,0.932268,-0.110680,8.784175,-0.422363,14.305411,0.870107,-0.156811,-0.209517,-0.417635
0.828213,1.175097,-1.015836,-18.233309,-0.488136,14.672789,0.819954,0.198151,0.239657,-0.480592,-1.067425,0.239452,-0.907790,6.154782,4.208372,16.422110,0.837232,0.073399,-0.402688,-0.362615,-1.071682,1.232381,-0.410794,6.764523,-5.222165,16.172476,0.869216,-0.160995,-0.193349,-0.425621
0.824668,-0.060268,-1.108829,-13.581661,-1.225125,14.624932,0.812536,0.201328,0.239095,-0.492014,-1.020599,0.356518,-1.306877,5.686032,7.143550,15.848379,0.834782,0.071874,-0.393422,-0.378396,-0.796046,1.488861,-0.862028,4.340208,-4.917600,14.052116,0.867107,-0.160544,-0.176589,-0.437216
0.520872,-1.401990,-1.596704,-10.978271,-0.708275,12.136396,0.806267,0.194207,0.230032,-0.509209,-1.083389,0.449106,-1.120637,5.709836,5.285031,13.489983,0.833224,0.069141,-0.383074,-0.392687,-0.547015,1.654881,-1.341997,4.649045,-1.567992,12.592766,0.862927,-0.155101,-0.160762,-0.453264
0.283889,-2.282018,-1.982040,-9.714860,-0.114855,11.322837,0.799978,0.180043,0.215722,-0.530165,-1.096159,0.577878,-1.450549,4.746091,4.111326,11.120599,0.830559,0.067939,-0.371221,-0.409565,-0.564043,1.807067,-1.617633,3.378904,-1.088256,12.594597,0.857301,-0.148183,-0.143770,-0.471592
0.246528,-3.074507,-2.191206,-7.838887,-0.153141,8.681161,0.793511,0.161237,0.195360,-0.553325,-1.122765,0.776890,-1.633597,3.120116,3.839109,9.881586,0.827464,0.068176,-0.357335,-0.427737,-0.490611,1.943288,-1.833672,3.261717,-1.019287,12.020867,0.850236,-0.139700,-0.126416,-0.491522
0.458149,-2.696534,-2.085396,-5.446064,-0.602991,6.527620,0.785598,0.145952,0.176504,-0.574781,-1.182362,0.999314,-1.852829,2.653807,3.363646,9.163814,0.823768,0.069540,-0.340979,-0.447543,-0.369289,2.119951,-1.997564,2.672118,-0.808105,11.594232,0.842017,-0.128959,-0.108385,-0.512467
0.728402,-1.278726,-1.800143,-4.699504,-0.698704,6.230910,0.775822,0.141255,0.166694,-0.591905,-1.301556,1.177041,-1.773011,2.367552,2.712401,8.742061,0.820913,0.070079,-0.322545,-0.465990,-0.280957,2.144428,-2.151878,2.308348,0.054932,11.411126,0.832711,-0.116123,-0.091099,-0.533668
0.926933,-0.299160,-1.646882,-4.948357,-0.976272,6.307480,0.764720,0.144063,0.163029,-0.606517,-1.277079,1.221739,-1.933710,2.081908,3.522337,8.600459,0.816728,0.071947,-0.303504,-0.485445,-0.272444,2.231695,-2.216796,1.136474,-0.069580,10.617670,0.822362,-0.102748,-0.072650,-0.554867
0.959658,0.033543,-1.587159,-4.642076,-1.483550,6.508478,0.753121,0.148651,0.161588,-0.620155,-1.236638,1.210032,-1.910297,1.699218,3.001707,8.618770,0.812041,0.073734,-0.284493,-0.504190,-0.180920,2.221053,-2.328540,0.933837,-0.422973,9.956659,0.810617,-0.088642,-0.054556,-0.576244
0.877028,0.012817,-1.663244,-4.651647,-1.071985,6.518049,0.740937,0.152559,0.160560,-0.633995,-1.026984,1.200454,-2.195512,1.719970,2.451170,8.098750,0.805184,0.077593,-0.266165,-0.524219,-0.074496,2.135914,-2.558415,0.348511,-0.951538,9.464106,0.796699,-0.074562,-0.037330,-0.598589
0.792761,-0.150535,-1.654518,-4.642076,-0.832702,6.221339,0.728945,0.155023,0.158752,-0.647608,-0.638539,1.295171,-2.320027,2.661131,5.791012,7.250362,0.796164,0.087098,-0.251151,-0.543555,0.105359,1.959252,-2.839372,0.509033,-1.036987,9.251703,0.780184,-0.060367,-0.022542,-0.622216
0.716949,-0.544325,-1.497165,-4.086941,0.162712,5.905486,0.718594,0.155544,0.153761,-0.660135,-0.344811,1.162142,-2.365789,0.894775,6.505733,6.928097,0.785784,0.098460,-0.238034,-0.562300,0.166020,1.737892,-2.784032,0.341797,-0.948486,8.808589,0.763040,-0.047295,-0.009722,-0.644539
0.683405,-0.876483,-1.252546,-3.445665,1.052842,5.005785,0.710475,0.154582,0.145007,-0.671040,-0.454427,0.904598,-1.725121,2.241210,3.854368,5.988156,0.778129,0.104960,-0.228124,-0.575717,0.100038,1.519724,-2.620140,0.795288,-0.597534,8.517451,0.745945,-0.038346,-0.000663,-0.664896
0.724857,-0.810760,-1.057560,-2.871387,0.909273,4.498507,0.703332,0.154615,0.136022,-0.680373,-0.456556,1.082324,-1.276015,2.720335,3.445433,5.076291,0.773444,0.110403,-0.217500,-0.585048,-0.073432,1.354768,-2.410486,0.945434,-1.201782,7.477413,0.729581,-0.031840,0.009219,-0.683084
0.761127,-0.585503,-0.964294,-2.641676,0.000000,4.096512,0.696000,0.155656,0.129744,-0.688849,-0.305435,0.865221,-1.350511,1.661376,3.353880,5.646359,0.767331,0.116755,-0.209108,-0.594842,-0.211782,1.574000,-2.364724,-0.278931,-1.310424,5.867306,0.712922,-0.023574,0.023244,-0.700455
0.824395,-0.437969,-0.929933,-2.737389,-1.004985,4.048656,0.688441,0.156916,0.124361,-0.697103,-0.155378,0.670466,-1.319648,1.732787,3.378294,6.831661,0.761039,0.121412,-0.203146,-0.603988,-0.127708,1.398401,-2.642489,-1.023559,-0.137939,5.038449,0.693783,-0.013653,0.034606,-0.719216
0.811033,-0.117537,-1.055651,-2.804388,-1.713261,4.354937,0.679541,0.159700,0.121380,-0.705675,-0.172406,0.515088,-0.900341,1.441039,3.300169,7.776485,0.757237,0.123544,-0.196079,-0.610634,-0.008514,1.534623,-2.330669,-2.543944,2.624510,4.605710,0.676283,-0.001496,0.044748,-0.735274
0.630773,-0.007909,-1.168007,-3.168097,-1.933401,4.632504,0.669878,0.161945,0.120595,-0.714482,-0.217103,0.270315,-0.633218,1.813353,1.943969,8.841548,0.754571,0.123178,-0.191096,-0.615568,0.227746,1.149371,-1.907104,-2.453612,6.141964,4.603879,0.661663,0.009392,0.049850,-0.748078
0.395699,0.028362,-1.392718,-4.795217,-0.966700,4.766503,0.658815,0.163775,0.121940,-0.724060,-0.235195,0.147928,-0.792853,2.025756,0.944213,9.170527,0.750651,0.122196,-0.186753,-0.621857,0.056404,1.201518,-0.761990,-2.109984,7.746578,5.869137,0.655385,0.019967,0.056245,-0.752927
0.318250,0.378246,-1.380174,-6.029913,1.043271,5.886343,0.647556,0.168508,0.125254,-0.732516,-0.256480,0.059597,-0.896084,2.005004,1.973876,8.649287,0.745889,0.120532,-0.183103,-0.628956,0.031927,1.055719,-0.393766,1.080932,3.369139,10.794672,0.651897,0.028328,0.061059,-0.755309
0.306796,0.833667,-1.339267,-5.972486,1.531407,7.695318,0.635978,0.176679,0.131066,-0.739683,-0.173470,-0.095781,-1.309006,-0.804443,2.743529,9.351191,0.737682,0.121244,-0.179294,-0.639508,-0.285214,1.264308,-0.386316,0.079956,-3.320921,16.608877,0.648163,0.033804,0.071826,-0.757347
0.398699,1.025654,-1.216822,-5.130212,-0.162712,9.973285,0.624415,0.185021,0.138663,-0.746082,-0.107487,-0.177727,-1.411172,-1.394042,2.709959,9.499506,0.727982,0.122150,-0.176818,-0.651037,-0.317141,0.938653,-0.022349,-1.550292,-3.065184,15.571280,0.647345,0.038095,0.080722,-0.756948
0.474511,0.815123,-0.883573,-5.465207,-1.119841,10.001999,0.615351,0.192032,0.143603,-0.750890,-0.126644,-0.031927,-0.849257,-0.040894,3.438108,8.980098,0.722020,0.122724,-0.174441,-0.658170,0.029799,-0.186241,0.283086,-1.060180,0.238647,8.423457,0.649619,0.037354,0.078522,-0.755266
0.541597,0.378518,-0.732493,-5.091927,-0.985843,9.092726,0.607819,0.196294,0.145003,-0.755639,-0.073432,0.037248,-1.033370,0.221557,4.161375,9.487299,0.714803,0.124504,-0.171985,-0.666309,0.536373,0.543823,-1.122765,-0.697021,0.163574,6.424557,0.640406,0.044205,0.077742,-0.762807
0.520326,-0.033816,-0.843485,-4.689932,-0.430708,7.934600,0.599976,0.197748,0.144392,-0.761621,-0.103231,-0.013835,-0.843936,-0.655517,3.505857,9.588617,0.709202,0.125704,-0.168534,-0.672918,0.065982,0.723678,-0.137286,-1.517333,-2.514037,9.474482,0.638584,0.048683,0.083386,-0.763465
0.451877,-0.207258,-1.042289,-4.575077,0.095713,7.609176,0.591083,0.198585,0.143023,-0.768584,-0.183048,0.026606,-0.694944,1.185912,2.686766,9.484858,0.704409,0.125063,-0.165745,-0.678740,-0.114937,0.820523,-0.106423,-2.597044,-2.949217,11.204827,0.636911,0.053689,0.090390,-0.763730
0.410425,-0.111265,-1.169371,-4.249653,0.392423,7.829316,0.581742,0.199794,0.140113,-0.775899,-0.136222,0.030863,-1.087646,0.990600,1.673583,9.098506,0.696911,0.125160,-0.162428,-0.687211,0.151121,0.407601,-1.018470,-3.123167,-0.952148,10.910028,0.628463,0.057137,0.092697,-0.770175
0.449968,0.027271,-1.187369,-4.220939,-0.200997,7.666604,0.571098,0.200244,0.140937,-0.783503,-0.167084,-0.004257,-1.210032,0.010986,1.530761,9.053950,0.688400,0.125321,-0.158640,-0.696581,0.369289,0.275636,-1.680423,-1.550292,1.033935,9.761957,0.614914,0.060427,0.091621,-0.780914
0.464148,0.178896,-1.150008,-4.441079,-0.679562,7.666604,0.560400,0.202121,0.142454,-0.790441,-0.223489,0.045762,-1.190876,0.756225,2.015990,9.378656,0.680046,0.125209,-0.154549,-0.705667,0.251159,0.263930,-1.026984,-0.513305,1.478881,8.740230,0.606479,0.063248,0.090544,-0.787386
0.427333,0.264799,-1.178915,-4.603791,-0.698704,7.561319,0.549316,0.204750,0.144808,-0.797089,-0.204333,-0.072368,-1.565486,0.018311,2.019042,9.439081,0.668649,0.125222,-0.150706,-0.717292,0.220296,0.459748,-0.674723,0.080566,0.881347,8.679194,0.600572,0.067256,0.090704,-0.791552
0.441786,0.301615,-1.232639,-4.555934,-0.746561,7.676175,0.537620,0.207299,0.147302,-0.803919,-0.219232,-0.205397,-1.628276,-0.134888,1.922606,9.230341,0.656431,0.124262,-0.147523,-0.729305,0.169213,0.754541,-0.602356,-0.966186,-0.377197,9.070430,0.594828,0.073287,0.093803,-0.794986
0.511054,0.323431,-1.268091,-4.594220,-0.870987,8.145168,0.525408,0.209666,0.149142,-0.811009,-0.192626,-0.268187,-1.653817,-0.139770,2.092894,9.191278,0.643694,0.123060,-0.144988,-0.741273,0.297985,0.689623,-0.926946,-1.049194,-1.054687,9.779047,0.586350,0.079012,0.095986,-0.800456
0.630228,0.266708,-1.322360,-4.670790,-1.167697,8.422736,0.512502,0.211875,0.149641,-0.818565,-0.162828,-0.399087,-1.787910,-0.726318,2.216796,9.063716,0.629492,0.121507,-0.143243,-0.753956,0.354389,0.581071,-1.258987,-1.272582,-1.480102,10.124506,0.575145,0.083811,0.097515,-0.807878
0.703586,0.128991,-1.405263,-4.948357,-1.426122,8.307880,0.498778,0.213555,0.149230,-0.826642,-0.122387,-0.424629,-1.808131,-0.410156,2.820433,9.335321,0.614820,0.120015,-0.142222,-0.766393,0.410794,0.413986,-1.365410,-0.207519,-1.812743,10.000605,0.563091,0.087017,0.097536,-0.815987
0.756218,0.027816,-1.521982,-4.575077,-1.502693,8.183454,0.484041,0.214039,0.147844,-0.835479,-0.044698,-0.554465,-1.850700,-0.491943,2.572020,9.758905,0.599336,0.117922,-0.142373,-0.778853,0.520410,0.181984,-1.493118,0.191650,-1.701659,10.309443,0.550011,0.088731,0.095288,-0.824940
0.807215,-0.073904,-1.679607,-4.776074,-1.368695,7.925029,0.467815,0.214103,0.146098,-0.844959,0.097909,-0.667274,-2.043326,-0.890502,2.167357,9.155269,0.581766,0.116116,-0.143849,-0.792064,0.568300,0.076625,-1.592092,-1.017455,-0.914916,9.651484,0.536016,0.090279,0.092147,-0.834289
0.907571,-0.124082,-1.820597,-5.264210,-0.870987,7.542177,0.450212,0.215509,0.143226,-0.854602,0.186241,-0.699201,-2.171034,-0.151977,2.621459,8.605952,0.562764,0.114553,-0.146431,-0.805435,0.683237,0.143671,-1.844315,-1.365966,-0.127563,9.765009,0.519605,0.093101,0.088373,-0.844705
1.045016,-0.136354,-1.866957,-5.302495,-0.172283,7.618747,0.432096,0.218069,0.137932,-0.864121,0.225617,-0.776890,-2.251916,-0.569458,3.756712,8.401484,0.542602,0.113093,-0.149953,-0.818718,0.678980,0.246902,-1.923068,-2.819823,-0.237427,10.568842,0.502207,0.097136,0.085593,-0.854997
1.128192,-0.092993,-1.795507,-5.426922,0.545564,7.925029,0.414424,0.221301,0.130863,-0.873010,0.209654,-0.858836,-2.082703,-0.440674,4.154661,8.287959,0.523436,0.110574,-0.154073,-0.830688,0.728999,-0.047890,-2.179548,-2.756346,0.151367,11.077874,0.482605,0.098635,0.080948,-0.866489
1.175916,0.065723,-1.609521,-5.340780,1.292124,8.451449,0.398023,0.225850,0.122945,-0.880594,0.225617,-0.723678,-1.982665,0.183716,4.692380,8.005977,0.505082,0.108932,-0.157977,-0.841464,0.739641,-0.200076,-2.479661,-3.572386,-0.137329,9.743036,0.460221,0.098896,0.076096,-0.878987
1.176461,0.025089,-1.446442,-5.225924,1.761117,8.355737,0.382969,0.230052,0.114358,-0.887313,0.236260,-0.473583,-1.798553,-0.319214,5.909420,8.165278,0.488442,0.109388,-0.160962,-0.850613,0.651310,-0.219232,-2.706343,-4.412839,-0.706787,8.724971,0.435619,0.098555,0.072498,-0.891773
1.108829,-0.125446,-1.275727,-5.005785,1.885544,8.346166,0.369647,0.232635,0.105272,-0.893393,0.228810,-0.461877,-1.446292,-0.364380,6.008297,8.952022,0.474671,0.109239,-0.164074,-0.857803,0.510832,0.000000,-2.544580,-4.880979,-0.402221,8.269649,0.412168,0.099796,0.070869,-0.902844
1.009291,-0.214894,-1.112647,-5.245067,1.416551,7.896315,0.357909,0.234610,0.096707,-0.898609,0.181984,-0.413986,-0.926946,-0.029907,3.535765,9.013667,0.465395,0.107888,-0.166459,-0.862584,0.493804,0.123451,-2.017785,-5.885617,0.885009,7.937617,0.393248,0.102714,0.069052,-0.911060
0.871846,-0.361883,-0.963749,-5.158926,0.861416,7.159325,0.347707,0.235230,0.089176,-0.903220,0.179855,-0.445913,-0.791789,0.380249,3.169554,9.090571,0.457216,0.105762,-0.169033,-0.866711,0.604484,-0.069175,-1.654881,-4.476926,2.281493,7.149654,0.377589,0.104512,0.064494,-0.917789
0.706313,-0.444786,-0.839122,-4.919643,0.650848,6.585048,0.338917,0.234672,0.082942,-0.907291,0.135158,-0.396959,-0.833294,-0.407715,2.717283,8.905635,0.448703,0.104152,-0.170605,-0.871036,0.677916,-0.074496,-1.611248,-4.270627,1.779174,6.242062,0.362132,0.106574,0.059337,-0.924107
0.557415,-0.420788,-0.903481,-4.756931,0.229711,6.317052,0.329647,0.233695,0.078945,-0.911306,0.126644,-0.471455,-0.716228,-0.604858,2.543944,9.392694,0.441568,0.101400,-0.171290,-0.874864,0.783275,0.000000,-1.824094,-6.079098,1.967162,6.703487,0.344434,0.110245,0.053837,-0.930755
0.419424,-0.209712,-0.938660,-4.957929,0.038285,6.585048,0.320094,0.234042,0.077276,-0.914759,0.119194,-0.503382,-0.608741,-0.940551,2.387694,9.030147,0.435211,0.098588,-0.172078,-0.878210,0.638539,0.344811,-1.836865,-5.382688,2.671507,6.624142,0.326484,0.116503,0.050498,-0.936631
0.297251,-0.035179,-0.958568,-5.130212,0.114855,7.168897,0.310511,0.235595,0.077197,-0.917666,0.140479,-0.424629,-0.788596,-0.930786,2.640379,8.497920,0.427285,0.097254,-0.172542,-0.882151,0.338426,0.341619,-1.146178,-3.832395,3.008421,8.598628,0.315348,0.121623,0.048386,-0.939901
0.220075,0.088357,-0.914934,-6.039485,0.200997,7.819745,0.301418,0.238080,0.077993,-0.919986,0.065982,-0.301178,-0.704522,-1.546020,2.518919,9.133296,0.419931,0.096312,-0.172941,-0.885701,-0.183048,0.628961,0.122387,-2.730101,2.497557,9.500116,0.316574,0.127382,0.051005,-0.938587
0.170988,0.239710,-0.882755,-5.723632,0.143569,8.690732,0.292634,0.241832,0.079478,-0.921715,-0.014899,-0.301178,-0.603420,-1.332397,1.170043,9.953608,0.413597,0.094487,-0.172268,-0.889003,-0.273508,1.024856,0.034055,-4.862058,-0.078125,11.207269,0.316687,0.136639,0.056896,-0.936907
0.131991,0.286616,-0.875937,-4.890930,-0.181855,9.274581,0.283949,0.242400,0.081373,-0.924113,-0.094717,-0.403344,-0.640668,-0.421142,-0.466919,10.156855,0.406943,0.090986,-0.171037,-0.892669,-0.386316,0.402280,1.239831,-3.146971,0.104980,13.267204,0.328546,0.139644,0.059876,-0.932182
0.176442,0.188441,-0.684224,-4.536792,0.009571,8.920443,0.277278,0.242629,0.080967,-0.926112,-0.076625,-0.370353,-1.067425,0.887451,-0.318603,10.017694,0.396555,0.088185,-0.169666,-0.897871,0.316077,-0.151121,-0.216039,-1.841430,1.104736,8.517451,0.326175,0.139002,0.056032,-0.933349
0.244073,0.070359,-0.467421,-4.115655,-0.248854,8.662018,0.272347,0.241860,0.079771,-0.927879,-0.011707,-0.204333,-1.791103,1.005859,0.961303,10.463861,0.379771,0.088393,-0.167861,-0.905415,0.338426,0.325655,-0.617255,-2.147216,-0.636596,8.388667,0.319599,0.142517,0.054979,-0.935155
0.309796,0.015544,-0.576231,-3.627519,-0.947558,8.260024,0.266013,0.240734,0.079091,-0.930065,-0.019156,-0.153249,-2.097602,0.559692,2.361449,10.982049,0.360118,0.089786,-0.165800,-0.913650,-0.046826,0.205397,0.154314,-2.081908,-3.594969,9.800409,0.320729,0.143700,0.056854,-0.934475
0.274344,0.080994,-0.845939,-3.933800,-1.349552,8.700303,0.257088,0.240075,0.079941,-0.932669,-0.184112,-0.299049,-1.826223,0.252075,3.435057,10.282587,0.342713,0.089009,-0.163363,-0.920831,0.213911,-0.057469,-0.301178,-2.026976,-2.368163,10.285028,0.317391,0.143006,0.055753,-0.935786
0.299160,0.185714,-0.989111,-3.885944,-1.129412,8.977871,0.246748,0.240129,0.080782,-0.935371,-0.334169,-0.589585,-1.331355,0.899658,3.724363,9.920649,0.329499,0.084040,-0.161204,-0.926484,0.472519,0.030863,-1.228124,-2.258300,-0.117798,9.609980,0.305030,0.143804,0.053091,-0.939921
0.382609,0.140990,-0.996747,-3.972085,-0.957129,9.131011,0.236203,0.239858,0.080462,-0.938186,-0.352261,-0.788596,-1.002507,1.109008,3.403318,9.608149,0.318980,0.076536,-0.159767,-0.931053,0.269251,0.285214,-0.957809,-2.659300,0.155029,9.020991,0.295337,0.146759,0.052683,-0.942579
0.433333,0.034088,-1.040107,-3.943372,-0.698704,8.834301,0.225269,0.238594,0.079160,-0.941304,-0.226682,-0.876927,-1.170656,1.118774,2.854613,9.351801,0.306596,0.068822,-0.159481,-0.935853,0.260737,0.291600,-0.604484,-2.207030,0.435180,9.038692,0.288977,0.149748,0.051657,-0.944135
0.440696,-0.030271,-1.067651,-3.684947,-0.296710,8.604590,0.214280,0.236801,0.076904,-0.944503,-0.189433,-0.938653,-1.254730,1.163329,2.674559,9.124751,0.293234,0.060763,-0.159616,-0.940657,0.289471,0.337362,-0.458684,-2.488402,0.344238,8.861079,0.283882,0.153428,0.050361,-0.945160
0.421606,-0.029452,-1.039834,-3.560520,-0.200997,8.250452,0.203621,0.235045,0.074545,-0.947484,-0.143671,-0.867349,-1.370731,1.154174,3.508299,8.860469,0.278792,0.053863,-0.160202,-0.945358,0.286279,0.352261,-0.422500,-2.517088,-0.153809,9.268183,0.279056,0.157124,0.049295,-0.946046
0.414243,0.016090,-0.976839,-3.560520,-0.344566,7.953743,0.193451,0.233631,0.072425,-0.950126,-0.048955,-0.698136,-1.364346,1.417846,4.234006,8.890986,0.264582,0.048852,-0.161413,-0.949499,0.277765,0.279893,-0.519345,-3.251951,-0.691528,9.247431,0.273294,0.160263,0.048555,-0.947239
0.397608,0.047724,-0.934024,-3.771089,-0.421137,8.374879,0.183653,0.232460,0.070514,-0.952498,-0.011707,-0.542759,-1.217482,0.919799,3.538206,8.371577,0.251920,0.045266,-0.162428,-0.952941,0.291600,0.130901,-0.692815,-2.714232,-0.670776,9.370111,0.265910,0.161696,0.047493,-0.949149
0.355065,0.010090,-0.998928,-4.019942,-0.890130,8.068598,0.172893,0.231277,0.070941,-0.954766,-0.052147,-0.482097,-1.225996,0.494995,2.232054,8.240962,0.239230,0.042164,-0.162323,-0.956365,0.339490,0.090460,-0.765183,-3.315428,-0.557861,9.021602,0.257761,0.163108,0.046009,-0.951226
0.312523,-0.047451,-1.032744,-3.857230,-1.071985,7.637890,0.161875,0.229779,0.072004,-0.956977,-0.399087,-0.094717,-0.353325,-0.049438,2.318114,8.062739,0.235581,0.040790,-0.158336,-0.957998,0.376738,0.019156,-0.747091,-2.712401,-0.229492,9.310907,0.249746,0.163689,0.043759,-0.953368
0.279253,0.009272,-0.992111,-3.847659,-0.918844,7.590034,0.151269,0.228705,0.073342,-0.958866,-0.543823,0.034055,0.013835,-0.770263,2.474974,8.145747,0.235624,0.040070,-0.152828,-0.958912,0.352261,0.030863,-0.663017,-3.688963,0.118408,8.538814,0.242563,0.164856,0.041622,-0.955116
0.320432,0.173715,-0.971385,-4.106084,-0.909273,7.724031,0.140629,0.230284,0.074654,-0.960006,-0.297985,-0.125579,-0.338426,-0.521850,2.425536,8.479609,0.231931,0.038805,-0.149913,-0.960323,0.404408,0.088331,-0.701329,-4.174192,-0.458374,8.381953,0.234846,0.166777,0.039454,-0.956801
0.356429,0.278162,-0.983111,-4.220939,-1.014557,7.819745,0.129711,0.233004,0.075757,-0.960800,-0.151121,-0.018092,-0.474648,-0.308227,1.555175,8.623042,0.227026,0.038930,-0.147751,-0.961824,0.400151,0.117066,-0.576814,-3.858030,-0.520019,8.854976,0.228274,0.168819,0.037180,-0.958124
0.400062,0.424333,-0.930479,-4.450650,-0.918844,7.858029,0.119295,0.238236,0.075767,-0.960866,-0.158571,0.010642,-0.527859,0.022583,0.979614,9.384150,0.221663,0.039169,-0.145202,-0.963452,0.451235,0.052147,-0.699201,-3.657224,-0.046997,8.967280,0.220461,0.170247,0.034292,-0.959807
0.438241,0.578413,-0.850848,-4.996214,-1.052842,7.398608,0.109523,0.245231,0.075016,-0.960329,-0.221360,0.104295,-0.507639,0.310669,0.255127,9.810785,0.216665,0.039965,-0.141639,-0.965085,0.427821,0.120258,-0.751348,-3.026732,-0.512695,9.053340,0.212100,0.171946,0.032015,-0.961465
0.449422,0.704949,-0.831486,-5.627919,-1.349552,6.623333,0.099777,0.253399,0.074294,-0.959326,-0.138350,0.091524,-0.731128,0.296020,0.936279,10.095819,0.209414,0.041173,-0.139057,-0.967009,0.433143,-0.098974,-0.869478,-2.320555,-1.771239,9.573969,0.202584,0.171078,0.029814,-0.963740
0.438241,0.768218,-0.841303,-5.915058,-1.378266,5.407779,0.089922,0.262149,0.073661,-0.957997,0.131965,-0.084074,-1.212161,-0.131836,1.357421,9.808954,0.197553,0.041816,-0.138167,-0.969601,0.498061,-0.584264,-1.203647,-1.828002,-2.010497,10.201410,0.190078,0.164577,0.027080,-0.967493
0.422970,0.934297,-0.850303,-5.876772,-1.043271,4.843073,0.079939,0.272478,0.073118,-0.956039,0.394830,-0.236260,-1.451613,-0.124512,1.740722,9.293207,0.183024,0.041687,-0.140042,-0.972185,0.623640,-1.333483,-1.614441,-1.353149,-1.163940,10.930779,0.173650,0.150578,0.021737,-0.972980
0.362429,1.089195,-0.710676,-4.986642,-0.315853,4.307081,0.071471,0.284339,0.072383,-0.953308,0.575750,-0.369289,-1.345190,0.147095,2.461546,8.530269,0.169455,0.039061,-0.145661,-0.973927,0.779018,-2.238081,-1.944353,-1.483153,0.299682,10.725702,0.154045,0.127835,0.012661,-0.979673
0.270253,1.060287,-0.391063,-3.924229,0.459422,3.436093,0.066550,0.295887,0.070806,-0.950263,0.661953,-0.486354,-0.947167,0.615844,3.491819,6.931759,0.159391,0.036082,-0.154321,-0.974407,0.756669,-2.744655,-1.707029,-2.068480,1.353149,9.200434,0.136878,0.101600,0.001234,-0.985359
0.224711,1.096830,-0.061359,-3.034099,1.024128,2.718246,0.065037,0.307564,0.068134,-0.946850,0.614062,-0.528924,-0.318205,0.413208,3.951414,5.064084,0.155291,0.032249,-0.162911,-0.973805,0.721550,-3.221431,-1.634661,-1.197509,1.791991,7.308345,0.120195,0.070684,-0.010604,-0.990170
0.290979,1.103375,0.131718,-2.699104,0.918844,2.000400,0.065121,0.319550,0.064392,-0.943129,0.564043,-0.774761,0.555529,0.075073,2.445677,2.876585,0.159230,0.024818,-0.171644,-0.971885,0.591713,-3.022420,-0.920561,-0.776367,1.318359,5.237424,0.110414,0.041867,-0.021400,-0.992769
0.443695,1.203459,0.167715,-2.268396,-0.373280,2.182254,0.064376,0.332771,0.061028,-0.938822,0.457620,-1.196197,1.099352,0.661621,0.144043,3.674925,0.167941,0.010839,-0.176780,-0.969752,0.308627,-2.643553,-0.557658,0.599975,-0.678100,6.063229,0.104134,0.014470,-0.025961,-0.994115
0.640863,1.672789,0.038997,-3.120241,-1.780260,3.952943,0.060903,0.348557,0.057807,-0.933514,0.560850,-1.802810,1.032305,4.509885,-0.695800,6.997677,0.174988,-0.009262,-0.184454,-0.967089,-0.526795,-1.203647,0.628961,-5.045163,-3.168333,4.924314,0.110084,0.003304,-0.020758,-0.993696
0.828759,2.214114,-0.202622,-4.354937,-2.498107,6.623333,0.054231,0.368532,0.053590,-0.926479,0.752412,-2.521166,1.087646,11.747430,6.892696,15.375358,0.181165,-0.036204,-0.196451,-0.962947,-0.288407,-1.591027,-0.704522,-2.026976,-4.196775,7.647090,0.102732,-0.012069,-0.017714,-0.994474
0.916025,2.676353,-0.012272,-5.417350,-2.354537,9.006584,0.048890,0.392336,0.047447,-0.917291,0.699201,-2.088024,1.792167,7.187496,11.590569,18.271475,0.194579,-0.059626,-0.207708,-0.956783,0.085139,-1.563357,-0.672595,-2.940672,-1.633300,8.251948,0.095754,-0.025809,-0.019047,-0.994884
1.056470,3.712915,0.220348,-7.819745,0.181855,10.624132,0.045185,0.425393,0.038075,-0.903073,0.719421,-1.489925,0.040441,0.372925,-4.281003,6.506344,0.192212,-0.072787,-0.215522,-0.954620,0.635347,-1.419686,-1.727249,-0.884399,1.201782,8.801265,0.078298,-0.038353,-0.027483,-0.995809
1.311997,4.401775,-0.444514,-11.743974,3.857230,11.992827,0.034620,0.464565,0.028460,-0.884400,0.823716,-1.580385,-1.278143,7.036129,-5.927731,1.969603,0.177601,-0.085121,-0.226263,-0.953944,0.345876,-1.743213,-1.509082,2.680052,1.436156,9.578241,0.062907,-0.056704,-0.033896,-0.995826
0.961567,2.322651,-1.036289,-10.719846,4.019942,12.547962,0.020869,0.484017,0.024465,-0.874462,1.182362,-1.081260,-2.110373,3.627928,5.894162,4.462278,0.155912,-0.089172,-0.242808,-0.953297,-0.330976,-1.335612,-0.390573,7.006222,1.607055,7.737422,0.058401,-0.071988,-0.032138,-0.995171
0.268617,-0.480238,-0.299160,-8.920443,-0.641276,13.074383,0.017037,0.478508,0.023478,-0.877599,1.131279,-1.219610,-1.092967,3.591306,12.080682,10.077509,0.143238,-0.096152,-0.258169,-0.950568,-0.746027,-0.636411,0.763055,2.675780,0.706787,6.437984,0.065262,-0.080900,-0.025032,-0.994264
0.293433,-1.415080,0.233165,-8.528020,-2.076970,10.949556,0.017754,0.464861,0.019971,-0.884975,0.669402,-0.698136,0.714100,4.796140,5.096433,10.590204,0.149389,-0.105513,-0.264303,-0.946935,-0.616191,-0.173470,0.887570,3.754881,-1.566161,13.712151,0.073691,-0.084476,-0.016741,-0.993552
0.609502,-1.006291,0.370882,-10.509277,0.124427,8.872586,0.018605,0.454775,0.012250,-0.890323,0.505510,-0.432078,0.013835,7.863155,0.093384,10.490717,0.149091,-0.110167,-0.268718,-0.945208,0.054276,-0.008514,-0.159635,-1.278075,-2.248534,13.389885,0.072018,-0.083609,-0.016697,-0.993749
0.673588,-0.670043,0.045542,-11.121840,0.555135,9.609575,0.016360,0.447642,0.005250,-0.894043,0.574686,-0.075561,-1.033370,6.187741,1.315307,9.668573,0.139869,-0.108365,-0.274453,-0.945178,0.338426,0.069175,-0.954616,0.262451,1.555785,10.797113,0.062606,-0.081933,-0.021244,-0.994439
0.512690,-0.696495,-0.234801,-12.117254,-0.794417,12.011970,0.011763,0.440127,0.002074,-0.897851,0.350132,-0.045762,-1.329226,4.596555,4.942014,11.616815,0.127374,-0.105062,-0.278804,-0.946044,0.158571,0.637475,-0.928011,2.095946,1.181640,13.817131,0.053471,-0.075233,-0.023394,-0.995453
0.561505,-0.448059,-0.347975,-13.677374,-0.890130,17.400606,0.006053,0.434776,-0.001245,-0.900513,0.018092,0.474648,-1.227060,5.826413,4.622190,15.193473,0.117037,-0.097646,-0.278734,-0.948191,0.390573,1.543137,-0.868414,0.537719,3.291624,18.098745,0.045293,-0.058990,-0.027622,-0.996844
0.755128,0.047724,-0.245710,-14.816358,-1.110270,24.760929,0.000474,0.433876,-0.006809,-0.900942,-0.365032,1.085517,-1.198326,9.519037,4.428098,17.076406,0.108443,-0.085463,-0.274316,-0.951672,0.719421,2.373238,-0.485290,2.485350,5.890500,19.999378,0.041348,-0.034879,-0.034812,-0.997925
0.884664,-0.254436,-0.310614,-17.726030,-0.756132,32.035110,-0.006237,0.430218,-0.013318,-0.902601,-0.705586,1.743213,-1.666588,13.158562,3.092650,18.225088,0.096953,-0.066388,-0.266259,-0.956709,0.970580,3.121394,0.252223,-1.385497,4.434812,19.984119,0.045075,-0.002945,-0.043619,-0.998023
0.419970,-3.081597,-0.083994,-15.218352,3.081956,35.050068,-0.009116,0.400778,-0.016717,-0.915973,-1.166399,2.517974,-2.473276,11.857293,4.032590,18.891590,0.079339,-0.038142,-0.253397,-0.963345,1.866664,3.921696,0.257544,-3.516233,0.418091,19.999378,0.049134,0.037481,-0.060112,-0.996273
-0.034634,-5.861579,0.321250,-8.690732,7.752745,30.360134,-0.006739,0.344997,-0.017674,-0.938409,-1.987986,3.302313,-3.211853,7.062984,7.623287,19.999378,0.055930,-0.000701,-0.232159,-0.971065,1.895398,4.801817,0.443785,-3.561399,0.588989,19.999378,0.055372,0.086156,-0.076281,-0.991809
-0.637045,-7.875253,1.589068,-13.591232,9.035298,21.851257,0.009566,0.269142,-0.018212,-0.962877,-3.024549,4.097295,-3.506646,-0.751953,12.328485,19.990833,0.031086,0.045533,-0.200496,-0.978138,1.135536,5.436099,0.810945,-4.521482,-4.452512,19.999378,0.066119,0.139900,-0.083827,-0.984389
-0.657498,-7.811439,2.686716,-4.048656,5.053641,13.610375,0.036095,0.191505,-0.021216,-0.980595,-3.541765,4.657081,-2.810638,-7.033688,16.968374,19.999378,0.014374,0.095870,-0.163601,-0.981749,-0.342683,5.385016,0.990800,-6.452023,-6.624142,19.916981,0.080318,0.191541,-0.076693,-0.975178
0.067904,-1.251183,0.626955,-12.547962,-1.646262,-0.909273,0.041723,0.180965,-0.023195,-0.982326,-3.099045,4.862478,-1.229188,-9.221186,17.077627,19.999378,0.013230,0.145318,-0.132018,-0.980445,-0.763055,4.749670,-0.371417,7.065426,-7.387691,12.774040,0.081522,0.235697,-0.063515,-0.966312
-0.081812,-0.617137,-0.046088,-10.566705,-7.159325,-16.165911,0.041074,0.176644,-0.021770,-0.983172,-2.036941,4.766697,1.331355,0.094604,6.326290,9.937738,0.035880,0.188481,-0.114672,-0.974695,-0.836487,2.065675,-1.340933,3.038328,3.526609,19.999378,0.072015,0.254029,-0.050763,-0.963171
-0.409062,-3.111322,0.309251,-10.633704,-4.785645,-6.230910,0.043954,0.147536,-0.018822,-0.987896,-0.933332,3.053283,1.621890,1.440429,5.972287,-0.902709,0.057314,0.215575,-0.109387,-0.968643,0.175598,-2.464762,-3.869549,8.269038,9.928583,4.271848,0.033423,0.230931,-0.045714,-0.971316
-0.039543,-1.992402,0.727039,-5.675776,0.928415,-1.646262,0.050791,0.129588,-0.020601,-0.990048,0.007450,0.436335,-0.770504,-2.932738,-0.692138,3.825681,0.049826,0.221624,-0.105872,-0.968082,0.929075,-2.471148,-2.519038,-5.355832,6.785885,-9.699091,0.005885,0.209750,-0.050891,-0.976408
0.031907,-1.625883,1.000837,-3.799802,2.249253,-2.325824,0.060373,0.115035,-0.023884,-0.991233,-0.486354,-0.615126,2.587149,13.330070,-5.512082,7.269893,0.075356,0.211034,-0.106590,-0.968719,-0.755605,-2.126336,2.900033,-5.635373,0.243530,-6.361080,0.034604,0.189235,-0.049864,-0.980050
-0.103356,0.118355,1.124374,-2.727818,0.478565,-0.258425,0.071620,0.117800,-0.024298,-0.990149,-0.270315,-0.580007,2.537130,-2.111205,-7.824703,1.215820,0.099443,0.202719,-0.107866,-0.968180,-1.952867,-1.078067,4.439978,-4.229124,1.883544,-2.796019,0.081180,0.177330,-0.040132,-0.979972
-0.336794,1.443714,0.708222,-1.789831,0.641276,-0.258425,0.079363,0.133525,-0.021282,-0.987629,0.144736,-1.811324,-1.583578,-7.854000,-2.639159,-0.232544,0.081453,0.188698,-0.106964,-0.972784,-2.096538,-0.600227,2.156135,-0.991210,-1.978148,1.307983,0.105378,0.169107,-0.021946,-0.979698
-0.516236,1.630519,0.455695,-1.627119,0.277567,2.823531,0.084825,0.151001,-0.015539,-0.984761,0.173470,-1.628276,-1.663395,-0.046387,2.376708,1.317138,0.063582,0.174401,-0.108723,-0.976582,-1.324969,-0.461877,0.002128,-3.945310,-5.275876,2.998656,0.107188,0.163865,-0.007616,-0.980608
-0.647135,0.070086,0.190895,-1.741975,1.598405,2.287539,0.087883,0.152326,-0.010907,-0.984350,0.188369,-0.913111,-0.459748,0.306396,2.899779,-0.687866,0.058100,0.166105,-0.112275,-0.977967,-1.128086,-0.533180,0.306499,-5.377805,-2.146605,0.102539,0.111791,0.159064,0.003316,-0.980909
-0.520872,-1.192005,0.504237,-1.129412,1.052842,-0.421137,0.093638,0.141628,-0.008748,-0.985438,0.071304,-0.714100,0.296921,-0.811767,3.207396,-1.305541,0.060287,0.159500,-0.115660,-0.978540,-1.090838,-0.468262,0.522538,-2.426146,-1.238403,-1.177978,0.118471,0.154914,0.013647,-0.980700
-0.478875,-0.475057,0.740401,-1.033699,0.430708,-1.770689,0.101585,0.138323,-0.005970,-0.985141,0.195819,-0.983351,-0.010642,-1.937255,0.593261,-0.800781,0.058575,0.151828,-0.118639,-0.979507,-1.103609,-0.816266,0.833294,-0.130615,0.526123,-1.121215,0.128649,0.147164,0.020888,-0.980483
-0.531235,0.283343,0.857938,-0.430708,-0.315853,-2.737389,0.110666,0.142410,-0.001089,-0.983597,0.106423,-1.000378,0.296921,-1.050414,-0.982055,-0.432129,0.059752,0.143225,-0.119439,-0.980633,-0.975901,-1.019535,0.812009,-0.414428,1.569213,-0.460205,0.138511,0.136940,0.026174,-0.980494
-0.503691,0.773944,0.799306,-0.306281,-0.803988,-2.383251,0.119023,0.150880,0.004940,-0.981344,-0.318205,-0.813074,1.583578,0.410156,-1.254882,0.015259,0.074609,0.132520,-0.117344,-0.981373,-0.917368,-0.962066,0.540630,-1.444701,1.003417,0.277710,0.145452,0.128066,0.032131,-0.980511
-0.463876,0.898845,0.783216,-0.679562,-0.803988,-1.502693,0.127131,0.160631,0.010686,-0.978730,-0.446978,-0.893955,1.945417,0.451660,-0.950927,-0.003662,0.093147,0.120222,-0.114575,-0.981700,-0.734320,-1.278143,0.142607,-0.792846,0.718383,-0.271606,0.148348,0.116170,0.036247,-0.981415
-0.554687,0.551415,0.894209,-0.153141,-0.775275,-1.033699,0.136404,0.166232,0.017169,-0.976451,-0.510832,-0.990800,2.134850,1.392211,-1.137695,-0.239258,0.113650,0.105995,-0.112025,-0.981474,-0.474648,-1.318584,-0.374610,-0.511474,0.810546,-0.826416,0.145871,0.103906,0.038117,-0.983089
-0.715040,0.546506,0.904299,0.622134,-0.248854,-0.669990,0.146209,0.169149,0.024147,-0.974382,-0.542759,-1.026984,1.992243,1.846312,-1.682738,-0.464477,0.132695,0.091506,-0.108896,-0.980893,-0.321398,-1.230253,-0.502318,0.133667,0.645141,-1.066284,0.141942,0.091758,0.038122,-0.984871
-0.833122,0.874028,0.751037,0.650848,-0.143569,0.401994,0.154706,0.174776,0.032352,-0.971835,-0.594906,-0.859900,1.697451,1.574096,-1.428222,-0.141601,0.149041,0.078841,-0.104688,-0.980103,-0.402280,-1.219610,-0.104295,0.577392,-0.328369,-1.070556,0.141578,0.077588,0.041659,-0.985998
-0.910571,0.871574,0.700859,0.363709,-0.220140,0.679562,0.162743,0.180232,0.041691,-0.969167,-0.597034,-0.632154,1.562293,1.105346,-0.037842,-0.074463,0.164380,0.068169,-0.101278,-0.978809,-0.615126,-1.303685,0.627897,1.099243,-1.118163,-0.286865,0.148617,0.062578,0.046644,-0.985806
-0.982566,0.883300,0.816760,-0.172283,-0.248854,1.646262,0.171929,0.185724,0.051702,-0.966057,-0.534245,-0.717293,1.404787,1.159667,1.013183,0.156250,0.177962,0.057534,-0.099664,-0.977281,-0.858836,-1.471833,1.551651,1.879271,-1.595458,0.236816,0.164957,0.045798,0.052968,-0.983808
-1.015018,0.674952,0.793579,-0.698704,-0.803988,0.392423,0.180770,0.191608,0.062968,-0.962619,-0.467198,-0.595970,1.269629,1.804808,1.021728,0.205078,0.190239,0.048048,-0.098108,-0.975637,-0.965259,-1.625083,2.168906,2.487792,-1.449584,0.417480,0.187396,0.027479,0.059439,-0.980095
-1.058106,0.238619,0.645226,-1.349552,-1.598405,0.545564,0.188495,0.193110,0.074108,-0.960041,-0.654503,-0.299049,1.771947,1.930541,2.026976,1.457519,0.207683,0.040890,-0.094664,-0.972742,-1.023792,-1.759176,2.355146,2.796629,-0.362549,0.942993,0.211601,0.007730,0.065309,-0.975137
-1.075832,0.010636,0.575413,-4.086941,-2.555535,-0.382852,0.195845,0.192935,0.084635,-0.957731,-0.853514,-0.122387,2.524359,1.636352,3.806150,2.711790,0.232479,0.034957,-0.089501,-0.967839,-0.948231,-1.349447,2.361532,3.143919,0.092773,3.358763,0.235384,-0.007752,0.070777,-0.969287
-1.063287,-0.218984,0.508600,-4.058227,-2.584249,-1.387837,0.202724,0.190530,0.094678,-0.955839,-0.785403,-0.939717,3.182055,3.498533,4.634397,5.137937,0.262669,0.020132,-0.086825,-0.960756,-0.737513,-1.946481,1.774075,4.776608,-0.708618,6.608273,0.253667,-0.029003,0.072893,-0.964101
-1.043652,-0.199077,0.600502,1.416551,-2.603391,-1.808974,0.210210,0.186261,0.104856,-0.954000,-0.161763,-2.808509,3.635418,5.360105,5.870358,7.297359,0.294952,-0.011535,-0.094904,-0.950713,-0.021285,-3.490682,0.336297,6.220700,-2.061156,10.933221,0.259114,-0.064372,0.063897,-0.961574
-0.844303,-0.559051,0.261799,1.617548,-2.498107,-1.253839,0.214450,0.178342,0.112840,-0.953658,2.105052,-5.561679,1.050397,-6.887814,0.299682,-1.000976,0.299238,-0.057175,-0.130540,-0.943472,0.776890,-6.902611,-0.570429,4.995114,0.126953,6.732784,0.257697,-0.130470,0.037068,-0.956655
-0.450786,2.265383,-0.018271,-17.860027,-4.957929,0.698704,0.212403,0.200512,0.122841,-0.948463,0.400151,-1.942224,2.745719,7.888790,-9.613642,7.160030,0.322931,-0.079316,-0.137171,-0.933060,-0.582135,-3.776961,3.564114,-16.008902,12.451776,-6.781612,0.292108,-0.164870,0.036748,-0.941346
-0.682315,4.127704,0.027543,-25.095924,1.148555,17.735601,0.208943,0.239829,0.137741,-0.938000,1.709157,-1.866664,-3.070310,-11.779168,6.898800,19.999378,0.292673,-0.085031,-0.161169,-0.938684,-3.026677,-1.635725,10.351789,14.395133,5.305783,19.835194,0.382581,-0.185066,0.075306,-0.902056
0.126536,8.935813,-0.211348,-16.070196,-0.861416,51.378689,0.193817,0.321270,0.153942,-0.914065,2.910676,-4.256929,1.866664,-2.520140,12.525017,11.847528,0.304897,-0.118148,-0.199988,-0.923621,-1.081260,-3.203339,0.477840,-19.999989,-1.793822,19.418324,0.387091,-0.215738,0.074127,-0.893373
0.327249,5.570327,1.553616,-75.230347,13.753944,41.702114,0.198469,0.376091,0.155697,-0.891581,1.330291,-2.241273,5.212610,14.773551,-13.090813,13.608391,0.349735,-0.146317,-0.211396,-0.900878,1.011021,-3.713107,-5.297749,8.698726,19.999378,6.858517,0.343360,-0.248196,0.037403,-0.905039
0.107447,-6.049747,1.489802,-13.820944,1.770689,11.198410,0.221098,0.324984,0.135296,-0.909499,3.537508,-1.168527,-0.813074,6.682125,-2.144164,1.418456,0.345195,-0.144549,-0.248160,-0.893507,-0.486354,-1.149371,2.470083,10.893548,2.612914,6.370846,0.364303,-0.260382,0.042445,-0.893126
0.166897,-3.575198,1.121919,-0.756132,2.220539,1.502693,0.236100,0.294306,0.120363,-0.918229,1.360089,-0.639604,-2.157199,1.997069,11.049188,13.580315,0.325650,-0.138460,-0.266410,-0.896548,0.893955,-0.624704,1.057847,4.257810,-8.948359,19.999378,0.376815,-0.261067,0.036390,-0.887988
-0.606775,0.316614,0.803942,-8.499306,0.488136,9.188439,0.245264,0.298235,0.123315,-0.914159,0.275636,0.456556,0.779018,-1.964721,19.528797,19.999378,0.333686,-0.133768,-0.266979,-0.894133,1.532495,-0.493804,-1.168527,7.551265,1.771239,18.534534,0.370308,-0.259060,0.016323,-0.891900
-0.007909,2.563452,1.204550,-15.897914,1.655833,15.754344,0.253405,0.324501,0.125086,-0.902680,0.105359,1.158949,2.614819,6.589962,0.731811,16.315908,0.360242,-0.130381,-0.259038,-0.886633,1.001443,0.604484,-0.169213,6.987911,3.623045,8.811641,0.370653,-0.250018,0.007707,-0.894450
0.311978,3.026510,0.873210,-17.726030,2.182254,13.610375,0.256619,0.355080,0.126441,-0.889983,0.177727,0.905662,1.017406,5.501095,1.087036,13.558952,0.371787,-0.124725,-0.254763,-0.883915,0.034055,1.377117,1.286657,5.460202,-1.692504,9.446405,0.381632,-0.237652,0.015372,-0.893104
-0.501782,0.543506,0.465512,-13.954942,1.148555,11.753545,0.262220,0.360671,0.129794,-0.885608,0.117066,1.068489,0.273508,5.053708,1.415404,11.921380,0.376966,-0.115972,-0.250429,-0.884152,0.089396,1.409044,0.655567,4.841306,-7.091060,13.183586,0.387278,-0.224735,0.022382,-0.893869
-1.108557,-1.626156,0.186805,-8.968299,0.086142,11.169696,0.270317,0.342349,0.133656,-0.889861,-0.134093,1.127022,-0.110680,3.764646,2.138060,12.105706,0.378428,-0.106251,-0.244086,-0.886520,0.576814,1.663395,-0.340554,4.498899,-5.170285,12.671501,0.384847,-0.207747,0.023455,-0.898986
-1.060560,-2.602995,-0.189805,-7.188039,-0.784846,8.709874,0.275604,0.314342,0.136573,-0.898093,-0.176663,1.310070,-0.567236,2.021483,1.776732,11.221917,0.376144,-0.093552,-0.236924,-0.890855,0.667274,1.759176,-0.628961,4.759519,0.285644,9.060054,0.379606,-0.189620,0.021946,-0.905237
-0.601048,-2.064125,-0.163897,-6.747760,-1.129412,7.350751,0.278286,0.294713,0.138219,-0.903653,-0.172406,1.430328,-0.434207,1.574096,4.420164,9.953608,0.374988,-0.079702,-0.230248,-0.894432,0.249030,1.843251,-0.216039,4.271238,0.693969,7.877803,0.377191,-0.172248,0.025213,-0.909623
-0.162534,-1.945769,0.273526,-6.125626,-1.081556,5.407779,0.283638,0.278393,0.134337,-0.907740,-0.312884,1.416493,-0.261801,2.793577,4.134519,9.028316,0.375226,-0.067476,-0.222447,-0.897308,0.027670,2.055033,-0.043634,2.132567,-0.944824,8.027339,0.375896,-0.153221,0.032368,-0.913329
-0.007909,-1.690242,0.302978,-4.278367,-0.507278,3.972085,0.288537,0.264975,0.129316,-0.910936,-0.485290,1.428200,-0.177727,3.271482,3.206785,8.769526,0.376826,-0.058012,-0.212656,-0.899670,0.162828,1.936903,-0.250095,1.608886,-1.699218,9.013667,0.373415,-0.133250,0.038646,-0.917226
-0.049087,-1.292362,0.110719,-4.077370,-0.306281,3.464807,0.291273,0.254836,0.126151,-0.913398,-0.603420,1.254730,0.026606,2.381590,2.949827,8.579707,0.379578,-0.048970,-0.200653,-0.901805,0.318205,1.759176,-0.516153,0.812988,-1.314697,8.996577,0.368546,-0.114199,0.041933,-0.921610
-0.124900,-0.300797,-0.024816,-4.508078,-0.756132,4.220939,0.291568,0.253180,0.127300,-0.913605,-0.641732,1.066361,0.349068,1.413573,2.164305,8.277583,0.384607,-0.041784,-0.188943,-0.902565,0.446978,1.548458,-0.856707,1.080932,-0.260010,8.165278,0.360417,-0.097305,0.041103,-0.926786
-0.131718,0.116446,-0.054814,-4.670790,-1.311267,4.948357,0.290921,0.254912,0.130287,-0.912908,-0.681109,1.100416,0.757733,0.909423,-0.056152,8.179927,0.393423,-0.036014,-0.176382,-0.901556,0.372481,1.462255,-0.774761,1.555175,0.039673,7.710567,0.352804,-0.082587,0.040186,-0.931174
-0.087812,0.156262,-0.072813,-4.680361,-1.531407,5.111069,0.289887,0.256919,0.133198,-0.912254,-0.622576,1.012085,0.322462,1.487426,-0.463257,7.462154,0.398148,-0.030622,-0.164911,-0.901852,0.234131,1.434585,-0.644925,1.496581,-0.264892,7.515254,0.346218,-0.069167,0.040607,-0.934715
0.043361,0.133627,-0.059996,-4.833502,-1.387837,5.130212,0.288716,0.259285,0.134655,-0.911742,-0.382059,0.867349,-0.641732,0.232544,-0.744018,5.900265,0.393836,-0.023378,-0.156324,-0.905484,0.160699,1.518660,-0.449106,1.005859,-0.529785,7.286983,0.341346,-0.055067,0.042114,-0.937373
0.116719,0.159534,-0.053723,-4.929214,-0.947558,5.436493,0.287515,0.262426,0.135078,-0.911161,-0.227746,0.881184,-1.221739,-0.114746,0.463867,6.101681,0.384100,-0.013712,-0.149289,-0.911034,0.089396,1.561229,-0.320334,0.869140,-1.012573,7.893062,0.337582,-0.042242,0.046306,-0.939203
0.235892,0.159534,0.012817,-4.517649,-0.708275,5.857630,0.286709,0.266146,0.133910,-0.910508,-0.051083,0.796046,-1.734699,-0.123291,1.059570,6.230465,0.369354,-0.002927,-0.144429,-0.917988,0.077689,1.442035,-0.140479,0.535278,-1.079101,8.375850,0.335506,-0.030379,0.051021,-0.940160
0.289070,0.128173,0.065723,-4.364509,-0.650848,6.096912,0.286384,0.269896,0.131677,-0.909832,0.069175,0.732192,-2.002885,-0.440063,0.647583,6.084591,0.351911,0.007829,-0.140683,-0.925363,0.161763,1.324969,-0.171341,1.484985,-0.897216,9.150996,0.333132,-0.019237,0.052969,-0.941190
0.293161,0.010636,0.110719,-4.364509,-0.229711,6.087341,0.287110,0.272104,0.127216,-0.909580,0.032991,0.760926,-1.807067,-0.658569,0.136719,5.957028,0.336178,0.018120,-0.136319,-0.931700,0.272444,1.122765,-0.345876,1.536864,-0.687866,9.309687,0.329221,-0.009620,0.052991,-0.942711
0.287161,-0.171806,0.145626,-4.718646,0.057428,5.723632,0.288181,0.273167,0.122929,-0.909512,-0.216039,0.989736,-1.335612,-0.352173,0.374756,6.476437,0.325084,0.028716,-0.128819,-0.936426,0.260737,1.012085,-0.203268,1.002197,-0.704956,8.969111,0.326698,-0.001028,0.052800,-0.943648
0.338430,-0.216257,0.183805,-5.828916,-0.047856,5.474778,0.289223,0.274093,0.118821,-0.909449,-0.345876,0.801367,-1.042948,0.980834,2.666625,8.841548,0.316607,0.034934,-0.123941,-0.939771,0.290535,0.833294,-0.216039,1.235351,-0.660400,9.364008,0.324142,0.005933,0.051797,-0.944566
0.425969,0.013908,0.229347,-6.709475,-0.287139,6.594619,0.290074,0.277367,0.114675,-0.908717,-0.442721,0.223489,-0.245838,0.621338,8.355708,15.339347,0.314658,0.036369,-0.120861,-0.940772,0.311820,0.770504,-0.294792,0.321655,-0.947875,9.696039,0.320854,0.012155,0.050800,-0.945683
0.438787,0.399517,0.283889,-6.393622,-0.756132,8.039884,0.290658,0.283854,0.112158,-0.906839,-0.832230,-0.073432,1.999693,2.047728,5.130612,16.353140,0.333779,0.029193,-0.115308,-0.935112,0.244773,0.868414,-0.285214,-1.055908,-1.210326,9.587397,0.317676,0.022194,0.052896,-0.946458
0.364610,0.482147,0.124627,-6.183053,-0.851845,8.776874,0.289646,0.288582,0.111604,-0.905738,0.079817,0.425693,0.085139,1.202392,1.479491,9.190668,0.334950,0.032786,-0.114486,-0.934676,0.119194,0.932268,-0.171341,-1.605834,-0.979003,9.478144,0.315478,0.031631,0.054946,-0.946809
0.254982,0.051269,-0.199622,-6.240481,-0.459422,7.714460,0.286799,0.290975,0.110861,-0.905970,0.424629,-0.121322,-1.899655,-1.007690,-1.722411,6.567989,0.316768,0.035208,-0.116587,-0.940648,0.086203,0.901405,-0.203268,-1.575316,-0.692749,9.539179,0.312986,0.040603,0.057074,-0.947167
0.238619,-0.335976,-0.254436,-5.685347,0.181855,6.939186,0.284464,0.289910,0.107675,-0.907431,0.211782,-0.354389,-1.381374,2.825316,-0.473633,7.333980,0.303479,0.032311,-0.118523,-0.944881,0.194755,0.813074,-0.344811,-1.480102,-0.008545,9.469599,0.309299,0.050140,0.056516,-0.947954
0.274889,-0.436332,-0.145899,-5.465207,0.468993,6.738189,0.283213,0.287978,0.103192,-0.908956,0.102166,0.188369,-1.452677,0.078735,1.816405,7.908931,0.289975,0.035640,-0.116566,-0.949235,0.336297,0.756669,-0.332041,-0.357666,0.968017,9.449457,0.305657,0.057849,0.053880,-0.948850
0.293161,-0.358883,-0.024816,-5.321638,0.411565,6.881758,0.282949,0.286826,0.098273,-0.909948,0.029799,0.786468,-0.947167,-2.451781,4.724729,9.275507,0.281652,0.046039,-0.115101,-0.951470,0.407601,0.770504,-0.125579,-0.257568,1.207275,9.140620,0.303927,0.065926,0.050503,-0.949064
0.280344,-0.232074,0.058905,-5.216353,0.392423,7.054041,0.283396,0.286676,0.093383,-0.910370,0.048955,0.667274,-0.315013,-2.139891,5.587155,10.186762,0.279222,0.054358,-0.114799,-0.951784,0.391638,0.906726,0.062790,-0.604858,1.016845,9.091792,0.303935,0.075396,0.047552,-0.948509
0.284161,-0.127627,0.039815,-5.369494,0.574277,7.015756,0.283465,0.287695,0.089060,-0.910461,0.047890,0.228810,-0.126644,-1.082153,4.046628,9.673456,0.278243,0.057206,-0.115010,-0.951879,0.255416,1.118508,0.252223,-1.220092,0.456543,9.221186,0.305598,0.086829,0.047892,-0.946979
0.286888,0.018817,-0.050724,-5.465207,0.526421,7.044470,0.282469,0.290132,0.085667,-0.910323,-0.009578,-0.038312,-0.008514,-0.089111,2.274169,9.256586,0.278183,0.056661,-0.115016,-0.951928,0.133029,1.118508,0.380995,-1.386108,-0.114746,9.465326,0.308520,0.097809,0.049538,-0.944874
0.251437,0.051542,-0.110992,-5.541777,0.363709,7.101898,0.280836,0.292858,0.083345,-0.910171,-0.140479,0.031927,0.176663,0.596313,1.301269,8.792720,0.280080,0.055769,-0.113385,-0.951620,0.036184,0.856707,0.437400,-3.054808,-0.292969,9.462275,0.312131,0.106587,0.051514,-0.942630
0.205076,-0.009272,-0.128445,-5.771488,0.239282,7.121040,0.279018,0.294893,0.081969,-0.910198,-0.092588,0.093652,-0.019156,0.365600,0.817871,9.118037,0.280133,0.055871,-0.111661,-0.951802,0.053212,0.668338,0.340554,-3.358763,-0.339966,9.309687,0.314863,0.113631,0.052890,-0.940821
0.154898,-0.012817,-0.115083,-5.895915,0.210568,7.360322,0.277426,0.296741,0.081130,-0.910159,0.008514,0.223489,-0.161763,0.208740,0.883789,9.672235,0.278899,0.057725,-0.110451,-0.952195,0.203268,0.783275,0.052147,-2.307738,-0.968017,9.057612,0.314589,0.121553,0.053689,-0.939877
0.105265,0.015544,-0.122173,-5.848059,0.373280,7.302895,0.276050,0.298736,0.080343,-0.909995,0.075561,0.375674,-0.302242,-0.429687,1.602172,9.595331,0.276414,0.061719,-0.109612,-0.952766,0.268187,0.736449,0.110680,-2.503050,-0.748901,9.193110,0.314795,0.129295,0.053574,-0.938781
0.111810,0.004363,-0.130627,-5.819345,0.449851,7.015756,0.274594,0.300635,0.079460,-0.909887,0.089396,0.319270,-0.340554,-0.868530,2.447508,9.329828,0.273465,0.065523,-0.109376,-0.953390,0.289471,0.526795,0.046826,-2.509764,-0.294800,9.739374,0.314493,0.135042,0.052465,-0.938135
0.121900,-0.004091,-0.122718,-5.771488,0.583849,6.709475,0.273228,0.302477,0.078305,-0.909788,0.104295,0.114937,-0.363967,-1.337890,2.780150,9.277338,0.270039,0.067638,-0.109906,-0.954158,0.295857,0.313949,-0.139414,-2.633666,0.186157,10.501703,0.312566,0.138702,0.050684,-0.938343
0.103084,0.055360,-0.085903,-6.297909,0.727418,6.738189,0.272162,0.304848,0.077501,-0.909385,0.023413,-0.029799,0.005321,-0.870971,2.814940,9.473261,0.269934,0.068676,-0.111660,-0.953909,0.195819,0.085139,-0.207525,-2.399291,0.773925,11.150506,0.310548,0.139061,0.047717,-0.939115
0.059450,0.186259,-0.061087,-6.230910,0.727418,7.207182,0.271439,0.308263,0.077103,-0.908483,-0.008514,-0.084074,0.275636,-0.684204,2.520140,9.371943,0.272481,0.068001,-0.113863,-0.952973,0.135158,-0.260737,-0.355454,-0.343017,0.955810,11.397698,0.307305,0.135331,0.044993,-0.940859
0.040361,0.289070,-0.013635,-6.029913,0.267996,7.810173,0.270787,0.312538,0.078026,-0.907137,-0.005321,-0.042569,0.269251,-0.820922,1.470336,9.203485,0.274998,0.067240,-0.113663,-0.952328,-0.002128,-0.343747,-0.129836,0.238647,0.689086,10.114130,0.306274,0.130946,0.043481,-0.941887
0.052905,0.306523,-0.011726,-5.828916,-0.229711,7.963314,0.269824,0.314259,0.079791,-0.906676,0.028734,-0.025542,0.088331,-0.517578,1.134643,9.255976,0.275798,0.066763,-0.113500,-0.952149,-0.203268,-0.152185,0.509767,-1.583251,0.578003,8.613276,0.311387,0.128814,0.043851,-0.940486
0.075813,0.259890,-0.007363,-5.666204,-0.210568,8.039884,0.269046,0.315308,0.080665,-0.906466,0.080882,-0.077689,-0.158571,-0.551147,1.342162,9.597773,0.274150,0.066245,-0.113883,-0.952615,-0.235195,0.121322,0.780082,-3.685301,0.250854,8.178706,0.318863,0.130140,0.045508,-0.937716
0.091357,0.120264,-0.011999,-5.675776,0.172283,7.647461,0.268607,0.315021,0.080096,-0.906746,0.096845,-0.037248,-0.210718,-0.512695,1.449584,9.640497,0.272046,0.066211,-0.114320,-0.953168,-0.037248,0.217103,0.339490,-4.973752,-0.456543,8.226314,0.321836,0.132994,0.046537,-0.936248
0.095175,-0.024271,-0.044179,-5.790631,0.535992,7.369894,0.268510,0.315764,0.077577,-0.906735,0.056404,0.017028,-0.114937,-0.460815,1.893920,9.558710,0.270951,0.066509,-0.114492,-0.953439,0.168149,0.104295,-0.152185,-4.861447,-0.424194,8.717036,0.319980,0.135133,0.045896,-0.936610
0.073631,-0.053996,-0.064359,-5.848059,0.746561,7.111469,0.268173,0.316654,0.075635,-0.906689,0.011707,0.025542,-0.062790,-0.797729,2.244872,9.314569,0.270373,0.066906,-0.114382,-0.953588,0.224553,0.005321,-0.373546,-3.307493,-0.215454,9.114375,0.316036,0.135950,0.044498,-0.937897
0.046360,-0.009545,-0.052087,-5.895915,0.746561,7.034899,0.267914,0.318039,0.074255,-0.906395,0.003193,0.031927,-0.026606,-1.113891,2.404784,9.183954,0.270135,0.067458,-0.114242,-0.953634,0.119194,0.014899,-0.217103,-2.097777,0.402221,9.553217,0.313758,0.136140,0.043474,-0.938682
0.008454,0.064904,-0.018544,-5.924629,0.612563,7.130611,0.267945,0.320120,0.073527,-0.905712,-0.021285,0.037248,0.054276,-1.233520,2.181395,9.133906,0.270681,0.067929,-0.113804,-0.953498,0.015963,0.065982,0.017028,-1.644897,0.794677,9.627069,0.313834,0.136447,0.043033,-0.938633
-0.019908,0.151898,0.023453,-6.077769,0.564706,7.331609,0.268330,0.322990,0.073303,-0.904596,-0.040441,0.057469,0.065982,-1.066284,1.968383,9.108882,0.271384,0.068431,-0.113067,-0.953350,-0.050019,0.137286,0.158571,-1.905517,0.841674,9.545282,0.315292,0.137397,0.043263,-0.937995
-0.029725,0.195531,0.082903,-6.125626,0.440279,7.465607,0.269040,0.326351,0.073695,-0.903146,-0.054276,0.069175,0.018092,-0.758667,1.794433,9.318232,0.271675,0.068886,-0.112083,-0.953351,-0.069175,0.126644,0.162828,-2.590941,0.621338,9.580072,0.316789,0.138424,0.043829,-0.937312
-0.020180,0.170442,0.095720,-6.096912,0.277567,7.484749,0.269186,0.327713,0.075893,-0.902427,-0.061725,0.051083,-0.012771,-0.620117,1.714477,9.509272,0.271670,0.069097,-0.111031,-0.953460,-0.085139,0.012771,0.169213,-2.707518,0.397339,9.471430,0.318401,0.138356,0.044283,-0.936755