0.100902,-0.259890,0.373337,-5.694918,-0.928415,7.657032,0.826476,-0.181333,0.224866,0.483202,0.131965,0.317141,0.292664,-1.611938,1.173095,9.202265,0.848913,0.009828,0.093343,0.520124,0.146864,-0.322462,0.396959,-0.277099,0.951538,9.735102,0.855090,0.058243,0.018305,0.514866
0.103084,-0.320977,0.395153,-5.714060,-0.717847,7.475178,0.824984,-0.178803,0.224933,0.486650,0.164956,0.315013,0.249030,-1.822509,0.858154,9.131465,0.847433,0.009190,0.097277,0.521826,0.135158,-0.373546,0.413986,-0.514526,1.039428,9.580072,0.853101,0.060675,0.016457,0.517936
0.094630,-0.368701,0.438787,-5.714060,-0.631705,7.063612,0.823363,-0.176041,0.224622,0.490530,0.176663,0.299049,0.286279,-2.145995,0.358887,8.905025,0.845764,0.008149,0.101037,0.523832,0.125579,-0.439528,0.472519,-0.709838,1.207275,9.495234,0.850792,0.063456,0.014243,0.521455
0.087539,-0.401698,0.516781,-5.781060,-0.478565,6.594619,0.821393,-0.172941,0.224173,0.495119,0.162828,0.292664,0.277765,-2.608031,-0.417480,8.563228,0.844130,0.006601,0.104559,0.525794,0.121322,-0.534245,0.595970,-1.168823,1.476440,9.479975,0.847807,0.066784,0.011448,0.525950
0.075540,-0.382063,0.601866,-5.895915,-0.421137,6.326623,0.818918,-0.169880,0.223946,0.500354,0.111744,0.206461,0.133029,-2.600707,-0.916137,8.781734,0.843335,0.004613,0.106760,0.526648,0.134093,-0.562979,0.664081,-1.557616,1.488647,9.449457,0.844362,0.070160,0.008765,0.531080
0.048542,-0.237256,0.670316,-5.838487,-0.172283,6.537191,0.815675,-0.167392,0.224984,0.505993,0.036184,0.014899,-0.085139,-3.469847,-1.497192,9.462885,0.843879,0.002761,0.107139,0.525711,0.151121,-0.652375,0.738577,-1.743773,1.620482,9.827875,0.840464,0.074170,0.005369,0.536732
-0.081812,-0.115628,0.783489,-5.752346,0.373280,7.063612,0.811293,-0.165585,0.226709,0.512817,-0.127708,0.162828,0.758798,-1.159667,-1.124877,9.676508,0.839899,0.000276,0.106404,0.532202,0.190498,-0.779018,0.727935,-1.968383,1.812743,10.224604,0.836536,0.079223,0.001143,0.542145
-0.260981,-0.077722,0.962658,-5.828916,0.191426,7.484749,0.805547,-0.165170,0.228079,0.521330,-0.162828,0.355454,0.454427,-2.201537,1.233520,10.009760,0.837038,-0.002666,0.108932,0.536178,0.210718,-0.922689,0.680045,-1.361083,1.621093,10.235590,0.832834,0.085203,-0.004428,0.546901
-0.414243,0.003545,1.044470,-4.718646,-0.009571,7.551748,0.799286,-0.164293,0.227978,0.531194,-0.101102,0.464005,-0.093652,-4.969480,3.214109,7.328487,0.836830,-0.006068,0.114000,0.535420,0.128772,-0.949295,0.677916,0.228882,1.278075,9.464716,0.829082,0.090838,-0.011406,0.551574
-0.530689,-0.029180,1.111829,-4.077370,-0.277567,8.480164,0.792945,-0.165001,0.225268,0.541534,-0.080882,0.842872,0.594906,-3.994749,4.349973,10.595087,0.832384,-0.009837,0.122034,0.540500,0.027670,-0.845001,0.559786,2.227172,0.593872,10.210566,0.825784,0.095502,-0.020006,0.555475
-0.582504,0.141263,1.203459,-4.546363,0.334995,10.911271,0.785401,-0.166370,0.224103,0.552481,0.037248,0.896084,1.721928,1.600341,4.602658,15.149528,0.821751,-0.010619,0.128991,0.554947,-0.039377,-0.760926,0.634282,4.284055,1.534423,11.068109,0.821939,0.100102,-0.028363,0.559985
-0.697314,0.447241,1.140191,-4.957929,0.689133,13.294522,0.777172,-0.170415,0.224596,0.562592,0.024477,-0.059597,1.503760,7.166133,1.373901,15.877066,0.813466,-0.007129,0.127091,0.567505,0.269251,-0.770504,0.921625,5.992428,2.381590,12.318719,0.816023,0.107443,-0.035230,0.566845
-0.753764,0.457604,0.877028,-3.378666,-0.296710,12.069397,0.770279,-0.175941,0.224001,0.570552,-0.045762,-0.422500,0.896084,2.670287,-0.158081,8.225703,0.808971,-0.003311,0.121595,0.575119,0.216039,-0.618319,1.276015,6.099240,2.758177,11.757195,0.808039,0.113431,-0.041389,0.576616
-0.540779,-0.088903,0.638409,-2.067399,-1.244268,9.934999,0.766324,-0.177584,0.219766,0.576981,0.015963,-0.610869,-0.167084,-2.995604,5.064694,6.744381,0.810396,0.001092,0.118150,0.573838,0.052147,-0.723678,0.958873,5.628048,0.562133,10.416864,0.801861,0.118168,-0.049482,0.583608
-0.242983,-0.441514,0.619592,-1.110270,-0.870987,9.590433,0.763696,-0.174749,0.214593,0.583244,0.196883,-0.426757,0.079817,-2.118529,7.354122,9.184565,0.810202,0.006789,0.117018,0.574304,0.183048,-0.668338,-0.151121,6.036374,-0.082397,8.804927,0.801919,0.124196,-0.055459,0.581736
-0.033543,-0.544870,0.823305,-1.062413,0.842274,10.011570,0.760275,-0.168753,0.210585,0.590889,0.329912,0.213911,1.280272,-1.403808,3.969114,8.133540,0.802214,0.011024,0.121330,0.584467,0.213911,-0.882249,-0.254352,6.066281,1.054687,7.893062,0.802327,0.132090,-0.062291,0.578736
0.086448,-0.444241,0.995656,-1.952543,1.962115,9.590433,0.755591,-0.161727,0.208773,0.599443,0.135158,0.137286,1.073810,-0.120239,2.520140,9.349360,0.795505,0.013896,0.122536,0.593258,0.080882,0.191562,0.227746,5.513302,2.058715,7.679439,0.800737,0.132663,-0.061541,0.580884
0.219530,-0.292070,1.051288,-2.622534,1.703690,8.700303,0.750309,-0.154386,0.209123,0.607833,-0.065982,0.190498,0.735385,-0.624389,2.268065,9.761957,0.790690,0.014100,0.123051,0.599551,-0.246902,0.683237,1.103609,4.210203,2.361449,7.689205,0.794748,0.127271,-0.059506,0.590448
0.238619,-0.156807,0.919843,-3.158526,0.708275,8.394022,0.745602,-0.148234,0.209875,0.614857,-0.166020,0.291600,0.806688,-0.563965,1.781615,9.657587,0.785313,0.012727,0.123454,0.606525,-0.363967,0.348004,1.223867,3.631590,1.906127,7.822261,0.787871,0.122662,-0.060945,0.600409
0.104447,-0.219802,0.716130,-2.823531,-0.191426,8.489735,0.742198,-0.143929,0.208334,0.620496,-0.174534,0.333105,0.647053,-0.646362,1.200561,9.083858,0.780847,0.010449,0.123937,0.612210,-0.121322,-0.114937,0.350132,3.347776,1.614379,7.104488,0.785594,0.123252,-0.063537,0.602998
-0.064904,-0.453513,0.524417,-2.565106,-0.210568,8.307880,0.740176,-0.139868,0.203690,0.625362,-0.162828,0.393766,0.531052,-0.673828,1.452636,8.580317,0.776938,0.007966,0.125210,0.616943,0.171341,-0.539566,-0.244773,2.728270,1.599730,6.190793,0.786259,0.129120,-0.066715,0.600555
-0.110174,-0.567505,0.371155,-2.555535,-0.028714,8.183454,0.739213,-0.135634,0.197726,0.629336,-0.136222,0.687494,0.036184,-0.611572,2.474974,9.221186,0.775733,0.004638,0.129242,0.617660,0.269251,-0.064918,-0.222425,3.459471,1.199950,6.906124,0.786937,0.133189,-0.066598,0.598788
-0.027816,-0.515145,0.279798,-2.431108,0.334995,8.652447,0.738729,-0.130984,0.192712,0.632437,-0.183048,0.393766,0.043634,-0.664672,2.752074,9.359125,0.774822,0.002804,0.130877,0.618470,0.209654,0.387381,0.146864,3.631590,0.996093,7.879634,0.785746,0.133471,-0.064096,0.600560
0.044997,-0.403062,0.277889,-2.612962,0.679562,8.891729,0.738041,-0.126255,0.189176,0.635262,-0.167084,0.277765,0.037248,-0.199585,2.706297,9.197992,0.773999,0.001144,0.131553,0.619363,0.116001,0.835422,0.682173,3.275755,1.271362,8.771968,0.781685,0.129386,-0.058219,0.607314
0.033543,-0.321250,0.338976,-2.699104,1.033699,8.805588,0.736685,-0.121750,0.186549,0.638486,-0.139414,0.053212,0.036184,-0.473633,2.991942,9.091792,0.773443,0.001104,0.130931,0.620189,0.044698,0.763055,1.052526,1.338500,1.359252,8.423457,0.775507,0.124213,-0.052568,0.616756
-0.015544,-0.341157,0.432514,-2.861816,1.368695,8.240881,0.734526,-0.117024,0.184183,0.642530,-0.120258,-0.146864,0.193690,-1.084594,2.849119,8.801265,0.772138,0.002424,0.129191,0.622173,0.000000,0.643861,0.884377,1.294555,1.575927,8.252559,0.770266,0.119760,-0.047838,0.624541
-0.057814,-0.304069,0.471784,-3.072384,1.502693,8.097312,0.731856,-0.112717,0.182343,0.646857,-0.103231,-0.071304,0.252223,-1.396484,2.747191,8.701777,0.770353,0.003289,0.128308,0.624559,0.054276,0.473583,0.228810,0.441284,1.617431,8.340449,0.769008,0.116726,-0.042848,0.627023
-0.087266,-0.320977,0.510509,-3.158526,1.378266,8.126026,0.728892,-0.108438,0.180263,0.651501,-0.096845,-0.036184,0.332041,-1.188964,2.843016,8.762813,0.768015,0.004184,0.127650,0.627561,0.131965,1.078067,0.170277,1.856078,1.463012,9.098506,0.768042,0.111061,-0.033680,0.629789
-0.104447,-0.265890,0.523599,-3.120241,1.167697,8.518449,0.725829,-0.104671,0.177843,0.656185,-0.124515,-0.085139,0.461877,-1.541747,2.427367,8.914180,0.764916,0.004983,0.126442,0.631572,0.024477,1.217482,1.083389,1.563109,1.998290,9.779047,0.761365,0.103492,-0.024817,0.639523
-0.130354,-0.209985,0.534780,-3.129812,0.928415,8.652447,0.722668,-0.101710,0.175060,0.660872,-0.144736,-0.068111,0.523602,-1.549682,2.214354,9.215082,0.761400,0.005454,0.125096,0.636069,0.012771,1.054654,0.796046,1.689452,2.006835,9.721674,0.756315,0.097104,-0.017165,0.646727
-0.131172,-0.161716,0.533416,-3.101098,0.698704,8.738588,0.719542,-0.099673,0.172027,0.665375,-0.169213,-0.092588,0.581071,-1.348266,2.053832,9.381708,0.757538,0.005955,0.123197,0.641027,-0.004257,1.003571,0.868414,1.785888,1.648559,9.991449,0.750657,0.090790,-0.010405,0.654336
-0.137172,-0.152989,0.551142,-3.014956,0.679562,8.786445,0.716254,-0.097771,0.168981,0.669969,-0.190498,-0.090460,0.586392,-1.329345,2.059325,9.209589,0.753612,0.006285,0.121229,0.646008,-0.013835,1.067425,1.084453,1.532592,1.228027,9.733881,0.743463,0.083725,-0.003593,0.663500
-0.148080,-0.154353,0.612502,-3.053242,0.794417,8.786445,0.712460,-0.095561,0.166086,0.675038,-0.188369,0.026606,0.519345,-1.287231,2.109984,9.207148,0.749950,0.005822,0.120187,0.650452,0.034055,1.033370,1.203647,1.531982,1.440429,9.177240,0.735277,0.077528,0.003201,0.673305
-0.157080,-0.122173,0.636772,-3.110669,0.851845,8.709874,0.708359,-0.093399,0.163544,0.680257,-0.195819,0.078753,0.483162,-1.402587,2.353514,9.019160,0.746425,0.004975,0.119708,0.654589,0.075561,1.121701,1.433521,1.519164,0.911865,9.395746,0.725324,0.070772,0.010368,0.684676
-0.157352,-0.078813,0.624773,-3.014956,0.861416,8.748159,0.704242,-0.091600,0.161229,0.685310,-0.185176,0.048955,0.391638,-1.236572,2.458495,9.137568,0.743510,0.004406,0.119016,0.658027,0.094717,1.107866,1.417558,1.533202,0.933227,9.641108,0.715272,0.064304,0.017501,0.695656
-0.163079,-0.085085,0.591230,-2.756532,0.803988,8.690732,0.700365,-0.090044,0.158613,0.690083,-0.178791,-0.002128,0.384188,-0.924072,2.276000,9.218744,0.740696,0.004265,0.117737,0.661424,0.114937,1.034434,1.314327,1.596068,1.132812,9.545893,0.705758,0.058685,0.024310,0.705594
-0.185169,-0.095993,0.548142,-2.622534,0.765703,8.489735,0.696764,-0.088701,0.155665,0.694559,-0.170277,-0.077689,0.468262,-0.761108,2.136840,9.180902,0.737402,0.004786,0.115824,0.665427,0.000000,1.235574,1.422879,1.069335,0.949706,9.500727,0.695342,0.050568,0.031723,0.716190
-0.225257,-0.103084,0.509691,-2.813959,0.593420,8.394022,0.693502,-0.088819,0.151946,0.698620,-0.150057,-0.080882,0.495932,-0.300903,2.319335,9.195551,0.733909,0.005738,0.113911,0.669598,-0.068111,1.247280,1.447356,1.044311,0.722656,10.282587,0.684594,0.041782,0.038501,0.726701
-0.268072,-0.121628,0.508054,-3.168097,0.535992,8.547162,0.690101,-0.090869,0.148919,0.702366,-0.137286,-0.088331,0.666209,0.077515,2.814940,9.374994,0.729254,0.007252,0.112078,0.674957,-0.056404,0.907790,1.066361,1.392211,-0.327148,11.959222,0.676605,0.035088,0.042626,0.734268
-0.293706,-0.107992,0.508873,-3.311666,0.459422,9.169296,0.686673,-0.092971,0.145415,0.706174,-0.100038,-0.179855,0.956745,-0.002441,3.255003,9.876093,0.722683,0.009995,0.109963,0.682297,0.037248,0.649182,0.592777,1.375732,-0.457153,12.719719,0.672118,0.030723,0.045814,0.738381
-0.275162,-0.095720,0.470421,-3.225525,0.057428,9.753145,0.683546,-0.094477,0.141565,0.709781,-0.029799,-0.312884,1.361153,0.075073,2.750242,10.241083,0.713418,0.014443,0.107069,0.692354,0.113873,0.400151,0.167084,2.847899,-1.087646,11.669915,0.670786,0.028894,0.047663,0.739548
-0.284980,-0.096811,0.426242,-3.282953,-0.497707,9.638289,0.680671,-0.096436,0.137811,0.713012,0.032991,-0.432078,1.717671,0.371094,1.991576,11.386712,0.701697,0.020251,0.103188,0.704667,-0.135158,0.299049,1.355832,-0.365600,-0.202026,8.706660,0.660818,0.025642,0.047658,0.748587
-0.349611,-0.152989,0.341430,-3.148955,-0.985843,9.226724,0.678382,-0.098600,0.133171,0.715774,0.071304,-0.636411,1.918811,0.578613,1.215820,11.979974,0.688597,0.027625,0.097710,0.717995,-0.090460,0.256480,1.267501,-0.859985,1.458129,7.774654,0.651391,0.023650,0.049174,0.756773
-0.383972,-0.228802,0.194713,-3.148955,-1.253839,8.834301,0.677161,-0.100777,0.127748,0.717613,0.036184,-1.089774,2.072060,1.167602,0.830078,11.538690,0.674576,0.038116,0.088565,0.731876,0.157506,0.153249,-0.582135,1.088867,1.015014,8.726802,0.655878,0.024084,0.050871,0.752760
-0.346884,-0.289070,0.021271,-2.880959,-1.091127,8.279166,0.677268,-0.102478,0.121988,0.718273,-0.065982,-1.716607,2.112501,2.247924,1.304321,10.971063,0.660411,0.052912,0.074439,0.745324,0.120258,0.336297,-0.108552,-0.776977,-1.040649,10.530390,0.656747,0.021203,0.053201,0.751928
-0.265345,-0.308705,-0.135536,-2.699104,-0.976272,8.154739,0.678587,-0.103599,0.116438,0.717789,-0.148993,-2.419000,2.005014,4.017942,1.884154,11.664422,0.647024,0.072546,0.055134,0.757000,0.060661,0.507639,0.074496,-1.525268,-0.846557,11.228021,0.656147,0.016593,0.056516,0.752326
-0.180260,-0.309251,-0.277616,-2.354537,-0.937986,8.298309,0.681024,-0.103875,0.111035,0.716295,-0.097909,-2.749977,1.207904,3.835447,0.906372,11.522820,0.639271,0.094109,0.034382,0.762421,0.052147,0.119194,-0.660888,-0.015869,-0.134888,10.391840,0.661276,0.015339,0.056897,0.747819
-0.104447,-0.293433,-0.353156,-1.454836,-1.138984,9.044869,0.684054,-0.102810,0.105993,0.714323,0.102166,-2.747848,-0.751348,3.704221,-1.890868,12.089837,0.645739,0.115114,0.016566,0.754644,0.055340,0.007450,-1.003571,1.220092,0.665893,9.665522,0.668883,0.015812,0.056544,0.741040
-0.061632,-0.189532,-0.324795,-1.215554,-1.091127,9.647861,0.686783,-0.101876,0.102029,0.712412,0.044698,-3.295928,1.137664,-2.423094,-1.861571,9.968256,0.637637,0.138449,-0.005730,0.757767,0.104295,0.302242,-0.867349,1.701659,1.346435,9.723505,0.675173,0.014919,0.058717,0.735162
-0.008999,-0.021271,-0.211348,-1.052842,-0.794417,10.174282,0.688555,-0.101290,0.099827,0.711096,-0.068111,-2.648874,1.669781,-3.155516,4.194944,8.690181,0.625104,0.157199,-0.023696,0.764175,0.124515,0.671531,-0.334169,1.486205,1.276244,9.343866,0.677266,0.011728,0.063455,0.732898
-0.020998,0.069813,-0.085630,-1.330409,-0.363709,9.944571,0.689305,-0.101016,0.098446,0.710601,0.358646,-1.766626,-1.273886,1.912841,6.824947,10.676874,0.634137,0.173846,-0.028512,0.752879,0.168149,0.941846,0.220296,0.255737,-0.269775,9.684443,0.675170,0.005948,0.069865,0.734317
-0.082630,0.162261,-0.064904,-1.751546,-0.392423,10.021141,0.689767,-0.101958,0.097194,0.710191,0.445913,-1.305813,-0.888634,3.110350,5.336911,10.379023,0.640013,0.187468,-0.030744,0.744504,0.139414,0.747091,0.148993,-1.123657,-1.837157,10.525507,0.673738,0.000362,0.074849,0.735165
-0.127354,0.053451,-0.217621,-1.828117,-0.679562,9.351151,0.691399,-0.103147,0.094522,0.708791,0.288407,-0.956745,0.454427,2.979124,1.962890,8.137813,0.636235,0.196427,-0.035515,0.745219,0.079817,0.571493,0.096845,-1.427611,-1.095580,10.487055,0.672812,-0.004305,0.078444,0.735625
-0.219257,-0.089175,-0.424333,-1.942972,-0.890130,8.805588,0.694523,-0.104740,0.089978,0.706089,0.171341,-1.040819,1.305813,2.521361,0.244140,6.318356,0.626083,0.204061,-0.044525,0.751258,-0.015963,0.282022,-0.122387,-0.995483,0.060425,9.661249,0.673716,-0.007073,0.079582,0.734653
-0.301069,-0.239437,-0.508327,-1.741975,-0.823131,7.925029,0.698258,-0.105884,0.083714,0.702999,0.204333,-0.982287,1.050397,1.539306,0.251465,5.429074,0.617342,0.210479,-0.051824,0.756236,-0.039377,0.137286,-0.047890,-0.578003,1.205444,8.744502,0.673879,-0.006450,0.079746,0.734491
-0.316886,-0.269708,-0.473966,-1.359123,-0.765703,7.503892,0.701725,-0.106345,0.077167,0.700221,0.206461,-0.417179,0.234131,1.375121,0.133057,4.894406,0.614995,0.213018,-0.053768,0.757301,0.044698,0.177727,-0.194755,-0.435791,1.480712,8.890986,0.675066,-0.005619,0.081148,0.733253
-0.261254,-0.186532,-0.366792,-1.052842,-0.622134,7.618747,0.704390,-0.106270,0.071918,0.698112,0.204333,0.093652,0.019156,1.807860,0.084228,5.151975,0.614423,0.211948,-0.052628,0.758145,0.065982,0.173470,-0.180920,0.158691,1.531982,8.847041,0.676187,-0.004708,0.082155,0.732114
-0.137445,-0.014454,-0.225529,-0.851845,-0.363709,7.829316,0.706029,-0.105912,0.069284,0.696776,0.142607,0.496997,0.094717,2.645873,0.410156,5.529782,0.613330,0.208454,-0.050565,0.760136,0.138350,0.140479,0.176663,0.111084,1.149291,9.107051,0.674764,-0.003087,0.082915,0.733349
-0.019908,0.130354,-0.105811,-0.440279,-0.306281,8.327023,0.706850,-0.105571,0.068704,0.696052,-0.015963,0.891827,0.224553,3.469847,0.781250,5.895382,0.611676,0.202338,-0.047354,0.763322,0.252223,-0.027670,0.408665,0.172729,0.817260,9.271845,0.671816,0.000289,0.082972,0.736051
0.081267,0.198258,-0.050724,-0.306281,-0.430708,8.738588,0.707357,-0.105030,0.069276,0.695563,-0.160699,1.134472,0.351197,3.648679,0.603027,5.812375,0.609422,0.193397,-0.044033,0.767630,0.334169,0.267122,0.643861,0.168457,0.831298,9.261469,0.666861,0.002184,0.085571,0.740244
0.136081,0.250346,-0.013090,-0.325424,-0.287139,9.265009,0.707608,-0.104336,0.070752,0.695263,-0.237324,1.203647,0.192626,3.683470,-0.126953,5.986935,0.608515,0.182918,-0.040810,0.771088,0.386316,0.908854,1.384566,1.311645,0.873413,9.821772,0.655743,0.000449,0.092907,0.749241
0.125991,0.256345,0.000273,-0.497707,-0.172283,10.126426,0.707735,-0.103673,0.072309,0.695073,-0.293728,1.389887,-0.011707,4.946897,0.506591,6.818233,0.609303,0.171497,-0.036155,0.773319,0.445913,1.537816,1.770883,0.470581,0.518799,10.476068,0.640937,-0.005825,0.104461,0.760424
0.099811,0.185441,-0.044451,-0.784846,-0.057428,10.719846,0.708180,-0.102661,0.073242,0.694672,-0.206461,1.587835,-0.623640,6.323238,2.937010,8.454585,0.614759,0.159981,-0.027481,0.771825,0.271379,1.118508,1.479283,0.963745,0.822753,10.902093,0.628474,-0.010018,0.112101,0.769640
0.080449,0.068995,-0.159261,-0.669990,-0.162712,10.920842,0.709495,-0.101144,0.072976,0.693579,-0.236260,1.604862,-1.103609,8.622432,4.468992,11.168817,0.624236,0.147897,-0.018042,0.766891,0.184112,0.664081,0.584264,2.533568,-0.506591,10.531610,0.623669,-0.012544,0.116005,0.7729260.099538,-0.091630,-0.192532,-0.354138,-1.071985,10.442278,0.711225,-0.099018,0.071120,0.692307,-0.375674,1.392016,-1.255794,7.329097,3.736570,12.602531,0.634882,0.136397,-0.010838,0.760391,0.147928,0.365032,0.079817,3.137205,-0.175781,10.615229,0.623058,-0.013363,0.117779,0.773136
0.098993,-0.123264,-0.309251,-1.004985,-1.483550,10.490134,0.713785,-0.097332,0.068697,0.690152,-0.389509,0.858836,-0.851386,4.570310,3.015135,11.481927,0.642388,0.128535,-0.007402,0.755483,0.043634,0.254352,-0.223489,1.194457,-0.768432,10.636591,0.625071,-0.014963,0.117867,0.771467
-0.097357,-0.159534,-0.404153,-3.110669,-2.000400,11.274981,0.716653,-0.098927,0.065530,0.687255,-0.079817,0.517217,-1.480347,-0.591430,1.690673,12.768547,0.654317,0.122830,-0.001878,0.746171,-0.041505,0.164956,-0.343747,-0.344238,-0.655517,11.444085,0.628252,-0.017101,0.116892,0.768983
-0.339521,-0.026180,-0.299978,-5.838487,-1.071985,11.590833,0.718208,-0.102899,0.063902,0.685199,-0.018092,1.131279,-2.148685,0.466919,0.675048,15.155021,0.670818,0.112751,0.008130,0.732951,-0.251159,-0.118130,-0.204333,-3.670652,0.337524,12.301629,0.630637,-0.019238,0.114095,0.767399
-0.434423,-0.315523,-0.374700,-5.024928,1.406980,9.667004,0.720283,-0.104309,0.060227,0.683137,-0.001064,0.677916,-0.675788,3.105467,3.769529,9.824823,0.675907,0.108999,0.013693,0.728748,-0.538502,-1.468641,-2.819152,-2.773436,2.689818,11.151727,0.654057,-0.014576,0.101044,0.749519
-0.268344,-0.450240,-0.475057,-5.091927,2.143969,9.073584,0.723279,-0.103432,0.056629,0.680407,0.006385,2.191255,-1.107866,1.387939,1.854857,9.183344,0.683910,0.093084,0.029874,0.722981,-0.289471,-0.909919,-3.367231,2.001342,4.780881,11.350701,0.679905,-0.011225,0.092416,0.727361
-0.046906,-0.262890,-0.231529,-4.546363,1.808974,9.312865,0.724734,-0.101996,0.056142,0.679115,-0.309692,1.333483,-0.428886,-2.411498,0.776367,7.529903,0.687189,0.079682,0.038164,0.721080,-0.247966,-0.564043,0.905662,3.248289,4.036252,11.807244,0.673880,-0.006176,0.086421,0.733738
0.174260,-0.215166,0.152171,-4.335794,1.148555,8.240881,0.723768,-0.099427,0.057875,0.680379,-0.467198,0.379931,0.070239,-4.104002,2.058104,7.886348,0.687184,0.072637,0.038821,0.721794,-0.196883,-1.246216,1.908169,-0.671997,3.306883,11.452020,0.661061,0.004409,0.077267,0.746325
0.322068,-0.100629,0.477511,-4.067799,0.421137,7.360322,0.720658,-0.096858,0.061628,0.683713,-0.420372,0.113873,-0.012771,1.114501,4.810788,9.807123,0.687672,0.070127,0.037480,0.721649,0.087267,-2.539259,0.586392,-1.239013,4.302976,9.631342,0.658651,0.025262,0.062386,0.749427
0.328885,-0.012817,0.604048,-3.828516,0.105284,6.766902,0.716621,-0.095024,0.066039,0.687790,-0.220296,0.473583,-0.166020,1.005248,4.702146,10.117792,0.688968,0.066287,0.040168,0.720630,0.085139,-2.701022,-1.019535,-0.114136,2.349242,10.255732,0.668149,0.046102,0.045980,0.741168
0.240801,0.082630,0.610047,-3.493521,-0.277567,6.757331,0.712389,-0.094770,0.070296,0.691788,-0.084074,0.454427,-0.538502,-0.621338,2.805784,9.473261,0.692720,0.062463,0.045017,0.717079,-0.286279,-3.074567,-1.933710,-4.089353,0.252685,8.272700,0.683724,0.064337,0.025213,0.726456
0.172079,0.252255,0.505327,-3.436093,-0.047856,7.685746,0.708654,-0.096038,0.075351,0.694910,-0.002128,0.126644,-0.288407,-0.112305,1.432494,9.110103,0.694843,0.060135,0.047592,0.715055,-0.408665,-2.277457,-1.945417,3.613889,2.064208,12.232659,0.698208,0.079219,0.006834,0.711460
0.158989,0.463058,0.318250,-3.254239,0.641276,8.939586,0.705987,-0.097947,0.082000,0.696604,-0.040441,0.025542,-0.260737,-0.523681,0.579834,9.298700,0.696925,0.058602,0.047556,0.713157,-0.212846,-2.593534,0.842872,-1.734008,2.905882,12.160028,0.692529,0.095663,-0.012006,0.714913
0.156807,0.551415,0.131718,-3.416951,1.071985,9.753145,0.704510,-0.100141,0.089034,0.696924,-0.103231,-0.013835,-0.071304,-1.365356,1.336669,9.787592,0.697663,0.057090,0.047464,0.712563,-0.269251,-2.571185,0.179855,-0.895996,2.551268,12.476190,0.691248,0.111473,-0.030531,0.713309
0.215439,0.495510,0.015544,-3.684947,1.033699,10.212567,0.703900,-0.101706,0.095969,0.696392,-0.098974,0.043634,-0.168149,-1.447753,1.693114,9.480585,0.699028,0.055349,0.048078,0.711321,-0.252223,-2.440285,-0.295857,-0.888671,2.859495,11.098626,0.693002,0.126631,-0.047262,0.708147
0.317977,0.223348,0.003818,-3.225525,0.803988,9.858429,0.703718,-0.100251,0.101573,0.695992,-0.103231,0.087267,-0.295857,-0.750732,2.647093,9.352411,0.701200,0.054041,0.049135,0.709208,-0.424629,-1.835801,-0.230938,-0.424194,2.169799,10.682367,0.694525,0.135972,-0.061183,0.703843
0.402517,-0.102811,0.083176,-2.976671,0.765703,8.920443,0.703371,-0.095894,0.105561,0.696363,-0.163892,-0.057469,0.007450,-0.885620,2.988280,9.289545,0.701297,0.053579,0.048701,0.709177,-0.456556,-1.463320,-0.048955,0.144653,1.389770,10.478510,0.694854,0.142045,-0.073192,0.701168
0.431969,-0.212985,0.182987,-2.871387,0.861416,8.145168,0.702446,-0.090697,0.109140,0.697441,-0.225617,-0.112809,0.262865,-0.545044,2.883909,9.086299,0.699630,0.053347,0.047183,0.710941,-0.326719,-1.628276,-0.493804,0.113525,1.356200,10.320429,0.697833,0.150436,-0.084716,0.695135
0.432242,-0.197986,0.302433,-2.947958,1.167697,7.791030,0.700651,-0.085565,0.112946,0.699287,-0.238388,0.073432,0.208590,-0.309448,2.302855,9.080195,0.698281,0.051565,0.046642,0.712433,0.007450,-1.755983,-1.080196,0.191650,1.393432,9.136958,0.704040,0.162565,-0.093798,0.684904
0.387518,-0.097084,0.390517,-3.187240,1.215554,7.800602,0.698072,-0.081713,0.117239,0.701616,-0.209654,0.199011,0.113873,0.057983,1.777953,9.227900,0.697529,0.049005,0.046780,0.713342,0.125579,-1.732570,-1.216418,0.888061,2.216796,7.701412,0.710691,0.176170,-0.101462,0.673483
0.361610,0.059723,0.440423,-3.081956,1.052842,7.810173,0.694925,-0.079289,0.122460,0.704122,-0.202204,0.284150,-0.002128,0.380859,1.369628,9.401239,0.697538,0.045821,0.047178,0.713517,0.155378,-1.360089,-1.026984,1.827392,2.968748,7.152706,0.716040,0.187946,-0.106778,0.663742
0.341703,0.250073,0.436332,-2.756532,0.746561,8.432307,0.691535,-0.078425,0.128835,0.706415,-0.212846,0.319270,-0.005321,0.356445,1.278686,9.478144,0.697530,0.042286,0.047697,0.713709,0.166020,-0.925882,-0.652375,2.725828,3.387449,6.651608,0.719083,0.196910,-0.109974,0.657300
0.301342,0.383700,0.403062,-2.612962,0.583849,8.690732,0.688703,-0.079611,0.132296,0.708406,-0.234131,0.327784,0.061725,0.297851,1.299438,9.689325,0.696929,0.039974,0.047136,0.714466,0.110680,-0.452299,-0.234131,2.888182,3.001707,7.345577,0.720183,0.201956,-0.110378,0.654490
0.236438,0.477784,0.346884,-2.603391,0.449851,8.662018,0.686089,-0.081830,0.135816,0.710022,-0.257544,0.306499,0.145800,0.057373,1.213989,9.682611,0.695826,0.036153,0.047301,0.715733,0.111744,-0.342683,0.035120,2.587889,2.042235,7.293087,0.719359,0.205104,-0.111163,0.654286
0.172897,0.463330,0.269981,-2.708675,0.344566,8.480164,0.683946,-0.084978,0.139068,0.711089,-0.239452,0.309692,0.136222,-0.022583,0.845336,9.664911,0.694775,0.032241,0.047456,0.716930,0.125579,-0.475712,0.469326,2.868651,1.356200,7.233882,0.715389,0.208427,-0.114202,0.657059
0.103356,0.430333,0.203985,-2.833102,0.124427,8.566305,0.682254,-0.088470,0.141558,0.711797,-0.224553,0.260737,0.057469,-0.083008,0.639648,9.526361,0.694297,0.028662,0.047325,0.717553,0.184112,-0.313949,0.174534,3.173216,1.192016,7.492671,0.713368,0.211360,-0.115283,0.658130
0.047724,0.304069,0.145626,-2.794817,0.095713,8.470592,0.681128,-0.091328,0.142571,0.712313,-0.232003,0.257544,0.084074,-0.249023,0.598144,9.524530,0.693621,0.025004,0.047183,0.718352,0.225617,-0.411858,0.018092,3.562010,0.748291,7.473751,0.712070,0.215316,-0.116947,0.657960
0.039543,0.215712,0.101447,-2.861816,0.095713,8.499306,0.680436,-0.093683,0.142890,0.712604,-0.241581,0.261801,0.093652,-0.328979,0.812377,9.340815,0.692858,0.021386,0.047180,0.719206,0.323527,-0.555529,-0.220296,4.413450,0.665283,7.620845,0.711850,0.221462,-0.118843,0.655815
0.042270,0.173715,-0.046088,-2.890530,0.248854,8.671589,0.680879,-0.095646,0.142629,0.711972,-0.245838,0.356518,0.113873,-0.640869,0.858764,9.738153,0.691897,0.016964,0.047961,0.720196,0.408665,-0.470391,-0.206461,5.302732,0.664672,7.821041,0.711366,0.227826,-0.119804,0.653982
0.041179,0.154898,-0.171533,-2.785246,0.306281,8.633304,0.682251,-0.097087,0.141933,0.710601,-0.221360,0.383124,0.069175,-0.699462,0.440674,9.644770,0.691249,0.012306,0.048905,0.720849,0.441656,-0.267122,0.013835,5.548092,0.812988,7.850338,0.709583,0.232882,-0.119596,0.654176
0.041452,0.138263,-0.284980,-2.766103,0.478565,8.384451,0.684426,-0.097908,0.141030,0.708574,-0.200076,0.426757,-0.127708,-0.527343,0.503540,9.548334,0.691986,0.007579,0.050258,0.720114,0.444849,-0.187305,-0.114937,5.609738,0.899047,7.716671,0.708717,0.237616,-0.118506,0.653611
0.044451,0.129263,-0.403062,-2.833102,0.622134,8.374879,0.687222,-0.097384,0.141014,0.705938,-0.221360,0.416115,-0.251159,-0.577392,0.706176,9.608759,0.693600,0.002875,0.051512,0.718505,0.413986,0.015963,-0.197947,5.247190,1.383666,7.393795,0.708741,0.241030,-0.115750,0.652829
0.047178,0.151898,-0.526599,-3.148955,0.861416,8.422736,0.690424,-0.098461,0.143751,0.702102,-0.247966,0.354389,-0.316077,-0.739746,0.972900,9.455561,0.695688,-0.001474,0.052386,0.716424,0.393766,0.210718,-0.189433,4.589231,1.237182,7.740474,0.709044,0.242569,-0.111609,0.652651
0.050178,0.193350,-0.618774,-3.225525,1.311267,8.260024,0.694192,-0.099500,0.146567,0.697644,-0.270315,0.269251,-0.370353,-0.890502,1.259155,9.486078,0.698186,-0.005260,0.052728,0.713948,0.362903,0.237324,-0.610869,4.130247,1.457519,7.822261,0.712276,0.244009,-0.106159,0.649496
0.041452,0.217348,-0.684496,-3.349952,1.454836,8.202596,0.698331,-0.100926,0.149443,0.692680,-0.273508,0.167084,-0.392702,-0.916748,1.618651,9.500727,0.700873,-0.008131,0.052515,0.711298,0.326719,0.394830,-0.666209,3.713377,1.496581,8.191524,0.716186,0.243821,-0.099439,0.646323
0.023180,0.241346,-0.742038,-3.483950,1.607977,7.982456,0.702763,-0.102846,0.152334,0.687265,-0.270315,0.009578,-0.501253,-1.068725,1.299438,9.350580,0.704417,-0.010109,0.051174,0.707861,0.285214,0.444849,-0.891827,2.843016,1.976928,8.030391,0.721840,0.243114,-0.091355,0.641474
-0.017453,0.239983,-0.794398,-3.694518,1.579263,7.848458,0.707455,-0.105379,0.154937,0.681461,-0.288407,0.006385,-0.604484,-1.258544,1.262206,9.425653,0.708674,-0.012338,0.049767,0.703665,0.155378,0.346940,-0.638539,2.518309,2.372435,7.775875,0.726074,0.242055,-0.085179,0.637937
-0.081267,0.247073,-0.836394,-3.905087,1.512264,7.570891,0.712297,-0.108771,0.157127,0.675355,-0.300114,-0.074496,-0.602356,-1.359862,0.947265,9.549555,0.712943,-0.014275,0.047616,0.699452,-0.009578,0.505510,-0.593842,2.626952,2.934569,7.175899,0.730439,0.239393,-0.079017,0.634743
-0.153534,0.296433,-0.895572,-4.134798,1.435694,7.417750,0.717317,-0.113318,0.159094,0.668802,-0.324591,-0.209654,-0.495932,-1.232909,0.748291,9.528803,0.716521,-0.015403,0.044217,0.695987,-0.060661,0.536373,-0.797110,3.344725,2.634886,7.197872,0.735993,0.236495,-0.073159,0.630099
-0.209167,0.416152,-0.933751,-4.278367,1.483550,7.427321,0.722249,-0.119060,0.161489,0.661887,-0.336297,-0.315013,-0.518281,-1.375732,0.899047,9.211420,0.720274,-0.015871,0.040241,0.692334,-0.100038,0.768376,-0.690687,3.326414,2.651976,7.119136,0.741033,0.231816,-0.066184,0.626692
-0.263163,0.548415,-1.002746,-4.795217,1.416551,7.599605,0.727259,-0.126392,0.164350,0.654294,-0.353325,-0.359711,-0.525731,-1.340942,1.111450,9.575190,0.724073,-0.015986,0.035936,0.688595,-0.160699,0.904598,-0.548080,3.160398,2.755125,7.440792,0.745357,0.225639,-0.058814,0.624551
-0.287434,0.609229,-1.140191,-5.627919,1.119841,7.867601,0.732924,-0.134915,0.167175,0.645496,-0.341619,-0.416115,-0.498061,-1.270141,1.403808,9.893793,0.727683,-0.015409,0.031431,0.685014,-0.255416,0.864157,-0.670466,2.775877,3.523558,8.288569,0.750652,0.219050,-0.051533,0.621188
-0.275435,0.560414,-1.330814,-6.240481,1.052842,8.183454,0.739745,-0.143372,0.169403,0.635229,-0.271379,-0.531052,-0.455491,-1.094970,1.602782,10.113520,0.731043,-0.013328,0.026620,0.681676,-0.181984,0.531052,-0.871606,1.604613,4.385984,9.768671,0.756943,0.214746,-0.045229,0.615522
-0.214076,0.519235,-1.444260,-6.680761,1.292124,8.020741,0.747234,-0.151128,0.171559,0.623988,-0.183048,-0.740706,-0.396959,-0.776977,1.624755,10.096430,0.734085,-0.008987,0.020830,0.678673,-0.220296,0.584264,-1.053590,1.632079,4.827878,10.820917,0.764348,0.209864,-0.038370,0.608481
-0.099266,0.526871,-1.410990,-6.881758,0.957129,7.446464,0.754484,-0.158155,0.174428,0.612623,-0.070239,-1.031241,-0.431014,-0.377197,1.635131,9.429316,0.737420,-0.001647,0.013615,0.675289,-0.213911,0.070239,-0.623640,1.219482,5.572506,11.928094,0.768860,0.207957,-0.036210,0.603564
0.078813,0.421333,-1.422443,-6.853044,-0.076570,6.240481,0.762133,-0.163670,0.177241,0.600785,0.116001,-1.477155,-0.602356,0.108643,1.488036,9.190058,0.741913,0.010199,0.004144,0.670400,-0.524667,-1.426071,-0.334169,3.145140,4.733274,10.580439,0.771425,0.213175,-0.048803,0.597554
0.336794,0.218984,-1.502892,-7.101898,-2.134398,5.321638,0.770997,-0.166684,0.179219,0.587922,0.400151,-2.166777,-0.971644,-0.136108,1.186523,8.824458,0.748251,0.028834,-0.007540,0.662740,-0.935460,-0.760926,-1.194069,7.615352,4.492795,11.459954,0.779662,0.212513,-0.058802,0.586088
0.685587,0.110992,-1.757328,-7.523035,-4.268795,5.082355,0.782002,-0.166983,0.181441,0.572416,0.724742,-3.077760,-1.148307,-1.337280,0.684814,8.427730,0.755093,0.053762,-0.023669,0.652974,-0.887570,-0.129836,-1.201518,5.083615,4.223630,13.022453,0.788290,0.208783,-0.061867,0.575476
1.057833,0.245982,-1.803689,-3.876373,-4.843073,6.364908,0.793682,-0.164995,0.185339,0.555416,1.118508,-4.310141,-1.202583,-0.438843,-2.275389,14.840690,0.760603,0.088585,-0.048472,0.641310,-0.047890,-0.185176,-1.691065,5.245358,-0.506591,14.864493,0.797919,0.208953,-0.061149,0.562065
1.229094,0.640045,-1.246547,-1.110270,-3.340380,7.590034,0.801771,-0.161462,0.193355,0.541940,1.155756,-4.154763,-1.634661,2.467040,-1.387939,17.221670,0.767264,0.122886,-0.071933,0.625318,0.615126,-1.208968,-0.863092,-3.206785,-2.449339,6.690670,0.800986,0.219484,-0.065015,0.553183
1.273545,1.618520,-0.590412,-1.828117,0.306281,9.140582,0.804058,-0.159814,0.211128,0.532322,1.034434,-3.101173,-1.355832,7.275386,1.352538,10.717157,0.771452,0.152348,-0.088950,0.611336,0.474648,-0.799239,-1.353704,-2.106322,1.000976,2.325438,0.807231,0.227754,-0.064170,0.540721
1.251456,2.493094,-0.328613,-5.838487,2.191826,8.843872,0.801851,-0.162297,0.238578,0.523227,0.272444,-1.890077,-2.254044,5.952755,-1.643065,9.018550,0.782480,0.167656,-0.100319,0.591223,-0.012771,-1.133407,-2.365789,8.270869,0.683593,8.063350,0.818639,0.235527,-0.069865,0.519103
1.188460,2.604358,-0.286616,-8.652447,3.196811,9.360723,0.798203,-0.166211,0.266758,0.513884,0.085139,-1.852829,-3.141614,3.420408,-3.050535,8.417354,0.798575,0.180823,-0.110285,0.563391,-0.573621,-1.062104,-1.397337,5.416867,1.583861,13.467400,0.826426,0.235793,-0.079252,0.505106
0.881119,2.236748,-0.279253,-8.202596,1.445265,10.059426,0.794369,-0.170330,0.290107,0.505762,-0.043634,-1.657010,-1.508017,0.928344,-1.861571,7.383419,0.805378,0.189476,-0.121169,0.548430,-0.589585,-0.175598,0.013835,3.062132,-0.606079,11.665643,0.827785,0.229910,-0.084152,0.504800
0.570777,1.264000,-0.553051,-5.235496,-2.019542,9.839287,0.794988,-0.174194,0.300428,0.497378,-0.013835,-1.021663,-0.445913,-0.532226,-0.427856,6.674191,0.806983,0.193834,-0.127706,0.543037,-0.396959,-0.775825,-0.526795,4.126585,1.419677,9.489130,0.830623,0.229708,-0.092361,0.498759
0.290161,0.450513,-0.721585,-4.383651,-3.129812,8.518449,0.798288,-0.177014,0.302618,0.489711,0.031927,-0.638539,-0.088331,1.020507,1.003417,5.596310,0.806993,0.196648,-0.131053,0.541210,-0.368224,-0.535309,-0.060661,2.995604,1.082153,8.135371,0.831426,0.227629,-0.098990,0.497100
0.182441,0.013090,-0.640045,-5.034499,-3.215954,7.542177,0.802214,-0.178709,0.301082,0.483587,0.015963,-0.193690,-0.293728,4.215086,2.851561,5.957028,0.808100,0.200021,-0.132030,0.538075,-0.187305,-0.434207,-0.161763,3.089598,0.923461,8.244624,0.832374,0.226645,-0.103650,0.495008
0.280616,-0.137717,-0.544870,-5.216353,-2.335395,6.872187,0.806232,-0.178741,0.299063,0.478116,-0.166020,-0.580007,1.004635,6.322628,2.395628,6.507565,0.801818,0.201848,-0.140702,0.544555,-0.013835,-0.932268,-0.880120,3.784178,0.290527,9.514154,0.835828,0.230359,-0.110210,0.485976
0.344157,-0.151353,-0.504782,-5.130212,-0.813560,6.345766,0.810206,-0.177954,0.297198,0.472824,-0.257544,-0.488483,1.514403,7.246089,2.693480,6.348873,0.792926,0.201712,-0.150088,0.555019,0.024477,-1.288785,-1.298363,3.653562,0.556030,9.528193,0.840685,0.236491,-0.118354,0.472552
0.345248,0.015544,-0.328613,-5.130212,0.602991,6.613762,0.812332,-0.174432,0.298351,0.469753,-0.267122,-0.290535,0.465070,4.429319,2.465819,6.447750,0.790297,0.202319,-0.154765,0.557258,0.069175,-1.553779,-1.022727,4.448240,1.899413,8.740840,0.843309,0.244165,-0.129901,0.460793
0.303524,0.103084,-0.107174,-5.292923,0.985843,6.393622,0.812779,-0.171053,0.301167,0.468424,-0.144736,0.201140,-0.269251,3.417967,0.306396,6.611935,0.792306,0.198792,-0.154313,0.555798,0.126644,-1.362217,-0.264994,4.792478,3.959348,6.636349,0.842036,0.253540,-0.140328,0.454966
0.250073,0.070359,0.034907,-5.599205,0.851845,5.350351,0.812214,-0.168753,0.304615,0.468009,0.010642,0.080882,-0.691751,6.511227,-1.237792,7.939448,0.795822,0.198968,-0.154073,0.550756,0.152185,-1.152564,-0.452299,5.747067,4.536130,5.787350,0.841629,0.262314,-0.148608,0.448063
0.196895,-0.025089,-0.055087,-5.455636,0.220140,4.718646,0.812335,-0.167800,0.306707,0.466773,-0.012771,-0.594906,-0.848193,8.510127,0.117187,10.365595,0.799088,0.203511,-0.159032,0.542902,0.175598,-1.160013,0.108552,4.222410,4.146116,5.996701,0.838718,0.270519,-0.157413,0.445628
0.187350,-0.067086,-0.278162,-4.508078,-0.430708,4.957929,0.814311,-0.168619,0.306162,0.463380,-0.323527,-1.144050,-0.311820,8.851314,1.777343,12.333367,0.799066,0.208217,-0.170948,0.537502,0.153249,-1.498439,0.785403,5.248410,3.718870,6.181027,0.831914,0.278791,-0.171822,0.447956
0.220348,0.049360,-0.452695,-3.522235,-0.631705,5.857630,0.817222,-0.168468,0.305204,0.458921,-0.595970,-2.122079,0.386316,8.703609,1.217651,8.222651,0.793895,0.214948,-0.193388,0.534904,0.125579,-1.881563,0.285214,6.030270,0.750122,6.559444,0.826496,0.286960,-0.189395,0.445734
0.263163,0.025362,-0.580322,-3.206382,-0.382852,5.771488,0.820807,-0.167871,0.304098,0.453443,-0.371417,-2.360467,1.048269,7.023312,1.263427,2.825316,0.783771,0.223646,-0.217541,0.536985,0.073432,-1.885820,0.146864,5.014646,0.501709,6.925655,0.821875,0.294109,-0.205977,0.442251
0.326977,-0.199077,-0.607865,-3.570091,0.153141,4.910072,0.825105,-0.164982,0.301817,0.448198,0.382059,-3.427892,0.450170,-0.038452,-0.700073,-1.583251,0.771910,0.244088,-0.245083,0.533387,-0.069175,-2.254044,-0.092588,3.758543,0.939331,5.336911,0.817800,0.301988,-0.224871,0.435236
0.384518,-0.245710,-0.446968,-4.220939,0.038285,4.852644,0.827866,-0.162034,0.302407,0.443762,0.597034,0.981222,-2.050776,2.164916,-2.281493,6.755367,0.783751,0.246796,-0.229112,0.521847,0.269251,-1.877306,-0.610869,6.879879,2.373656,3.730467,0.814613,0.314580,-0.238409,0.424969
0.456240,-0.234256,-0.200713,-4.326223,-0.258425,5.292923,0.830704,-0.158994,0.300764,0.440663,-0.618319,-2.897905,1.794296,12.191766,0.833129,9.076533,0.768186,0.253289,-0.260872,0.526947,0.069175,-2.419000,0.076625,6.175534,-0.667724,3.628538,0.807492,0.324518,-0.259685,0.418569
0.507509,-0.221984,-0.021544,-4.814359,-0.267996,5.962914,0.832775,-0.155017,0.299708,0.438887,-0.295857,-2.993686,-0.965259,5.913693,4.099729,8.635859,0.766406,0.269999,-0.281247,0.510504,-0.365032,-1.830480,0.817330,6.537472,2.869871,5.996701,0.799678,0.327961,-0.279684,0.418002
0.503418,-0.173715,0.043088,-6.144769,0.488136,7.264609,0.833401,-0.148603,0.301822,0.438469,-0.396959,-3.234202,-0.764119,5.394284,1.278686,7.166744,0.762480,0.284730,-0.304582,0.494747,0.588521,-2.308320,0.799239,5.628659,1.132202,8.417964,0.788171,0.338679,-0.297732,0.418843
0.462512,-0.173442,0.104174,-5.647061,0.708275,7.025327,0.833899,-0.141895,0.303166,0.438816,-0.006385,-2.395587,-1.059976,7.679439,1.058349,5.689084,0.759903,0.299896,-0.320546,0.479430,0.319270,-2.256173,0.968451,7.108150,1.678466,3.261106,0.775393,0.348055,-0.318337,0.419854
0.405516,-0.198804,0.051542,-6.221339,0.267996,7.331609,0.834373,-0.138317,0.304723,0.437979,-0.289471,-3.767383,-0.018092,6.445919,2.468871,4.327390,0.748235,0.317214,-0.349911,0.465911,0.340554,-2.121015,0.669402,5.823971,2.796019,6.369625,0.765192,0.356832,-0.334386,0.418723
0.351248,-0.179987,0.071449,-6.202196,0.363709,7.283752,0.834577,-0.134991,0.306331,0.437506,0.102166,-2.097602,-0.408665,8.692012,2.402953,6.083981,0.742885,0.330268,-0.362439,0.455713,0.310756,-1.941160,0.375674,7.075191,3.218992,7.611080,0.756608,0.365416,-0.348069,0.415758
0.219530,-0.328613,0.086994,-5.924629,0.526421,6.958328,0.834907,-0.131308,0.306309,0.438013,0.002128,-2.030555,0.045762,6.589352,2.692259,6.441647,0.735953,0.339186,-0.376222,0.449194,0.271379,-2.055033,0.442721,7.214962,2.415770,6.851803,0.747131,0.373541,-0.363135,0.412779
0.108810,-0.362974,0.126536,-6.135197,0.622134,6.843473,0.835043,-0.128630,0.305526,0.439093,-0.002128,-2.023106,0.632154,7.952266,1.198730,5.733029,0.725878,0.344730,-0.392498,0.447435,0.452299,-2.050776,0.326719,7.241817,3.649900,6.315304,0.737300,0.383891,-0.376436,0.409027
0.078813,-0.277344,0.215712,-6.565906,0.468993,7.360322,0.834596,-0.126971,0.305186,0.440661,-0.080882,-2.401973,1.031241,9.109492,0.531006,5.722653,0.712057,0.349310,-0.413662,0.447027,0.550208,-1.972023,0.416115,7.924190,3.158567,5.496212,0.726735,0.394015,-0.389028,0.406517
0.073086,-0.224984,0.349884,-7.341180,0.162712,8.154739,0.833593,-0.125794,0.304893,0.443093,-0.085139,-2.526488,0.714100,8.831172,0.167236,4.834592,0.698525,0.355476,-0.434514,0.443721,0.572557,-2.069932,0.583199,8.284297,2.702635,4.863278,0.714671,0.403625,-0.402923,0.404941
0.115901,-0.226075,0.374973,-7.293324,0.095713,9.446864,0.833224,-0.124098,0.302796,0.445695,-0.093652,-2.380688,0.329912,9.220575,0.568847,4.579465,0.687225,0.362647,-0.452232,0.437821,0.635347,-1.807067,0.889698,8.881831,3.598631,3.189085,0.701309,0.413215,-0.416013,0.405392
0.147262,-0.399244,0.337339,-6.833901,0.401994,9.915857,0.833657,-0.120039,0.298901,0.448616,-0.180920,-2.261494,0.176663,10.278315,0.863647,1.533813,0.675905,0.371022,-0.470095,0.429532,0.609805,-1.734699,1.316455,11.322015,2.805784,2.910155,0.685239,0.419583,-0.432002,0.409591
0.228802,-0.623137,0.376609,-5.752346,0.842274,11.849257,0.834531,-0.113493,0.293729,0.452098,-0.252223,-2.262558,0.000000,11.660150,1.207275,2.152098,0.665286,0.379653,-0.487223,0.419362,0.545951,-1.581449,1.316455,15.007316,-0.231323,2.388304,0.669606,0.423453,-0.447425,0.414872
0.275707,-0.886573,0.463603,-5.618348,0.038285,14.117654,0.835804,-0.105486,0.286491,0.456309,-0.199011,-2.000757,-0.236260,15.158683,1.688842,-0.351562,0.656375,0.388537,-0.501237,0.408612,0.362903,-1.236638,1.353704,16.266470,-1.542358,2.346800,0.655871,0.424107,-0.461186,0.421030
0.419424,-0.708222,0.529326,-8.355737,0.679562,17.094324,0.836311,-0.096926,0.281408,0.460424,-0.098974,-1.335612,-0.200076,18.572987,2.384642,1.310424,0.650133,0.395157,-0.510312,0.400937,0.007450,-0.693880,1.487797,17.316275,-2.581175,4.924924,0.645858,0.418866,-0.472683,0.428931
0.343339,-0.657226,0.237256,-12.490534,-1.043271,15.505490,0.837472,-0.092239,0.277760,0.461491,-0.093652,-0.413986,-0.446978,17.185049,-0.814209,1.269531,0.649119,0.397973,-0.512908,0.396457,0.007450,-0.706650,0.601291,15.923452,-2.799681,4.542844,0.639494,0.417783,-0.480361,0.430988
0.076631,-0.920934,-0.062177,-8.451449,-0.861416,13.974084,0.840802,-0.088886,0.269073,0.461241,-0.096845,-0.264994,-0.056404,14.749137,0.110474,0.961303,0.647300,0.398438,-0.516065,0.394866,0.045762,-0.981222,-0.178791,12.872917,-3.966672,4.182737,0.635009,0.421867,-0.486223,0.427048
-0.284434,-1.424625,-0.207531,-5.570491,1.014557,13.371093,0.845665,-0.084733,0.253955,0.461702,-0.155378,0.113873,-0.767312,14.396964,1.287231,-0.502929,0.650636,0.401511,-0.513834,0.389138,0.112809,-1.036562,-0.681109,12.410272,0.138550,2.184447,0.631675,0.429114,-0.490385,0.419956
-0.488147,-2.277927,-0.347702,-3.723232,2.172683,10.767702,0.852597,-0.077772,0.231010,0.462229,-0.078753,0.600227,-0.834358,11.629022,1.349487,-0.283813,0.656396,0.403573,-0.507786,0.385251,0.025542,-0.549144,-0.794982,11.035150,2.537230,0.199585,0.631793,0.436630,-0.490590,0.411709
-0.477511,-2.853341,-0.305705,-1.330409,2.067399,7.523035,0.859997,-0.067759,0.203203,0.463156,-0.128772,0.145800,-0.304370,8.228755,2.004393,-0.123291,0.658309,0.404824,-0.506543,0.382299,-0.091524,-0.363967,-0.574686,9.105220,2.106932,-1.725463,0.632057,0.441309,-0.491405,0.405295
-0.216803,-2.813798,-0.185714,1.483550,1.713261,5.321638,0.866250,-0.055564,0.176583,0.464040,-0.164956,0.167084,-0.426757,8.780513,2.251586,0.479126,0.661145,0.406521,-0.504503,0.378281,-0.196883,-0.158571,-0.280957,9.039302,1.611327,-2.260741,0.632444,0.442888,-0.492787,0.401270
-0.044724,-2.229931,-0.188441,2.057827,1.196411,4.460221,0.870994,-0.044660,0.155536,0.463870,-0.207525,0.046826,-0.322462,8.763423,2.494505,0.493774,0.663203,0.407903,-0.503729,0.374201,-0.126644,-0.018092,-0.122387,8.159175,1.616820,-1.428832,0.632613,0.443600,-0.493632,0.399174
0.080176,-1.466349,-0.218166,1.914258,1.301695,5.111069,0.874376,-0.036177,0.141651,0.462692,-0.255416,-0.081946,-0.307563,7.959590,3.018797,0.503540,0.665027,0.409461,-0.503663,0.369317,-0.060661,-0.124515,-0.005321,8.601069,1.597899,-0.316162,0.631513,0.444546,-0.495381,0.397693
0.201531,-0.812396,-0.111265,1.110270,1.684547,7.207182,0.876200,-0.029358,0.134170,0.461955,-0.246902,-0.295857,-0.030863,9.174799,2.844847,0.311889,0.664355,0.410347,-0.506537,0.365596,-0.102166,-0.130901,-0.018092,10.065912,1.217040,0.389404,0.630347,0.444691,-0.497684,0.396504
0.260436,-0.265072,-0.038452,-0.325424,1.521835,9.370294,0.876912,-0.024442,0.131767,0.461581,-0.175598,-0.282022,-0.024477,10.900262,2.546996,0.440063,0.663143,0.411372,-0.509451,0.362582,-0.136222,-0.211782,-0.041505,10.235590,0.809936,0.732421,0.629024,0.444278,-0.500643,0.395340
0.255527,-0.219530,-0.101175,-1.856830,1.205983,10.585847,0.877825,-0.019857,0.129720,0.460644,-0.092588,-0.259673,-0.200076,11.252435,2.714232,0.515136,0.662396,0.413813,-0.511093,0.358840,-0.152185,-0.296921,-0.073432,10.283197,1.051635,0.883789,0.627525,0.444100,-0.504004,0.393649
0.192804,-0.420788,-0.166352,-2.746960,1.091127,10.509277,0.878923,-0.015156,0.128352,0.459109,0.002128,-0.161763,-0.141543,11.115716,3.223875,0.657959,0.661863,0.416438,-0.511557,0.356116,-0.203268,-0.340554,-0.097909,10.802607,1.663207,1.094970,0.626670,0.443381,-0.507183,0.3917330.090539,-0.614683,-0.185987,-2.660819,1.158126,10.068997,0.880313,-0.010967,0.125096,0.457462,0.103231,-0.090460,-0.184112,11.249383,3.479612,0.617065,0.661484,0.419715,-0.510920,0.353881,-0.214975,-0.301178,-0.053212,10.872186,1.907348,1.620482,0.627216,0.443010,-0.508737,0.389256
0.015817,-0.695132,-0.164715,-2.373680,1.225125,9.667004,0.881693,-0.006392,0.120338,0.456166,0.223489,-0.035120,-0.261801,11.385491,3.424070,0.854492,0.661259,0.423999,-0.509018,0.351930,-0.175598,-0.239452,0.039377,10.770258,1.804808,2.050780,0.627441,0.442006,-0.510291,0.387998
-0.023998,-0.728130,-0.123264,-2.230111,1.100698,9.513863,0.882876,-0.002498,0.115507,0.455164,0.250095,0.056404,-0.176663,10.990594,3.369749,1.558227,0.661866,0.427343,-0.505917,0.351213,-0.094717,-0.221360,-0.031927,10.367426,2.047118,2.378539,0.627752,0.441975,-0.510986,0.386614
-0.024271,-0.713949,-0.040088,-2.067399,0.995414,9.169296,0.883681,0.000254,0.111015,0.454726,0.197947,0.065982,-0.129836,10.256952,2.811278,2.149047,0.662806,0.428969,-0.503091,0.351517,-0.063854,-0.379931,-0.019156,10.039057,2.383421,2.158812,0.627158,0.442947,-0.512465,0.384501
-0.010636,-0.691314,0.014454,-1.789831,0.909273,8.614161,0.884209,0.002829,0.106739,0.454713,0.216039,0.098974,-0.079817,9.807734,1.999511,2.581786,0.663402,0.429680,-0.500632,0.353033,-0.054276,-0.220296,-0.052147,9.921259,2.700804,1.889037,0.627514,0.443815,-0.512659,0.382658
-0.013090,-0.593412,-0.007090,-1.186840,0.823131,8.461020,0.884988,0.006057,0.099589,0.454790,0.274572,0.122387,-0.123451,9.973749,1.634521,2.710570,0.663862,0.430723,-0.497834,0.354848,-0.053212,-0.292664,-0.009578,9.665522,2.594603,1.193237,0.627286,0.445268,-0.513449,0.380276
-0.045269,-0.412334,-0.069813,-0.669990,0.756132,8.422736,0.885828,0.008114,0.093888,0.454334,0.303306,0.164956,-0.028734,9.914545,1.898192,2.258300,0.664099,0.431342,-0.495013,0.357589,-0.062790,-0.225617,0.032991,9.436029,2.178954,0.869750,0.627202,0.446395,-0.514097,0.378213
-0.062450,-0.154625,-0.089994,-0.382852,0.736989,8.709874,0.886497,0.008831,0.090389,0.453725,0.327784,0.186241,-0.097909,10.020136,2.069701,1.701659,0.664401,0.432201,-0.491901,0.360275,-0.073432,-0.088331,0.075561,9.539789,1.646117,0.358276,0.625936,0.446531,-0.516080,0.377448
-0.049906,0.014181,-0.054542,-0.334995,0.851845,8.920443,0.886828,0.009127,0.088519,0.453440,0.315013,0.156442,-0.029799,10.515741,2.263793,1.279907,0.662932,0.434175,-0.490691,0.362253,-0.058533,0.042569,0.086203,9.742426,1.515502,0.316162,0.625081,0.445875,-0.517461,0.377750
-0.024271,0.098447,0.008454,-0.497707,0.918844,9.073584,0.886786,0.009442,0.087564,0.453701,0.253287,0.178791,-0.011707,10.524286,2.373045,1.239013,0.661891,0.435901,-0.489409,0.363816,-0.050019,0.135158,0.084074,9.997553,1.299438,0.191040,0.624602,0.444659,-0.518346,0.378761
-0.006545,0.097084,0.042542,-0.382852,0.870987,9.178867,0.886597,0.009844,0.086620,0.454243,0.235195,0.010642,-0.122387,10.001825,2.254027,0.935058,0.660507,0.438679,-0.488805,0.363804,-0.040441,0.191562,0.088331,10.023798,1.311034,0.428467,0.624343,0.442936,-0.518929,0.380406
-0.001909,0.082630,0.025907,-0.373280,0.813560,9.255438,0.886504,0.010221,0.085518,0.454625,0.272444,0.139414,-0.100038,9.944452,2.035521,0.939331,0.659349,0.440699,-0.487584,0.365099,-0.029799,0.251159,0.184112,10.145258,1.124267,0.689086,0.624323,0.439754,-0.519269,0.383650
-0.013363,0.089994,-0.012545,-0.449851,0.679562,9.284152,0.886601,0.010136,0.084342,0.454659,0.282022,0.196883,0.118130,10.394892,2.187499,1.143188,0.657605,0.441375,-0.486957,0.368251,-0.028734,0.257544,0.226682,10.139154,0.947875,0.990600,0.624691,0.436110,-0.519196,0.387292
-0.036816,0.091902,-0.057269,-0.727418,0.669990,9.217153,0.886913,0.009587,0.083044,0.454301,0.283086,0.223489,-0.017028,10.413813,2.163695,1.332397,0.656488,0.442072,-0.485659,0.371110,-0.019156,0.238388,0.176663,10.260614,0.864868,1.213378,0.625325,0.432872,-0.518726,0.390519
-0.056996,0.126264,-0.096811,-0.880559,0.660419,9.064013,0.887387,0.008480,0.081948,0.453596,0.258608,0.174534,-0.097909,10.203852,1.805419,1.622313,0.656350,0.442282,-0.483654,0.373713,-0.029799,0.230938,0.092588,10.431513,0.977783,1.368407,0.626525,0.430109,-0.517695,0.393009
-0.050724,0.171260,-0.123537,-1.129412,0.679562,9.102298,0.887966,0.006516,0.081385,0.452594,0.243709,0.212846,-0.112809,10.017694,1.523437,1.866454,0.656728,0.442326,-0.481127,0.376250,-0.026606,0.118130,0.124515,10.470575,1.062011,1.319579,0.626986,0.427626,-0.517501,0.395232
-0.046633,0.225802,-0.096811,-1.311267,0.679562,9.169296,0.888336,0.003080,0.082661,0.451672,0.188369,0.189433,-0.068111,9.846796,1.646728,1.902465,0.657196,0.441897,-0.478997,0.378648,-0.011707,0.156442,0.094717,10.352167,1.275024,1.438598,0.628191,0.425664,-0.516264,0.397051
-0.044179,0.244346,-0.064359,-1.282553,0.746561,9.006584,0.888453,0.003079,0.083394,0.451307,0.136222,0.264994,-0.087267,9.979242,1.542358,2.048339,0.658309,0.440921,-0.476496,0.381000,0.000000,0.173470,0.042569,10.105585,1.445922,1.508178,0.629869,0.424409,-0.514328,0.398247
-0.025635,0.273526,-0.040088,-1.282553,0.650848,8.949157,0.888566,0.000336,0.084177,0.450950,0.059597,0.211782,-0.042569,9.848017,1.380004,2.073363,0.659230,0.439400,-0.474960,0.383077,0.001064,0.157506,0.057469,10.098871,1.550902,1.555175,0.631459,0.423359,-0.512446,0.399272
-0.020726,0.344703,-0.023453,-1.292124,0.641276,8.901300,0.888542,-0.001929,0.085245,0.450793,0.001064,0.184112,-0.025542,9.675898,1.290282,1.754149,0.659757,0.437566,-0.474438,0.384911,0.000000,0.123451,0.012771,9.943232,1.580810,1.593627,0.633068,0.422750,-0.510558,0.399787
-0.014726,0.406880,-0.004636,-1.301695,0.660419,8.834301,0.888311,-0.002944,0.087070,0.450893,-0.046826,0.212846,-0.008514,9.649652,1.320190,1.588744,0.660277,0.435427,-0.474284,0.386630,0.002128,0.180920,0.022349,9.861444,1.362914,1.487426,0.634823,0.421530,-0.508484,0.400934
-0.008454,0.471784,0.002182,-1.454836,0.593420,8.834301,0.887927,-0.007120,0.091466,0.450732,-0.114937,0.189433,0.056404,9.940790,1.447753,1.830443,0.660960,0.432427,-0.474589,0.388453,0.011707,0.128772,-0.003193,9.957270,1.288451,1.528930,0.636226,0.420417,-0.506790,0.402020
-0.008999,0.521144,-0.014999,-1.598405,0.564706,8.977871,0.887536,-0.011517,0.096418,0.450381,-0.139414,0.196883,0.100038,10.210566,1.847533,2.385863,0.662591,0.429166,-0.473895,0.390135,0.040441,0.171341,-0.067047,10.121454,1.217651,1.542968,0.637679,0.419275,-0.504827,0.403380
-0.013363,0.553051,-0.006545,-1.694118,0.622134,9.131011,0.886818,-0.013647,0.103159,0.450241,-0.117066,0.113873,0.145800,10.654902,2.391966,2.531737,0.663980,0.426838,-0.473178,0.391195,0.040441,0.174534,-0.054276,10.103754,1.328735,1.762084,0.639417,0.418463,-0.502463,0.404423
-0.016090,0.569686,0.009545,-1.732404,0.736989,9.131011,0.886163,-0.014437,0.107601,0.450467,-0.092588,0.017028,0.142607,10.540766,2.559203,2.442015,0.664905,0.425603,-0.472767,0.391467,0.039377,0.237324,-0.058533,10.129999,1.372069,1.855468,0.641515,0.417461,-0.499635,0.405637
-0.007909,0.599684,0.018544,-1.780260,0.813560,9.245867,0.885424,-0.015326,0.112216,0.450765,-0.098974,-0.088331,0.233067,10.485224,2.537840,2.297362,0.664969,0.424696,-0.473426,0.391546,0.045762,0.223489,-0.046826,10.384516,1.440429,1.721801,0.643610,0.416863,-0.496687,0.406552
-0.016908,0.577595,0.012545,-1.952543,0.736989,9.111869,0.884673,-0.016117,0.116889,0.451024,-0.065982,-0.131965,0.340554,10.405268,2.414549,2.247313,0.664270,0.423633,-0.474699,0.392343,0.045762,0.178791,-0.048955,10.268549,1.372680,1.674193,0.644109,0.415341,-0.495793,0.408407
-0.031361,0.567232,0.003272,-2.038685,0.698704,9.006584,0.884211,-0.019705,0.119972,0.450978,-0.044698,-0.129836,0.396959,10.191034,2.303465,1.817016,0.662183,0.423297,-0.477273,0.393110,0.036184,0.206461,-0.043634,10.194086,1.372680,1.888427,0.645977,0.414325,-0.493237,0.409582
-0.036270,0.576777,-0.016635,-2.143969,0.746561,9.054440,0.883406,-0.020856,0.125748,0.450931,-0.035120,-0.054276,0.247966,10.139765,2.189940,1.618651,0.660686,0.423270,-0.479097,0.393440,0.020220,0.138350,-0.077689,10.466303,1.584472,1.988524,0.647924,0.414445,-0.490674,0.409464
-0.021544,0.578140,-0.031634,-2.574677,0.775275,9.054440,0.882587,-0.024248,0.132586,0.450405,-0.022349,0.003193,0.096845,10.086664,2.236327,1.845092,0.660810,0.423963,-0.478840,0.392796,0.027670,0.004257,-0.102166,10.545038,1.734008,1.998290,0.649207,0.415825,-0.488850,0.408212
-0.008454,0.544597,-0.043361,-2.909672,0.736989,9.016156,0.881841,-0.027652,0.139072,0.449715,-0.017028,0.010642,0.087267,10.151972,2.310790,2.248534,0.661603,0.423562,-0.477934,0.392997,0.059597,-0.134093,-0.109616,10.433954,1.720580,2.102660,0.649773,0.417409,-0.487767,0.406989
0.020453,0.502600,-0.046906,-3.148955,0.622134,8.949157,0.881167,-0.030922,0.145129,0.448907,-0.010642,0.018092,0.113873,10.296015,2.212523,2.271727,0.662285,0.422823,-0.477123,0.393630,0.061725,-0.189433,-0.069175,10.391230,1.499023,2.037963,0.649473,0.417968,-0.487875,0.406765
0.036816,0.474239,-0.038724,-3.330809,0.641276,8.882157,0.880453,-0.033821,0.151055,0.448143,0.004257,0.014899,0.097909,10.396723,2.094725,2.306517,0.662871,0.421920,-0.476367,0.394527,0.011707,-0.152185,-0.009578,9.791864,1.335449,1.850585,0.648804,0.417393,-0.488871,0.407226
0.036270,0.437969,-0.017999,-3.282953,0.669990,8.863015,0.879661,-0.036488,0.156676,0.447559,0.020220,0.003193,0.112809,10.300287,1.976928,2.249144,0.663169,0.420841,-0.475863,0.395786,-0.009578,-0.070239,-0.039377,9.810175,1.353759,1.732787,0.647841,0.416800,-0.490335,0.407606
0.020726,0.403607,-0.016635,-3.311666,0.708275,8.767303,0.878863,-0.038994,0.161988,0.447024,0.039377,-0.007450,0.026606,10.538935,1.945800,2.166747,0.663303,0.419863,-0.475536,0.396991,0.015963,-0.046826,-0.081946,9.810785,1.558837,1.574706,0.647615,0.418735,-0.490367,0.405941
0.011999,0.369792,-0.010363,-3.311666,0.861416,8.690732,0.877998,-0.040659,0.167156,0.446673,0.042569,0.003193,-0.031927,10.328974,1.930541,2.062377,0.662641,0.421237,-0.475808,0.396314,0.039377,-0.021285,-0.094717,9.885248,1.834105,1.590575,0.648014,0.420897,-0.489402,0.404229
-0.006545,0.340612,0.012272,-3.340380,0.928415,8.662018,0.877033,-0.041920,0.171975,0.446623,0.034055,0.020220,0.038312,9.957880,1.979369,1.914672,0.662373,0.422541,-0.475533,0.395704,0.040441,0.036184,0.005321,9.891352,2.016600,1.485595,0.648171,0.422353,-0.488609,0.403418
-0.012272,0.321522,0.035997,-3.302095,0.976272,8.690732,0.875978,-0.042423,0.176393,0.446923,0.042569,0.026606,0.067047,9.987177,2.119750,1.992797,0.662755,0.423501,-0.474394,0.395404,0.020220,0.123451,0.104295,9.840693,2.070311,1.594848,0.648741,0.422773,-0.487396,0.403528
-0.017453,0.322613,0.044179,-3.263810,1.052842,8.824730,0.874980,-0.042137,0.179937,0.447491,0.052147,0.010642,0.084074,10.288080,2.260741,1.810912,0.662056,0.424707,-0.474464,0.395197,0.020220,0.065982,-0.012771,10.050653,1.979979,1.705321,0.649609,0.423933,-0.485937,0.402673
-0.029452,0.288252,0.049633,-3.225525,0.985843,8.882157,0.874218,-0.041703,0.181919,0.448220,0.057469,0.021285,0.088331,10.367426,2.351683,1.989135,0.662022,0.425872,-0.473654,0.394972,0.018092,0.053212,-0.062790,10.166620,1.747436,1.746215,0.650504,0.425434,-0.484482,0.401395
-0.046360,0.252800,0.057814,-3.263810,0.880559,8.930014,0.873712,-0.042088,0.182410,0.448970,0.052147,0.041505,0.032991,10.458979,2.239379,1.973876,0.662009,0.427261,-0.472868,0.394436,0.024477,0.053212,0.027670,10.310053,1.607055,1.788939,0.649906,0.424064,-0.485123,0.403038
-0.061905,0.204803,0.054269,-3.282953,0.756132,8.796016,0.873422,-0.044160,0.182202,0.449420,0.054276,0.020220,0.054276,10.258173,2.178344,1.908568,0.661538,0.428606,-0.472635,0.394045,0.031927,0.042569,0.046826,10.292353,1.585692,1.790160,0.649083,0.422742,-0.485947,0.404756
-0.060814,0.181896,0.056450,-3.321238,0.679562,8.748159,0.873119,-0.046783,0.182188,0.449748,0.065982,0.019156,0.064918,10.076899,2.022704,1.855468,0.660243,0.429271,-0.473446,0.394521,0.036184,0.020220,0.021285,10.115961,1.503295,1.748046,0.648096,0.421835,-0.486927,0.406104
-0.064904,0.148898,0.048269,-3.321238,0.612563,8.776874,0.872929,-0.049123,0.181716,0.450058,0.074496,0.051083,0.060661,10.265497,1.851806,1.984862,0.659507,0.427976,-0.473843,0.396675,0.036184,0.009578,0.036184,10.100702,1.419067,1.735839,0.647011,0.420869,-0.488020,0.407522
-0.068995,0.126264,0.034361,-3.407379,0.507278,8.690732,0.872708,-0.052075,0.181850,0.450101,0.073432,0.055340,0.032991,10.281366,1.737670,2.114257,0.659299,0.426738,-0.473618,0.398619,0.035120,0.004257,0.030863,10.043329,1.333617,1.696166,0.645850,0.420069,-0.489195,0.408778
-0.066268,0.118901,0.021817,-3.426522,0.516850,8.709874,0.872571,-0.054947,0.181816,0.450038,0.065982,0.051083,0.051083,10.086054,1.662597,2.214354,0.659294,0.425465,-0.473181,0.400503,0.026606,0.007450,0.032991,10.109858,1.293945,1.704711,0.644764,0.419121,-0.490358,0.410069
-0.044179,0.111537,0.014454,-3.503092,0.421137,8.623733,0.872370,-0.057760,0.182464,0.449815,0.053212,0.046826,0.040441,10.095819,1.553344,2.358397,0.659408,0.424200,-0.472714,0.402204,0.017028,0.018092,0.050019,10.074457,1.229858,1.724242,0.643867,0.417762,-0.491388,0.411629
-0.036816,0.112628,-0.008454,-3.570091,0.401994,8.642876,0.872222,-0.060546,0.183373,0.449364,0.040441,0.036184,0.026606,10.214228,1.496581,2.578124,0.659673,0.423022,-0.472180,0.403636,0.014899,0.009578,0.044698,10.123285,1.220092,1.777953,0.643262,0.416268,-0.492116,0.413217
-0.017453,0.118901,-0.024816,-3.617948,0.373280,8.556734,0.872076,-0.063155,0.184743,0.448728,0.024477,0.007450,0.032991,10.280146,1.485595,2.463377,0.659694,0.421729,-0.472125,0.405015,0.009578,0.013835,0.060661,10.082392,1.254882,1.846312,0.643404,0.414814,-0.491954,0.414649
0.000545,0.122718,-0.035452,-3.589234,0.411565,8.518449,0.871968,-0.065630,0.186251,0.447958,0.004257,-0.011707,0.053212,10.291132,1.422118,2.346190,0.659358,0.420197,-0.472710,0.406470,0.004257,0.006385,0.050019,10.090326,1.299438,1.872558,0.643981,0.413866,-0.491268,0.415514
0.004363,0.128173,-0.043088,-3.598805,0.382852,8.700303,0.872197,-0.067813,0.186201,0.447208,-0.029799,-0.021285,0.043634,10.184320,1.402587,2.283934,0.659080,0.418516,-0.473547,0.407679,-0.001064,-0.013835,0.025542,10.036005,1.252441,1.843871,0.644235,0.412676,-0.491097,0.416503
0.016090,0.103629,-0.039543,-3.550949,0.354138,8.738588,0.872561,-0.068847,0.185382,0.446678,-0.054276,-0.031927,0.031927,10.206293,1.445922,2.210692,0.658718,0.416782,-0.474724,0.408670,-0.010642,-0.029799,0.026606,10.195917,1.242675,1.801757,0.643006,0.412609,-0.492664,0.416619
0.024544,0.073358,-0.047724,-3.550949,0.440279,8.738588,0.872938,-0.068038,0.184568,0.446404,-0.070239,-0.035120,0.030863,10.252069,1.495971,2.163695,0.658203,0.415036,-0.476221,0.409534,-0.008514,-0.028734,0.014899,10.132441,1.195678,1.746215,0.641815,0.412576,-0.494175,0.416699
0.028362,0.041724,-0.056450,-3.464807,0.440279,8.729017,0.873427,-0.067174,0.183427,0.446048,-0.080882,-0.036184,0.027670,10.375360,1.571044,2.047728,0.657243,0.414482,-0.478164,0.409375,-0.005321,-0.028734,0.027670,10.093378,1.201782,1.704711,0.640711,0.413033,-0.495472,0.416404
0.030543,0.011181,-0.069540,-3.407379,0.535992,8.547162,0.873801,-0.065255,0.183058,0.445751,-0.077689,-0.018092,0.015963,10.288691,1.712035,2.161254,0.658401,0.414503,-0.477356,0.408433,-0.007450,-0.031927,0.042569,10.001825,1.224365,1.792601,0.641347,0.412581,-0.494800,0.416673
0.012272,0.005181,-0.076085,-3.292524,0.564706,8.585447,0.874307,-0.063766,0.182045,0.445390,-0.079817,-0.036184,0.001064,10.299067,1.769408,2.101439,0.658815,0.415491,-0.477379,0.406734,-0.007450,-0.053212,0.085139,10.072016,1.290282,1.950072,0.641700,0.412020,-0.494435,0.417116
0.003000,0.024271,-0.085630,-3.244668,0.593420,8.566305,0.874798,-0.062410,0.181215,0.444956,-0.070239,-0.040441,-0.024477,10.225824,1.794433,2.012938,0.658855,0.416620,-0.477806,0.405009,-0.003193,-0.118130,0.152185,10.265497,1.419677,1.997069,0.641524,0.411878,-0.494584,0.417350
0.000000,0.058359,-0.094357,-3.311666,0.622134,8.757730,0.875245,-0.061189,0.180745,0.444438,-0.067047,-0.031927,-0.018092,10.294794,1.844481,1.961669,0.658773,0.417642,-0.478348,0.403445,0.001064,-0.232003,0.143671,10.610956,1.472167,1.820067,0.640238,0.413464,-0.495941,0.416144
0.007363,0.073631,-0.095720,-3.464807,0.612563,8.824730,0.875510,-0.059685,0.181245,0.443917,-0.063854,-0.030863,0.004257,10.346064,1.906737,1.917113,0.658606,0.418583,-0.478942,0.402035,0.006385,-0.284150,0.053212,10.509027,1.438598,1.582030,0.638315,0.415648,-0.498114,0.414325
0.016635,0.046633,-0.073358,-3.474379,0.641276,8.776874,0.875630,-0.057954,0.182060,0.443575,-0.058533,-0.022349,0.004257,10.305170,1.956176,1.917113,0.658692,0.419616,-0.479152,0.400566,-0.002128,-0.264994,0.032991,10.147699,1.364135,1.401366,0.636431,0.417668,-0.500325,0.412525
0.022907,0.019908,-0.052633,-3.397808,0.660419,8.690732,0.875833,-0.056020,0.182026,0.443437,-0.051083,-0.021285,-0.004257,10.252680,1.943358,1.901244,0.658768,0.420728,-0.479307,0.399086,-0.013835,-0.219232,0.075561,9.981073,1.325683,1.266479,0.634546,0.419116,-0.502588,0.4112060.022362,0.015544,-0.032180,-3.436093,0.736989,8.690732,0.875770,-0.054105,0.182908,0.443436,-0.042569,-0.025542,-0.011707,10.241083,2.011718,1.817626,0.658702,0.421911,-0.479569,0.397629,-0.017028,-0.142607,0.050019,9.966425,1.379394,1.243896,0.633379,0.420528,-0.503992,0.409843
0.016635,-0.011454,-0.004636,-3.483950,0.765703,8.719446,0.875553,-0.052304,0.183976,0.443640,-0.031927,-0.018092,0.001064,10.272821,2.005614,1.803588,0.658485,0.423027,-0.479909,0.396390,-0.014899,-0.065982,0.034055,9.947504,1.477660,1.340331,0.633399,0.421850,-0.503954,0.408497
0.017726,-0.035725,0.000545,-3.531806,0.583849,8.681161,0.875607,-0.053865,0.184196,0.443255,-0.020220,-0.012771,0.010642,10.257563,1.948241,1.818847,0.658060,0.424057,-0.480402,0.395398,-0.007450,0.002128,0.044698,9.986567,1.576537,1.437377,0.634113,0.422559,-0.503047,0.407774
0.017181,-0.031634,0.017999,-3.493521,0.488136,8.652447,0.875756,-0.055441,0.183513,0.443049,-0.006385,-0.024477,-0.010642,10.264887,1.940307,1.848754,0.657758,0.425421,-0.480617,0.394171,0.004257,0.044698,0.015963,10.015863,1.524657,1.431274,0.635097,0.423328,-0.501709,0.407094
0.013635,-0.006818,0.049360,-3.436093,0.574277,8.690732,0.875917,-0.055861,0.181779,0.443393,0.013835,-0.008514,0.000000,10.400385,1.994017,1.809691,0.657199,0.426666,-0.480965,0.393332,0.025542,0.051083,-0.017028,10.054926,1.419677,1.470336,0.636354,0.423847,-0.499936,0.406770
0.004909,-0.004091,0.087812,-3.436093,0.717847,8.690732,0.875339,-0.053812,0.182528,0.444479,0.040441,0.022349,-0.006385,10.338739,2.042235,1.773070,0.656969,0.428161,-0.480618,0.392514,0.044698,0.053212,-0.025542,10.215448,1.413573,1.566772,0.637454,0.423619,-0.498292,0.407302
0.001909,0.004091,0.111265,-3.416951,0.832702,8.652447,0.874622,-0.051812,0.183413,0.445761,0.056404,0.032991,-0.032991,10.159296,2.056884,1.846923,0.657973,0.429206,-0.478752,0.391972,0.050019,0.063854,-0.003193,10.344843,1.453857,1.619872,0.638519,0.423343,-0.496608,0.407977
0.003545,0.000273,0.112901,-3.474379,0.784846,8.690732,0.873809,-0.050185,0.184832,0.446954,0.065982,0.015963,-0.035120,10.180048,2.032470,1.881102,0.658893,0.429563,-0.477069,0.392086,0.045762,0.045762,0.005321,10.286860,1.476440,1.581420,0.639532,0.424061,-0.494887,0.407736
0.004636,0.005181,0.106629,-3.455236,0.746561,8.671589,0.872979,-0.048897,0.186526,0.448014,0.067047,0.021285,-0.026606,10.250238,2.015380,1.918334,0.659374,0.429019,-0.476069,0.393089,0.039377,0.025542,-0.011707,10.200190,1.393432,1.491698,0.638525,0.424377,-0.495689,0.408012
-0.001091,0.009272,0.100902,-3.416951,0.775275,8.681161,0.872735,-0.047598,0.185203,0.449176,0.068111,0.042569,-0.009578,10.383295,2.017821,2.002562,0.659832,0.428267,-0.475067,0.394350,0.034055,0.034055,-0.018092,10.131220,1.347656,1.427001,0.637609,0.424660,-0.496429,0.408251
-0.013363,0.011726,0.095720,-3.416951,0.727418,8.642876,0.872494,-0.049406,0.184550,0.449717,0.063854,0.039377,-0.011707,10.294794,1.984252,2.116088,0.660433,0.427652,-0.473902,0.395411,0.027670,0.047890,0.007450,10.054316,1.309814,1.401366,0.636659,0.424585,-0.497260,0.408799
-0.019908,0.020453,0.087539,-3.445665,0.669990,8.642876,0.872175,-0.051457,0.184457,0.450145,0.061725,0.036184,-0.014899,10.157465,1.911620,2.158202,0.660952,0.426952,-0.472877,0.396526,0.012771,0.087267,0.026606,10.061640,1.268920,1.410522,0.635876,0.423844,-0.498041,0.409836
-0.020453,0.027816,0.072540,-3.483950,0.612563,8.547162,0.871763,-0.053488,0.185143,0.450425,0.059597,0.040441,-0.004257,10.180658,1.860350,2.319335,0.661462,0.426179,-0.471868,0.397708,0.004257,0.110680,0.023413,10.095819,1.189574,1.395263,0.635267,0.422843,-0.498699,0.411013
-0.015817,0.045269,0.058905,-3.445665,0.507278,8.623733,0.871654,-0.055421,0.184532,0.450652,0.054276,0.026606,0.023413,10.263666,1.784057,2.308959,0.661607,0.425115,-0.471384,0.399176,-0.007450,0.136222,0.026606,10.099482,1.144409,1.417235,0.634852,0.421479,-0.499241,0.412394
-0.011999,0.046906,0.037906,-3.464807,0.526421,8.662018,0.871647,-0.057325,0.183875,0.450695,0.044698,0.012771,0.030863,10.277704,1.682128,2.185057,0.661170,0.423855,-0.471740,0.400817,-0.021285,0.154314,0.037248,10.104364,1.075439,1.507568,0.634877,0.419335,-0.499446,0.414289
-0.007636,0.042542,0.020998,-3.445665,0.468993,8.671589,0.871765,-0.059007,0.182947,0.450628,0.036184,0.020220,0.023413,10.252069,1.624755,2.291259,0.661090,0.422571,-0.471720,0.402325,-0.028734,0.171341,0.039377,10.155024,1.008300,1.641234,0.635503,0.416895,-0.499017,0.416303
-0.004636,0.045269,0.009817,-3.522235,0.488136,8.700303,0.871776,-0.061149,0.182906,0.450338,0.021285,0.026606,0.008514,10.214228,1.555175,2.261962,0.661010,0.421204,-0.471846,0.403740,-0.038312,0.173470,0.026606,10.202631,1.005248,1.722411,0.636414,0.414469,-0.498337,0.418143
-0.001091,0.044179,-0.006818,-3.598805,0.468993,8.642876,0.871614,-0.063076,0.184108,0.449895,0.009578,0.018092,0.018092,10.202021,1.572265,2.346800,0.661136,0.419803,-0.471807,0.405035,-0.045762,0.155378,0.027670,10.288080,1.036987,1.823119,0.637556,0.412194,-0.497436,0.419722
0.001091,0.047997,-0.023453,-3.646662,0.478565,8.633304,0.871428,-0.064721,0.185747,0.449348,0.000000,0.007450,0.029799,10.288080,1.569213,2.290038,0.660956,0.418265,-0.472243,0.406410,-0.053212,0.134093,0.032991,10.281366,1.059570,1.881713,0.638790,0.410082,-0.496473,0.421054
0.009545,0.047178,-0.030816,-3.637090,0.459422,8.652447,0.871407,-0.066703,0.186817,0.448656,-0.015963,0.001064,0.035120,10.250849,1.577147,2.287596,0.660845,0.416625,-0.472734,0.407703,-0.056404,0.111744,0.025542,10.228876,1.116943,1.920775,0.640274,0.408502,-0.495201,0.421831
0.016908,0.037361,-0.043906,-3.560520,0.497707,8.575876,0.871659,-0.065091,0.186389,0.448581,-0.025542,-0.012771,0.026606,10.199579,1.624145,2.261351,0.660856,0.415041,-0.473169,0.408795,-0.056404,0.061725,0.015963,10.233759,1.189574,1.950072,0.641756,0.407789,-0.493892,0.421806
0.019362,0.035997,-0.040633,-3.579663,0.516850,8.623733,0.871685,-0.063219,0.186992,0.448547,-0.030863,-0.017028,0.027670,10.148920,1.674804,2.153319,0.659792,0.414786,-0.474769,0.408919,-0.048955,0.061725,0.002128,10.198969,1.247558,1.943358,0.643263,0.407769,-0.492426,0.421242
0.023180,0.035725,-0.045815,-3.589234,0.555135,8.595019,0.871463,-0.062759,0.189176,0.448127,-0.032991,-0.021285,0.024477,10.213617,1.734008,2.092284,0.659319,0.415700,-0.475461,0.407946,-0.042569,0.017028,-0.001064,10.176386,1.287841,1.909179,0.644264,0.408573,-0.491466,0.420053
0.028089,0.021271,-0.045542,-3.589234,0.622134,8.671589,0.871656,-0.060804,0.189097,0.448054,-0.034055,-0.022349,0.025542,10.280146,1.810912,2.028807,0.658933,0.416673,-0.476043,0.406898,-0.034055,0.018092,-0.010642,10.144037,1.317748,1.895751,0.645163,0.409570,-0.490543,0.418779
0.031634,0.016090,-0.029452,-3.541378,0.641276,8.642876,0.871875,-0.058928,0.188576,0.448098,-0.032991,-0.026606,0.020220,10.267328,1.850585,1.997069,0.658644,0.417752,-0.476490,0.405735,-0.025542,0.006385,-0.005321,10.108027,1.370238,1.887206,0.645914,0.410664,-0.489714,0.417518
0.027543,0.006000,-0.023180,-3.541378,0.650848,8.671589,0.872117,-0.057136,0.187778,0.448195,-0.025542,-0.024477,0.011707,10.260614,1.887206,1.975707,0.658460,0.418950,-0.476734,0.404509,-0.015963,0.001064,-0.005321,10.085443,1.351318,1.840819,0.646073,0.411944,-0.489500,0.416261
0.031634,-0.000545,-0.018817,-3.617948,0.593420,8.681161,0.872172,-0.058723,0.188473,0.447590,-0.014899,-0.026606,0.008514,10.279535,1.923827,1.972655,0.658350,0.420273,-0.476784,0.403255,-0.005321,0.013835,-0.015963,10.091547,1.383666,1.850585,0.646569,0.413288,-0.488778,0.415004
0.025907,-0.006272,0.004091,-3.637090,0.555135,8.671589,0.872194,-0.060378,0.188795,0.447191,-0.005321,-0.014899,0.007450,10.282587,1.917724,1.973876,0.658280,0.421619,-0.476685,0.402079,0.005321,0.004257,-0.014899,10.098261,1.354980,1.845702,0.646344,0.414597,-0.488851,0.413963
0.027816,-0.001636,0.012817,-3.531806,0.622134,8.671589,0.872364,-0.058749,0.187642,0.447562,0.001064,-0.011707,-0.007450,10.252680,1.909789,1.994628,0.658595,0.423047,-0.476060,0.400802,0.011707,0.003193,-0.004257,10.129999,1.312255,1.856078,0.645758,0.413416,-0.489621,0.415147
0.026725,-0.002182,0.020453,-3.483950,0.622134,8.671589,0.872562,-0.057470,0.186209,0.447941,0.015963,-0.011707,-0.018092,10.267939,1.917724,1.999511,0.659009,0.424574,-0.475188,0.399541,0.017028,-0.001064,-0.009578,10.133051,1.285400,1.823729,0.644688,0.413346,-0.490796,0.415492
0.028362,-0.011454,0.014726,-3.464807,0.631705,8.633304,0.872769,-0.055962,0.184820,0.448303,0.023413,-0.004257,-0.020220,10.287470,1.915282,1.994017,0.658124,0.425433,-0.475966,0.399159,0.021285,0.001064,-0.020220,10.196527,1.256713,1.815795,0.643672,0.413057,-0.491908,0.416039
0.031634,-0.009817,0.025635,-3.483950,0.622134,8.662018,0.873003,-0.056949,0.183514,0.448259,0.028734,0.000000,-0.026606,10.247797,1.875609,2.011107,0.658527,0.424595,-0.475437,0.400015,0.018092,0.005321,-0.017028,10.163568,1.217040,1.845092,0.643547,0.411869,-0.492074,0.417212
0.029452,-0.011454,0.014454,-3.531806,0.679562,8.671589,0.872621,-0.055737,0.185234,0.448449,0.029799,0.003193,-0.037248,10.263666,1.855468,2.070922,0.659044,0.423853,-0.474752,0.400764,0.015963,0.011707,-0.007450,10.116571,1.229247,1.823729,0.642593,0.411255,-0.493163,0.418002
0.028634,-0.003545,0.016362,-3.531806,0.669990,8.652447,0.872203,-0.055221,0.187179,0.448517,0.027670,0.005321,-0.029799,10.247797,1.838378,2.101439,0.659523,0.423028,-0.474129,0.401583,0.009578,0.013835,-0.006385,10.137323,1.205444,1.837157,0.643415,0.410588,-0.492167,0.418566
0.026180,0.003272,0.015272,-3.483950,0.669990,8.595019,0.872353,-0.053677,0.186005,0.448902,0.024477,0.005321,-0.024477,10.276484,1.802367,2.122191,0.659736,0.421993,-0.473890,0.402604,0.007450,0.012771,-0.007450,10.124506,1.227416,1.837767,0.643605,0.411984,-0.491707,0.417443
0.026725,0.007636,0.017181,-3.570091,0.669990,8.633304,0.872034,-0.054578,0.187663,0.448723,0.019156,0.001064,-0.021285,10.245966,1.792601,2.147216,0.660077,0.420999,-0.473526,0.403514,0.002128,0.013835,-0.008514,10.126947,1.235351,1.864623,0.644351,0.411106,-0.490894,0.418112
0.025089,0.003272,0.006000,-3.531806,0.631705,8.662018,0.872235,-0.056158,0.187022,0.448404,0.011707,-0.004257,-0.010642,10.232538,1.790770,2.146605,0.660358,0.419910,-0.473301,0.404452,0.002128,0.012771,-0.009578,10.112909,1.239623,1.886596,0.645296,0.410570,-0.489799,0.418465
0.019090,0.003545,0.004636,-3.550949,0.698704,8.595019,0.871850,-0.055303,0.188885,0.448479,0.005321,-0.004257,-0.007450,10.235590,1.795043,2.147826,0.660690,0.418787,-0.473062,0.405353,0.002128,0.007450,-0.004257,10.099482,1.265258,1.856078,0.644918,0.411689,-0.490101,0.417596
0.021817,0.005181,0.003000,-3.541378,0.698704,8.633304,0.871698,-0.053199,0.189362,0.448828,0.002128,-0.009578,-0.002128,10.229486,1.830443,2.124633,0.660732,0.420219,-0.472755,0.404158,0.001064,0.003193,-0.004257,10.116571,1.282958,1.855468,0.644842,0.413012,-0.490020,0.416500
0.022635,0.005727,-0.001091,-3.541378,0.717847,8.690732,0.872067,-0.053097,0.187672,0.448832,-0.005321,-0.011707,0.007450,10.236811,1.830443,2.127074,0.660800,0.418872,-0.472957,0.405207,0.001064,0.001064,-0.006385,10.122065,1.294555,1.853637,0.645831,0.413797,-0.488723,0.415711
0.018271,0.007090,-0.001909,-3.560520,0.689133,8.642876,0.871896,-0.054418,0.189002,0.448448,-0.008514,-0.013835,0.010642,10.230097,1.843261,2.106932,0.660530,0.420115,-0.473143,0.404142,0.002128,-0.001064,-0.005321,10.115961,1.300048,1.823729,0.644839,0.413937,-0.489894,0.415733
0.019362,0.002182,-0.000818,-3.503092,0.669990,8.585447,0.872267,-0.055171,0.187448,0.448288,-0.008514,-0.017028,0.011707,10.230707,1.864013,2.075194,0.660126,0.421302,-0.473505,0.403141,0.004257,-0.004257,-0.003193,10.076899,1.262206,1.838378,0.644343,0.412681,-0.490627,0.416885
0.020453,0.008999,-0.004636,-3.474379,0.669990,8.681161,0.872583,-0.054316,0.185930,0.448408,-0.010642,-0.020220,0.011707,10.277094,1.912841,2.061766,0.660016,0.422611,-0.473498,0.401957,0.005321,-0.004257,-0.002128,10.121454,1.297607,1.833495,0.644467,0.414110,-0.490259,0.415709
0.020998,-0.001364,-0.003272,-3.522235,0.708275,8.671589,0.872256,-0.053181,0.187651,0.448463,-0.006385,-0.018092,0.012771,10.266718,1.901854,2.027587,0.659336,0.423595,-0.474216,0.401192,0.006385,-0.003193,-0.002128,10.134272,1.273193,1.844481,0.644209,0.412806,-0.490689,0.416895
0.017181,0.009545,0.005181,-3.464807,0.689133,8.662018,0.872571,-0.052866,0.185989,0.448581,-0.005321,-0.014899,0.008514,10.267328,1.892699,2.014769,0.658445,0.424248,-0.475245,0.400748,0.005321,0.004257,0.000000,10.115351,1.278075,1.860961,0.645112,0.412397,-0.489601,0.417182
0.018544,0.008454,0.012272,-3.493521,0.641276,8.595019,0.872536,-0.054644,0.186396,0.448267,0.000000,-0.007450,0.004257,10.255121,1.868285,2.036132,0.658891,0.423171,-0.474896,0.401564,0.005321,0.000000,0.001064,10.134272,1.267089,1.862792,0.644056,0.412039,-0.490876,0.417670
0.017453,0.014999,0.016908,-3.464807,0.669990,8.681161,0.872741,-0.053798,0.184929,0.448578,0.003193,-0.009578,0.000000,10.266718,1.864623,2.042845,0.659269,0.422088,-0.474614,0.402415,0.006385,-0.003193,0.000000,10.106195,1.256103,1.864013,0.644952,0.411764,-0.489777,0.417849
0.019908,0.020726,0.011726,-3.436093,0.689133,8.623733,0.872707,-0.051873,0.184601,0.449005,0.007450,-0.003193,-0.002128,10.265497,1.859130,2.035521,0.658546,0.423029,-0.475285,0.401821,0.007450,0.000000,-0.003193,10.132441,1.242065,1.837157,0.643971,0.412065,-0.490869,0.417784
0.018817,0.035997,0.014999,-3.436093,0.669990,8.690732,0.872931,-0.052846,0.183390,0.448953,0.010642,-0.002128,0.000000,10.272821,1.865233,2.041014,0.659317,0.422467,-0.474352,0.402248,0.009578,-0.002128,0.000000,10.153803,1.230468,1.842650,0.642900,0.411636,-0.492134,0.418367
0.025635,0.059723,0.010908,-3.464807,0.689133,8.633304,0.872443,-0.053089,0.185858,0.448858,0.010642,0.001064,-0.003193,10.269159,1.845702,2.069701,0.659440,0.421236,-0.474341,0.403351,0.007450,0.000000,-0.003193,10.122675,1.239013,1.851195,0.643917,0.411872,-0.490821,0.418113
0.029725,0.081267,0.018544,-3.426522,0.698704,8.652447,0.872481,-0.052136,0.185174,0.449178,0.009578,-0.001064,-0.006385,10.226435,1.837767,2.073973,0.660430,0.421344,-0.473028,0.403159,0.007450,0.003193,-0.004257,10.126337,1.254882,1.850585,0.644088,0.413294,-0.490379,0.416964
0.028362,0.103084,0.017181,-3.474379,0.698704,8.556734,0.871937,-0.053118,0.187864,0.449002,0.007450,-0.006385,-0.001064,10.254511,1.831664,2.049559,0.659398,0.421622,-0.474208,0.403171,0.006385,0.006385,-0.004257,10.135492,1.223144,1.858519,0.643769,0.411973,-0.490874,0.418179
0.031361,0.125991,0.015272,-3.550949,0.708275,8.518449,0.871346,-0.054112,0.190791,0.448798,0.003193,-0.008514,0.009578,10.281366,1.818847,2.064208,0.658407,0.420822,-0.475547,0.404049,0.005321,0.004257,-0.005321,10.125727,1.236572,1.862792,0.644214,0.410898,-0.490427,0.419075
0.028089,0.137445,0.003545,-3.646662,0.746561,8.633304,0.870730,-0.054735,0.193924,0.448575,-0.001064,-0.005321,0.009578,10.239252,1.833495,2.090453,0.659355,0.420783,-0.474382,0.403913,0.005321,0.007450,-0.007450,10.111078,1.255492,1.862792,0.644376,0.412303,-0.490018,0.417923
0.025635,0.138536,0.008181,-3.627519,0.756132,8.585447,0.870073,-0.054070,0.196829,0.448664,0.001064,-0.006385,0.006385,10.222773,1.840209,2.069091,0.659701,0.422104,-0.473706,0.402761,0.003193,0.004257,-0.005321,10.119013,1.259765,1.870726,0.644970,0.411347,-0.489395,0.418678
0.026998,0.140990,0.010636,-3.665804,0.717847,8.614161,0.870053,-0.056050,0.197087,0.448347,0.002128,-0.010642,0.006385,10.263056,1.849975,2.061766,0.658605,0.421798,-0.475105,0.403228,0.004257,0.008514,-0.005321,10.132441,1.276855,1.874999,0.644820,0.412633,-0.489379,0.417660