0.19335,0.354247,0.169624,-2.938386,1.196411,8.221739,-0.952625,-0.09376,-0.118497,0.26394,0.09046,0.420372,0.280957,-0.946044,1.196288,9.254145,-0.952154,-0.076161,0.010019,0.295794,0.104295,0.254352,-0.251159,-0.171509,2.821043,8.494868,-0.958441,-0.130098,0.012671,0.25357
0.155716,0.377155,0.156807,-3.148955,1.138984,8.681161,-0.952138,-0.097137,-0.123288,0.262277,0.088331,0.353325,0.162828,-0.947265,0.899047,9.277338,-0.952807,-0.077406,0.005258,0.293482,0.131965,0.356518,-0.243709,-0.285644,3.165281,8.918452,-0.957474,-0.13379,0.0099,0.255416
0.138808,0.33434,0.146444,-3.388237,1.234697,8.786445,-0.951659,-0.100284,-0.127688,0.260719,0.085139,0.378867,-0.051083,-0.741577,0.925292,9.368891,-0.952887,-0.078334,0.000359,0.293021,0.159635,0.255416,-0.117066,-1.09497,3.184202,8.854365,-0.956742,-0.137526,0.006985,0.256269
0.139626,0.266708,0.121082,-3.34038,1.138984,8.700303,-0.951176,-0.102917,-0.131577,0.259524,0.063854,0.401216,-0.096845,-0.742797,0.9729,9.532465,-0.952867,-0.079028,-0.004697,0.292863,0.181984,0.253287,-0.003193,-1.298217,2.852171,8.870845,-0.956299,-0.141043,0.00372,0.256079
0.127627,0.231256,0.109356,-3.101098,0.985843,8.671589,-0.950764,-0.104307,-0.135184,0.258622,0.059597,0.440592,-0.015963,-0.983886,0.902099,9.521479,-0.953002,-0.079932,-0.010279,0.292034,0.188369,0.280957,0.150057,-0.759277,2.476195,9.15832,-0.956458,-0.143154,0.000831,0.254336
0.122718,0.234801,0.112901,-3.148955,0.976272,8.690732,-0.950367,-0.105468,-0.138767,0.257708,0.079817,0.45762,0.02022,-0.919189,1.081542,9.481195,-0.953269,-0.081215,-0.015745,0.290563,0.176663,0.264994,0.218168,-0.568237,2.186278,9.546503,-0.957015,-0.14365,-0.000952,0.251947
0.123809,0.243528,0.102811,-3.072384,1.071985,8.700303,-0.949946,-0.106426,-0.142337,0.256918,0.103231,0.442721,0.014899,-0.798339,1.279296,9.416498,-0.953599,-0.083008,-0.020226,0.28869,0.148993,0.141543,0.158571,-0.717163,2.229613,9.637445,-0.957414,-0.143646,-0.002079,0.250424
0.136354,0.2498,0.099538,-2.986243,1.282553,8.700303,-0.949786,-0.110084,-0.143078,0.255556,0.134093,0.421436,0.006385,-0.947265,1.59851,9.379877,-0.953677,-0.086447,-0.024202,0.287112,0.148993,0.079817,-0.022349,-0.824584,2.473753,9.295649,-0.957183,-0.144468,-0.003203,0.250821
0.15817,0.2558,0.118901,-3.072384,1.339981,8.709874,-0.949429,-0.114332,-0.144816,0.254031,0.141543,0.389509,-0.017028,-1.322021,1.520995,9.390863,-0.953563,-0.089541,-0.028863,0.286108,0.169213,0.05534,-0.103231,-0.897827,2.83264,9.165034,-0.956509,-0.147171,-0.003828,0.25181
0.170988,0.247073,0.1249,-2.995814,1.301695,8.642876,-0.949535,-0.115783,-0.145017,0.252862,0.130901,0.309692,-0.012771,-1.330566,1.132812,9.244989,-0.953563,-0.090936,-0.032944,0.285227,0.192626,0.068111,-0.002128,-0.912475,3.114012,9.073482,-0.956017,-0.150581,-0.004054,0.251658
0.199077,0.250891,0.115355,-2.928815,1.138984,8.595019,-0.949471,-0.1167,-0.146152,0.252025,0.124515,0.316077,-0.037248,-1.119384,1.046142,9.151607,-0.95361,-0.091586,-0.036377,0.284444,0.213911,0.103231,0.094717,-0.748901,3.181761,9.006343,-0.955765,-0.154222,-0.003873,0.25041
0.21953,0.254982,0.08863,-2.947958,1.158126,8.537591,-0.949303,-0.117774,-0.14733,0.251472,0.136222,0.336297,-0.034055,-1.156005,1.229858,9.287714,-0.953701,-0.09276,-0.039712,0.28331,0.251159,0.108552,0.122387,-0.569458,3.172606,9.052119,-0.955589,-0.15788,-0.003031,0.248811
0.217075,0.285798,0.076904,-3.081956,1.320838,8.547162,-0.949055,-0.118874,-0.14885,0.250996,0.152185,0.34694,-0.014899,-1.269531,1.422118,9.338984,-0.953777,-0.094986,-0.04307,0.281824,0.293728,0.098974,0.11813,-0.681762,3.124998,9.008784,-0.955314,-0.161854,-0.002316,0.247317
0.224438,0.303524,0.080176,-3.177669,1.454836,8.614161,-0.948481,-0.12374,-0.150493,0.24983,0.163892,0.345876,-0.045762,-1.363525,1.557006,9.182734,-0.953629,-0.098026,-0.046396,0.280752,0.330976,0.123451,0.052147,-0.875244,3.201292,9.08874,-0.954744,-0.166335,-0.002603,0.24654
0.243528,0.301342,0.090539,-3.235096,1.56012,8.499306,-0.947742,-0.128813,-0.152847,0.248641,0.168149,0.354389,-0.06279,-1.312865,1.540527,9.24682,-0.953531,-0.100607,-0.049237,0.279687,0.361839,0.156442,0.021285,-1.014404,3.154295,9.130244,-0.95407,-0.170783,-0.003871,0.246091
0.259618,0.306523,0.097084,-3.311666,1.56012,8.489735,-0.946791,-0.132916,-0.156656,0.247731,0.178791,0.355454,-0.009578,-1.242675,1.521606,9.301752,-0.953619,-0.102791,-0.051384,0.278201,0.370353,0.142607,0.043634,-1.049804,3.085325,9.102778,-0.953527,-0.17463,-0.005215,0.245472
0.259345,0.314159,0.108538,-3.388237,1.464407,8.451449,-0.946171,-0.13466,-0.159876,0.247098,0.197947,0.363967,0.023413,-1.328735,1.513061,9.220575,-0.95376,-0.105091,-0.053784,0.276401,0.36716,0.109616,0.122387,-1.090698,2.978514,9.078975,-0.9533,-0.177546,-0.006307,0.244229
0.2588,0.319613,0.121628,-3.321238,1.493121,8.46102,-0.945888,-0.136355,-0.161483,0.246208,0.20114,0.37461,-0.001064,-1.491088,1.415404,9.166864,-0.953749,-0.106974,-0.057132,0.275042,0.379931,0.091524,0.1458,-0.985717,3.089598,9.077754,-0.95314,-0.180486,-0.006454,0.242691
0.266163,0.330522,0.134718,-3.302095,1.416551,8.432307,-0.94558,-0.138118,-0.163288,0.245214,0.20114,0.366096,0.004257,-1.741332,1.305541,9.00146,-0.953559,-0.108903,-0.061301,0.274042,0.396959,0.067047,0.164956,-0.933837,3.179319,8.985591,-0.952957,-0.183782,-0.005843,0.240945
0.287707,0.33543,0.132809,-3.388237,1.40698,8.269595,-0.945083,-0.13999,-0.165832,0.244361,0.209654,0.373546,0.004257,-1.856688,1.295165,9.020381,-0.953307,-0.110905,-0.065583,0.273125,0.4225,0.063854,0.142607,-0.919799,3.294065,9.029536,-0.952636,-0.187453,-0.005008,0.239402
0.311432,0.352884,0.123809,-3.416951,1.292124,8.193025,-0.944464,-0.142126,-0.168605,0.243623,0.224553,0.385252,0.00745,-1.78955,1.254272,9.121699,-0.953116,-0.112561,-0.069375,0.272175,0.449106,0.08301,0.11068,-0.913696,3.134764,8.91479,-0.952332,-0.190433,-0.004696,0.238261
0.328613,0.384518,0.108265,-3.455236,1.301695,8.23131,-0.94375,-0.144464,-0.171475,0.243009,0.242645,0.385252,0.015963,-1.856688,1.271972,9.079585,-0.952903,-0.114397,-0.073103,0.271178,0.471455,0.114937,0.079817,-0.966796,3.149412,8.959956,-0.951903,-0.193589,-0.004979,0.237425
0.339521,0.398971,0.086721,-3.656233,1.311267,8.23131,-0.942796,-0.147009,-0.17505,0.242638,0.261801,0.385252,-0.018092,-1.895141,1.309203,8.963618,-0.952563,-0.116418,-0.076758,0.270503,0.498061,0.136222,0.046826,-0.999145,3.122557,8.979487,-0.951351,-0.196906,-0.005551,0.236896
0.360247,0.41397,0.06845,-3.63709,1.378266,8.202596,-0.941809,-0.149662,-0.178349,0.242445,0.273508,0.376738,-0.069175,-2.076415,1.249999,8.997188,-0.951968,-0.118521,-0.080692,0.270535,0.519345,0.144736,0.013835,-1.099853,3.244017,8.922114,-0.950593,-0.200712,-0.006563,0.236719
0.390245,0.43606,0.046088,-3.656233,1.349552,8.154739,-0.940692,-0.152604,-0.181675,0.242481,0.286279,0.372481,-0.085139,-2.009887,1.25122,8.96728,-0.951379,-0.120459,-0.084081,0.270721,0.539566,0.158571,-0.023413,-1.096801,3.223265,8.744502,-0.949713,-0.204637,-0.007651,0.236859
0.414243,0.437423,0.024544,-3.771089,1.426122,8.068598,-0.939392,-0.155768,-0.185263,0.242791,0.31927,0.400151,-0.09046,-1.861571,1.467895,8.877559,-0.95085,-0.123058,-0.086486,0.270654,0.557658,0.197947,-0.04789,-1.235961,3.269651,8.753657,-0.948662,-0.208983,-0.009458,0.237213
0.433878,0.45024,0.010363,-3.78066,1.397408,7.9346,-0.937992,-0.159111,-0.188873,0.243257,0.34694,0.427821,-0.113873,-2.073973,1.654052,8.807368,-0.950079,-0.126869,-0.089679,0.270564,0.588521,0.199011,-0.050019,-1.376952,3.439329,8.784785,-0.947422,-0.213982,-0.011452,0.237621
0.450513,0.484874,-0.024544,-3.85723,1.454836,7.838887,-0.93635,-0.162654,-0.192941,0.244044,0.373546,0.427821,-0.1458,-2.343138,1.513061,8.798823,-0.94897,-0.130398,-0.093999,0.271309,0.615126,0.199011,-0.103231,-1.348266,3.575437,8.615718,-0.945936,-0.219425,-0.013316,0.238481
0.473693,0.518417,-0.032998,-3.991228,1.48355,7.752745,-0.934462,-0.166581,-0.197578,0.24492,0.391638,0.433143,-0.150057,-2.431639,1.421508,8.603511,-0.947749,-0.133932,-0.098423,0.272286,0.649182,0.220296,-0.128772,-1.435546,3.681638,8.553462,-0.944224,-0.225426,-0.015421,0.23954
0.496601,0.54487,-0.025089,-4.182654,1.531407,7.666604,-0.932324,-0.17107,-0.202786,0.245716,0.412922,0.445913,-0.122387,-2.245482,1.46057,8.541255,-0.946734,-0.137226,-0.10183,0.272921,0.685366,0.217103,-0.106423,-1.595458,3.854368,8.609004,-0.942364,-0.232031,-0.017493,0.24041
0.53778,0.568323,-0.024544,-4.345366,1.502693,7.542177,-0.929961,-0.176132,-0.208225,0.246545,0.449106,0.474648,-0.042569,-2.184447,1.757201,8.623042,-0.945939,-0.141773,-0.104034,0.272522,0.725807,0.190498,-0.127708,-1.767577,3.960569,8.516231,-0.940247,-0.23915,-0.0194,0.241574
0.567777,0.609502,-0.021544,-4.393222,1.426122,7.398608,-0.927453,-0.18143,-0.213806,0.247369,0.504446,0.462941,-0.041505,-2.505492,1.705321,8.613887,-0.944841,-0.146488,-0.107532,0.272482,0.760926,0.177727,-0.128772,-1.967162,3.999021,8.314815,-0.937943,-0.246668,-0.021228,0.242813
0.584413,0.641136,0.000273,-4.45065,1.531407,7.111469,-0.924733,-0.187268,-0.219812,0.247939,0.551272,0.442721,-0.04789,-2.459715,1.591186,8.292842,-0.943651,-0.151196,-0.110615,0.272799,0.807752,0.181984,-0.038312,-2.08618,4.087522,8.260493,-0.935685,-0.254584,-0.022796,0.243211
0.60132,0.683405,0.073086,-4.383651,1.70369,6.996614,-0.922036,-0.193372,-0.225892,0.247831,0.566172,0.451235,-0.011707,-2.46704,1.386108,8.11584,-0.942465,-0.155879,-0.113739,0.272978,0.862028,0.140479,0.052147,-2.113646,4.264524,8.038936,-0.933376,-0.263217,-0.023498,0.242829
0.608138,0.752401,0.10881,-4.546363,1.674976,6.920043,-0.919181,-0.199754,-0.232471,0.247292,0.577878,0.489547,0.094717,-2.355345,1.45996,8.075557,-0.941505,-0.16092,-0.116413,0.272236,0.913111,0.120258,0.064918,-2.13806,4.256589,7.843013,-0.930869,-0.272094,-0.024156,0.242601
0.626955,0.776126,0.134445,-5.005785,1.655833,6.958328,-0.916101,-0.206689,-0.239337,0.246473,0.60342,0.527859,0.177727,-2.270507,1.710814,7.996211,-0.940727,-0.166667,-0.118534,0.270546,0.973773,0.134093,0.028734,-2.160643,4.169919,7.954707,-0.928263,-0.2807,-0.024687,0.24273
0.640863,0.790852,0.169351,-5.321638,1.588834,6.987042,-0.912962,-0.213774,-0.246147,0.245364,0.65876,0.620448,0.19369,-2.509154,1.813964,8.173823,-0.939707,-0.173026,-0.121723,0.268677,1.031241,0.139414,0.02022,-2.170409,4.17114,8.04687,-0.925521,-0.289452,-0.024843,0.242903
0.655317,0.762491,0.221166,-5.18764,1.588834,6.623333,-0.909913,-0.220957,-0.252463,0.243908,0.720485,0.647053,0.296921,-2.741698,1.919555,8.221431,-0.938702,-0.180052,-0.125267,0.265932,1.079132,0.120258,0.086203,-2.434691,4.434202,7.760616,-0.922496,-0.299204,-0.024907,0.242589
0.667861,0.765763,0.264254,-5.053641,1.646262,6.077769,-0.906745,-0.228585,-0.258783,0.242042,0.794982,0.555529,0.404408,-2.313231,1.976928,8.06457,-0.938007,-0.188121,-0.126486,0.262193,1.103609,0.117066,0.229874,-2.523802,4.463499,7.21313,-0.91951,-0.309566,-0.024523,0.240958
0.670316,0.815123,0.368428,-4.661219,1.818545,5.56092,-0.903528,-0.236779,-0.265333,0.239089,0.866285,0.470391,0.332041,-2.506712,1.705932,7.633052,-0.936931,-0.196107,-0.127759,0.259559,1.139793,0.069175,0.322462,-2.492064,4.656369,6.943966,-0.916445,-0.320375,-0.023306,0.238615
0.660771,0.8893,0.431424,-4.421936,2.0004,5.216353,-0.900057,-0.245602,-0.272443,0.23525,0.951424,0.357582,0.537437,-1.59851,2.06848,6.831051,-0.936366,-0.205839,-0.125953,0.254903,1.203647,0.0,0.366096,-2.487792,4.720456,6.806637,-0.913204,-0.331423,-0.021153,0.236137
0.643045,0.956931,0.440696,-4.622933,2.019542,5.541777,-0.89688,-0.253175,-0.279212,0.231387,1.052526,0.52041,0.360775,-2.32849,3.228758,6.317745,-0.934228,-0.219151,-0.126586,0.251312,1.288785,-0.022349,0.309692,-2.337645,5.107419,6.623531,-0.909243,-0.34362,-0.018679,0.234189
0.661862,0.935933,0.527417,-4.460221,2.07697,5.101498,-0.893698,-0.261172,-0.285688,0.226864,1.119573,0.611934,0.389509,-2.321776,3.916013,6.084591,-0.931691,-0.233325,-0.127905,0.247273,1.401594,0.008514,0.399087,-1.850585,5.539547,6.443478,-0.904665,-0.357895,-0.014675,0.230801
0.69295,0.978475,0.746674,-3.512664,2.067399,4.431508,-0.891339,-0.271308,-0.289388,0.219436,1.200454,0.562979,0.746027,-2.552489,4.407957,6.004635,-0.929633,-0.248555,-0.127897,0.240077,1.484604,-0.011707,0.656631,-1.386108,5.032346,6.057126,-0.901346,-0.370046,-0.007825,0.22488
0.714494,1.101466,0.974657,-2.986243,2.038685,3.828516,-0.888837,-0.282929,-0.29334,0.209434,1.301556,0.356518,1.213225,-1.635741,3.928221,6.736446,-0.928905,-0.263611,-0.123231,0.229023,1.606991,-0.022349,0.78966,-1.692504,4.98718,5.768429,-0.897189,-0.383713,-0.002684,0.218634
0.724584,1.216004,1.17237,-2.871387,2.191826,3.158526,-0.885607,-0.296737,-0.298138,0.196855,1.691065,-0.140479,1.297299,0.461426,4.753415,3.911131,-0.927371,-0.281645,-0.113061,0.218788,1.737892,0.002128,1.129151,-2.301634,5.228269,5.622555,-0.892642,-0.399228,0.003583,0.209249
0.74831,1.344722,1.354539,-1.78026,2.555535,2.708675,-0.88216,-0.311012,-0.30303,0.18229,1.923068,0.038312,1.548458,1.450194,4.565427,3.352049,-0.925053,-0.302111,-0.103133,0.205821,1.943288,-0.014899,1.079132,-1.988524,5.181272,5.604855,-0.887094,-0.415721,0.010494,0.200304
0.787034,1.532345,1.707696,-0.976272,2.718246,2.67039,-0.878344,-0.326515,-0.308163,0.164091,1.930518,0.112809,2.069932,1.487426,3.843382,2.765501,-0.92303,-0.322978,-0.092184,0.187605,2.237017,-0.126644,0.871606,-1.121826,5.070798,5.780026,-0.879916,-0.433707,0.019533,0.19302
0.871301,1.82496,2.257747,-0.267996,2.699104,3.235096,-0.873735,-0.344152,-0.313739,0.14038,1.922004,0.241581,2.423257,1.644897,3.42346,1.525878,-0.920617,-0.34418,-0.081322,0.165474,2.659517,-0.20114,1.066361,0.203857,5.050046,5.494381,-0.870691,-0.455161,0.032008,0.183556
1.096285,1.896409,2.671717,-0.200997,1.895115,3.455236,-0.867895,-0.364245,-0.318086,0.11356,2.029491,0.399087,2.606305,1.046752,3.417356,2.866209,-0.917154,-0.365966,-0.070834,0.140969,2.995814,0.046826,1.773011,0.358887,4.6405,5.603634,-0.860506,-0.479232,0.045721,0.166634
1.614157,1.774509,2.887975,-0.602991,0.047856,4.010371,-0.859705,-0.388243,-0.320244,0.08723,2.318962,0.100038,2.234888,1.534423,2.620848,3.558347,-0.911633,-0.388361,-0.058569,0.121083,3.343818,0.113873,2.084831,0.845336,2.645262,4.77905,-0.848058,-0.505662,0.060656,0.146343
2.098213,1.337904,3.2954,-0.803988,-0.784846,2.986243,-0.850038,-0.416592,-0.31654,0.060666,2.5648,-0.183048,1.999693,0.664062,-0.009155,3.222044,-0.904331,-0.411222,-0.045439,0.10492,3.621583,0.387381,2.292356,0.256348,0.620117,4.48303,-0.833248,-0.533986,0.074171,0.122665
2.263474,1.293725,2.903246,-1.349552,-0.612563,2.555535,-0.838229,-0.444354,-0.31378,0.038152,2.825537,0.081946,0.570429,-0.133667,-3.587644,2.496336,-0.893427,-0.435812,-0.040978,0.100842,3.703529,0.642796,2.353018,0.291138,-1.108398,4.158323,-0.816663,-0.562426,0.085791,0.096796
2.379102,1.670062,1.797689,-4.086941,-1.837688,1.464407,-0.822784,-0.469293,-0.319694,0.024018,2.607369,-0.305435,0.660888,2.714842,-2.774046,5.288693,-0.883117,-0.457837,-0.03222,0.097173,3.634354,0.768376,1.817709,0.963134,-1.151733,3.616331,-0.798575,-0.589951,0.09329,0.074325
2.278745,1.748602,1.131191,-1.196411,-0.736989,-0.277567,-0.806135,-0.491296,-0.329466,0.014782,2.484982,-0.122387,-0.321398,-2.647093,1.929931,6.76086,-0.871775,-0.478228,-0.030745,0.101746,3.319341,0.650246,1.014213,1.525878,-0.025635,3.039549,-0.780505,-0.614781,0.096799,0.058965
1.581977,1.429261,0.317704,0.66999,5.570491,3.426522,-0.793984,-0.505339,-0.337819,0.009561,2.238081,-0.280957,-1.031241,-9.061275,2.669676,3.433226,-0.859787,-0.496766,-0.032603,0.113654,2.665902,0.109616,-0.627897,4.035642,-1.569823,2.349242,-0.76398,-0.635477,0.094306,0.060008
1.262637,0.243801,-0.818396,-3.282953,11.485549,6.728617,-0.787272,-0.512382,-0.342521,0.018417,1.76769,0.363967,-1.05359,-4.439085,3.596189,1.04248,-0.849025,-0.512382,-0.040603,0.122328,2.247659,0.685366,-2.00395,9.199823,-4.165647,-0.790405,-0.74883,-0.654555,0.078607,0.067996
0.904844,-0.637318,-1.030835,-8.374879,19.975283,3.684947,-0.784202,-0.517011,-0.34163,0.031734,1.388823,0.622576,-0.782211,1.139526,13.498528,-0.76477,-0.839886,-0.525842,-0.04752,0.125757,2.042262,1.333483,-2.210411,1.318359,1.482543,-1.383666,-0.733712,-0.673118,0.056559,0.07329
0.898845,-0.622319,-0.26289,-12.672389,21.219551,4.900501,-0.781116,-0.524169,-0.33701,0.038992,1.37286,0.489547,-2.543515,-4.914548,17.036123,-10.420527,-0.827967,-0.537968,-0.06343,0.145017,1.451613,0.698136,-2.155071,-4.924314,18.946522,-0.916748,-0.721741,-0.685981,0.03684,0.084583
1.195005,-2.671445,0.737947,-12.672389,29.125437,-0.277567,-0.783027,-0.536012,-0.311458,0.050458,3.954688,1.333483,-5.000828,-19.999989,19.999378,-0.870971,-0.796067,-0.569032,-0.096721,0.181982,0.783275,-0.084074,-2.803188,-3.991697,19.925526,-1.012573,-0.712784,-0.693106,0.017926,0.105892
2.142937,-1.55307,3.22995,-17.917456,26.914469,1.607977,-0.776411,-0.562553,-0.281261,0.040068,3.483233,3.8472,-3.664152,-11.494134,19.956043,-2.216185,-0.763367,-0.600086,-0.142092,0.192278,0.790725,-0.365032,0.842872,-0.71167,19.999378,-0.621948,-0.707459,-0.698893,0.028186,0.101232
3.054054,-1.098739,5.138359,-17.8696,20.597418,-0.612563,-0.762173,-0.599655,-0.243425,0.015604,3.062861,2.289164,-3.4247,-16.123037,17.137442,1.593627,-0.733317,-0.62256,-0.175359,0.20954,0.65876,-2.313641,9.818608,-5.918576,19.998158,-0.107422,-0.708278,-0.695292,0.111881,0.04886
2.851977,-0.239165,5.86567,-11.41855,18.38645,-3.148955,-0.744069,-0.635061,-0.206503,-0.020202,3.719492,3.790796,-0.061725,-4.69238,14.833365,-6.456295,-0.701532,-0.657925,-0.195269,0.191962,1.367539,0.995057,4.181369,-0.550537,17.719717,-2.183837,-0.700322,-0.701082,0.133758,0.011567
3.591288,-0.088085,7.252116,-5.733203,9.466006,-3.101098,-0.716753,-0.675327,-0.161034,-0.065274,4.81778,3.799309,-1.636789,-10.87951,14.752189,0.283813,-0.657067,-0.694603,-0.224262,0.188383,1.305813,-0.417179,4.858221,0.731811,17.153311,2.539671,-0.691147,-0.702138,0.169951,-0.020631
4.00144,3.790637,7.197574,-1.799403,19.640287,1.904687,-0.676842,-0.709577,-0.140692,-0.136323,6.900483,5.013599,-1.246216,-17.028189,17.805166,4.794919,-0.593975,-0.743038,-0.252246,0.177348,2.148685,-1.788975,4.977415,-0.171509,15.782462,2.586668,-0.671641,-0.707382,0.215542,-0.045193
3.455206,1.344722,6.273095,-2.411965,16.003199,0.545564,-0.641022,-0.737359,-0.110623,-0.182063,3.127779,1.992243,3.274643,-17.471304,19.434193,9.323114,-0.571645,-0.771809,-0.233799,0.151206,2.80106,-3.804631,7.077146,-2.935179,14.258414,-8.948359,-0.637242,-0.711251,0.28821,-0.070515
2.581996,-0.134445,5.506241,4.383651,18.970299,-3.311666,-0.609954,-0.759505,-0.072796,-0.214015,2.961759,1.186619,4.79011,-13.64135,19.771107,4.094236,-0.553266,-0.799765,-0.198623,0.121708,2.07206,-1.017406,5.179619,0.3479,9.166864,-16.71874,-0.613587,-0.710295,0.329656,-0.101542
0.493056,-0.832849,4.590488,7.599605,28.656445,-12.08854,-0.595226,-0.767753,-0.033941,-0.234738,2.611626,1.31007,6.878134,-9.808954,19.341419,0.548706,-0.537667,-0.826528,-0.147042,0.078332,1.251537,-1.339869,3.731199,3.19824,7.462764,-19.999989,-0.594532,-0.707516,0.363165,-0.118557
-0.83394,-1.154372,3.82418,7.436893,26.349764,-13.686946,-0.591544,-0.767147,0.003975,-0.248069,2.725499,0.65131,6.621654,-6.015011,17.642813,-5.454709,-0.519182,-0.848543,-0.093273,0.041431,0.054276,0.294792,3.550279,9.071651,6.229245,-19.696644,-0.589153,-0.69504,0.386901,-0.141839
-1.642246,-0.43006,3.669009,10.049855,18.845871,-10.451849,-0.593335,-0.758721,0.03895,-0.266028,1.305813,-0.79711,6.149135,-9.075313,14.84191,-11.395867,-0.509612,-0.85938,-0.037344,0.01895,-0.752412,1.419686,2.560543,7.207027,4.265134,-15.248405,-0.594498,-0.679264,0.397943,-0.163723
-1.969222,0.451059,3.126321,10.82513,8.52802,-8.432307,-0.598368,-0.74496,0.066018,-0.287446,0.253287,-0.873735,7.676309,-9.025874,13.061516,-13.101799,-0.506805,-0.861386,0.032132,-0.011105,-0.74177,2.679737,2.130593,6.365963,5.80444,-11.298211,-0.605006,-0.662546,0.39805,-0.191179
-2.313652,0.930751,2.416463,8.049456,4.766503,-4.881358,-0.607586,-0.727155,0.086067,-0.307684,0.203268,-1.218546,7.983871,-6.779171,9.342646,-14.257804,-0.500946,-0.858028,0.106055,-0.039834,-0.799239,3.548151,2.543515,10.473017,-0.177002,-2.9541,-0.618215,-0.639716,0.39571,-0.22799
-2.290745,0.991292,1.973313,5.292923,-0.736989,-1.40698,-0.617815,-0.708264,0.102643,-0.325764,0.305435,-0.22136,6.781289,-3.972166,2.358397,-12.241815,-0.492752,-0.851487,0.164564,-0.071246,-0.786468,3.137357,3.464077,15.387565,-6.630856,3.450926,-0.62697,-0.612527,0.400416,-0.267166
-2.105031,0.772581,1.469894,3.723232,-6.020342,3.158526,-0.628479,-0.690581,0.115657,-0.338714,0.70665,-0.412922,5.263693,-1.855468,-1.871337,-4.32678,-0.48024,-0.84624,0.210635,-0.094188,-0.489547,1.646368,3.302313,14.934073,-7.972407,7.747188,-0.627372,-0.590587,0.41175,-0.296758
-2.058398,0.000273,0.980657,4.948357,-3.866802,5.197211,-0.639356,-0.675725,0.129881,-0.343135,0.953552,-0.389509,3.842943,-0.498657,-4.837644,0.527954,-0.467018,-0.842525,0.244156,-0.111468,0.046826,0.862028,2.056097,10.900872,-5.176389,5.618893,-0.624454,-0.578831,0.418625,-0.315843
-1.412899,-0.637863,1.430897,3.053242,-2.603391,3.330809,-0.643164,-0.666243,0.148967,-0.346785,0.986543,-0.26393,2.074189,2.441405,-5.563351,2.727049,-0.455524,-0.842039,0.261969,-0.121791,-0.113873,-0.042569,1.410108,8.305049,0.793457,0.78186,-0.620178,-0.571274,0.428126,-0.325153
-0.545961,-1.206459,2.049944,1.837688,-2.737389,3.85723,-0.637941,-0.663023,0.17258,-0.351625,0.639604,-0.267122,1.462255,7.256465,-3.927,1.791381,-0.44754,-0.841103,0.275096,-0.128715,-0.387381,-0.086203,1.416493,6.633907,1.172485,0.315552,-0.61701,-0.561992,0.43879,-0.333043
-0.070359,-1.628338,2.223113,-0.421137,0.248854,-0.488136,-0.627189,-0.665373,0.197232,-0.353559,0.410794,1.130215,2.171034,3.574827,-4.03198,0.964355,-0.444046,-0.835102,0.288071,-0.149778,-0.380995,0.40228,1.182362,5.034787,1.655272,1.105956,-0.617535,-0.552108,0.443933,-0.341675
0.053996,-1.034108,1.824414,0.363709,0.689133,-2.15354,-0.617116,-0.666979,0.215851,-0.357361,0.469326,1.279207,1.870921,0.227051,-0.552368,-3.503416,-0.439155,-0.830475,0.29768,-0.169802,-0.549144,-0.60342,1.975215,1.636962,-1.374511,1.605834,-0.611149,-0.541027,0.460514,-0.348864
0.063814,-0.961022,0.907571,-0.401994,-1.617548,-5.082355,-0.610045,-0.669974,0.228236,-0.356202,0.476776,0.021285,1.339869,0.559692,0.853271,-2.811278,-0.431423,-0.829321,0.308103,-0.176535,-0.315013,-0.644925,1.177041,2.846678,-2.628783,0.988159,-0.605457,-0.534992,0.472458,-0.352107
0.162806,-0.476693,0.347157,2.622534,0.363709,-2.402394,-0.605288,-0.672703,0.233891,-0.355504,0.748155,-0.870542,0.458684,0.820922,1.843871,-2.78137,-0.420645,-0.833448,0.314193,-0.172324,-0.252223,-0.904598,0.989736,3.524168,-1.500243,-0.014648,-0.598327,-0.531036,0.485034,-0.353184
0.155171,-0.414243,0.815669,3.34038,0.555135,-1.052842,-0.599121,-0.673427,0.24267,-0.358683,1.065297,-0.893955,0.45762,2.062987,2.163695,-4.376829,-0.406662,-0.83866,0.320182,-0.169559,-0.348004,-0.95036,1.514403,3.767088,-0.217285,-1.010131,-0.588875,-0.524674,0.501183,-0.356021
0.099266,-0.063268,1.3919,5.723632,0.870987,0.650848,-0.592877,-0.67009,0.253056,-0.368009,1.237702,-0.060661,0.441656,4.162595,3.634641,-6.851803,-0.393767,-0.842915,0.322436,-0.174553,-0.271379,-0.732192,1.281336,5.186154,-0.842285,-0.919189,-0.580906,-0.518571,0.514337,-0.359279
0.069813,-0.074995,1.827142,9.408579,2.067399,0.29671,-0.584811,-0.665401,0.266603,-0.379674,1.220675,-0.271379,0.383124,6.005246,4.857175,-8.600459,-0.380335,-0.847393,0.325096,-0.177695,-0.117066,-0.756669,0.793917,8.104243,-0.710449,-1.519775,-0.573577,-0.515946,0.524456,-0.360203
0.212712,-0.590958,2.383465,12.739388,4.335794,-1.253839,-0.571537,-0.662094,0.286381,-0.391095,1.335612,-0.274572,1.092967,6.826778,3.696897,-10.797113,-0.36445,-0.849723,0.33358,-0.18402,-0.240517,-0.827973,0.767312,10.059198,-0.562133,-3.255613,-0.56639,-0.513409,0.535196,-0.359403
0.397335,-1.015836,2.67199,16.510477,5.359923,-3.751946,-0.554053,-0.660647,0.309407,-0.401036,1.118508,0.0,2.073125,6.672359,3.732908,-14.454337,-0.34937,-0.847231,0.349481,-0.194921,-0.278829,-0.876927,0.489547,13.541252,-1.105956,-6.033932,-0.56004,-0.512431,0.544804,-0.356301
0.464148,-0.967021,2.676081,19.822144,4.986642,-5.541777,-0.535745,-0.658811,0.331618,-0.411055,0.869478,-0.081946,3.04264,7.17834,3.409422,-16.013784,-0.333957,-0.839949,0.374096,-0.207372,-0.306499,-0.403344,0.325655,15.920401,-2.059325,-9.225458,-0.556922,-0.510548,0.550959,-0.354421
0.110174,-0.620955,2.126029,23.353949,3.464807,-5.331209,-0.522802,-0.654684,0.3497,-0.419249,0.586392,0.522538,1.979472,7.879634,3.078612,-17.372427,-0.32516,-0.833795,0.388126,-0.220014,-0.262865,0.369289,0.203268,18.254385,-1.184692,-10.665888,-0.558292,-0.50694,0.551956,-0.35589
-0.509145,-0.558233,1.247638,21.525833,3.282953,-6.441479,-0.517568,-0.650131,0.364071,-0.420593,0.226682,0.597034,1.809195,8.407588,1.826171,-16.909781,-0.319839,-0.826544,0.401237,-0.231361,0.024477,0.946103,0.625769,17.523184,-0.421753,-10.412592,-0.559894,-0.500607,0.550773,-0.364076
-0.720766,-0.01909,0.521963,20.367706,4.106084,-4.144369,-0.518676,-0.644498,0.371835,-0.421105,-0.085139,1.205775,1.606991,9.537348,0.668335,-15.931997,-0.319825,-0.817241,0.411438,-0.246047,0.237324,1.981601,0.765183,16.220694,0.818481,-7.078243,-0.565565,-0.490843,0.543516,-0.379199
-0.809669,-0.291525,0.360792,16.137196,4.010371,-1.684547,-0.520388,-0.639434,0.380181,-0.419255,-0.337362,0.984415,1.10893,9.169916,0.693969,-14.537955,-0.322123,-0.809469,0.418804,-0.256109,0.478905,2.378559,1.008892,14.097282,3.032835,-3.621214,-0.571483,-0.479848,0.533525,-0.398117
-0.740947,-0.866938,0.462512,9.561719,5.71406,-1.177269,-0.520783,-0.638088,0.389588,-0.412118,-0.478905,1.272822,0.78966,7.448116,2.13684,-12.319329,-0.327761,-0.801834,0.422773,-0.266251,0.645989,2.389202,1.352639,11.182855,6.382442,-1.908568,-0.575966,-0.467907,0.523026,-0.419239
-0.662407,-1.412626,0.707131,5.216353,5.111069,-4.15394,-0.51628,-0.638811,0.40389,-0.402791,-0.590649,2.097602,0.531052,6.239621,4.945676,-8.65356,-0.339881,-0.792644,0.421315,-0.280503,0.57575,2.127401,2.006078,7.050777,6.893917,1.49536,-0.576663,-0.452326,0.516515,-0.442791
-0.688314,-0.827395,0.614138,3.04367,4.814359,0.947558,-0.515848,-0.636203,0.41385,-0.397322,-0.666209,2.755298,0.483162,5.897213,6.923824,-3.417967,-0.356587,-0.780261,0.416775,-0.300548,0.241581,1.819837,2.21786,6.525265,3.352049,4.282835,-0.575834,-0.433924,0.513787,-0.464908
-0.154353,0.198531,0.95884,0.842274,1.311267,-0.794417,-0.513974,-0.631805,0.418978,-0.401376,-0.643861,2.88407,0.79711,4.6405,6.854855,2.316283,-0.372043,-0.765377,0.413971,-0.323113,0.1458,0.867349,2.158263,8.18481,-2.48596,3.907469,-0.569619,-0.418442,0.517157,-0.48268
0.179169,0.803397,0.737674,1.48355,0.344566,-0.334995,-0.51192,-0.626427,0.419918,-0.411324,-0.303306,1.578257,0.682173,0.137939,3.169554,4.629514,-0.379254,-0.756016,0.413931,-0.336539,0.237324,0.184112,1.655946,8.858027,-8.291011,3.271482,-0.560999,-0.40909,0.522322,-0.495072
0.416152,1.131737,0.83094,3.474379,-1.024128,-0.315853,-0.509758,-0.619599,0.418543,-0.425508,0.011707,1.553779,0.229874,0.476074,-1.505736,2.386473,-0.384886,-0.749454,0.409722,-0.349715,0.160699,-0.277765,1.047205,9.338373,-8.995967,2.579955,-0.55302,-0.40468,0.52798,-0.501628
0.563141,1.29618,0.926388,5.398208,-2.641676,-0.086142,-0.506938,-0.612215,0.4161,-0.441656,0.026606,1.217482,0.88757,1.873778,-4.030759,-0.223999,-0.385826,-0.741251,0.412102,-0.363111,-0.096845,-0.468262,0.357582,7.38647,-7.488399,1.674193,-0.548411,-0.403422,0.533205,-0.502175
0.62041,1.098467,0.680133,7.293324,-3.531806,0.22014,-0.503953,-0.606802,0.41276,-0.455459,-0.030863,0.752412,0.842872,5.284421,-4.492185,-1.746825,-0.385145,-0.734445,0.416265,-0.372785,-0.124515,-0.554465,-0.051083,6.437984,-4.868772,0.736084,-0.545328,-0.404639,0.537526,-0.499942
0.562051,0.836667,0.237256,8.690732,-3.732803,0.124427,-0.502125,-0.603998,0.408312,-0.465113,-0.010642,0.479969,0.727935,5.800778,-4.119871,-3.796385,-0.383116,-0.729302,0.420763,-0.379856,-0.042569,-0.52041,-0.581071,7.239986,-4.212644,0.352173,-0.544592,-0.409047,0.539219,-0.495313
0.542416,0.635409,-0.025362,10.978271,-1.942972,0.07657,-0.500791,-0.602967,0.403355,-0.472161,0.003193,0.742834,-0.250095,7.81921,-3.105467,-6.265255,-0.385538,-0.727522,0.41715,-0.384771,0.089396,-0.388445,-0.675788,9.042964,-4.392087,0.049438,-0.544373,-0.414125,0.539224,-0.491312
0.480511,0.405789,-0.070904,13.524234,-1.368695,-0.928415,-0.498807,-0.603037,0.399796,-0.477172,0.029799,1.51121,-0.358646,7.387691,-1.694335,-8.61877,-0.391396,-0.723694,0.409498,-0.394181,0.147928,-0.211782,-0.930139,10.180658,-3.936155,-1.35559,-0.54594,-0.420546,0.537076,-0.486448
0.368974,0.281162,-0.252255,14.959928,-0.488136,-2.057827,-0.497632,-0.604222,0.396425,-0.479706,0.042569,1.889013,-0.906726,9.788202,1.602782,-9.224848,-0.401139,-0.720691,0.395937,-0.403632,0.260737,0.040441,-1.362217,10.534052,-4.308469,-2.817991,-0.550415,-0.428876,0.531125,-0.480632
0.19635,0.397335,-0.432242,15.35235,0.191426,-2.45025,-0.498788,-0.604903,0.39219,-0.481126,0.073432,1.998628,-1.229188,10.637812,2.506102,-7.765499,-0.412309,-0.718335,0.379249,-0.412503,0.280957,0.227746,-1.184491,10.736689,-3.972166,-3.235472,-0.554865,-0.435519,0.524708,-0.476571
0.041724,0.581413,-0.567777,15.170496,0.114855,-0.995414,-0.502415,-0.603921,0.386893,-0.482871,0.074496,2.32854,-0.781147,9.85351,2.304686,-5.910641,-0.422569,-0.712478,0.364297,-0.425548,0.453363,0.914176,-0.191562,12.806999,-3.140257,-2.586058,-0.557406,-0.434659,0.51788,-0.481831
0.004091,0.673861,-0.650953,13.083954,1.359123,-0.765703,-0.506941,-0.602718,0.380842,-0.484452,0.09046,2.996878,-0.645989,11.519769,3.762815,-2.690428,-0.436258,-0.701369,0.345986,-0.445023,0.558722,1.255794,0.032991,14.711295,-3.378294,-0.819091,-0.560079,-0.431131,0.509592,-0.490658
0.054542,0.569141,-0.661316,10.968699,3.101098,0.019143,-0.513175,-0.60276,0.372438,-0.484369,0.266058,4.085588,-0.671531,11.763299,5.562741,-0.55542,-0.452247,-0.685583,0.321147,-0.471492,0.494868,1.17917,-0.428886,14.724113,-3.421019,1.697387,-0.565164,-0.429114,0.499594,-0.496839
0.119719,0.615229,-0.541325,9.035298,3.704089,2.555535,-0.518283,-0.601857,0.364589,-0.486022,0.100038,2.767004,-0.184112,10.987542,5.07446,1.125488,-0.462101,-0.672691,0.306069,-0.490166,0.288407,1.042948,-0.94291,13.65966,-2.044677,3.920286,-0.573884,-0.429071,0.488012,-0.498389
0.094357,0.501782,-0.601866,8.413164,2.191826,4.115655,-0.523086,-0.601289,0.357445,-0.486886,-0.087267,3.063925,-0.571493,12.370599,4.2749,7.50671,-0.475249,-0.65792,0.287977,-0.508271,-0.002128,0.650246,-0.955681,12.218011,-1.351318,5.137326,-0.582184,-0.42948,0.479701,-0.496474
-0.002727,0.198258,-0.77858,7.819745,1.531407,2.545963,-0.528061,-0.602142,0.351493,-0.48479,-0.370353,2.724435,-0.495932,14.639884,1.951293,6.284176,-0.488169,-0.64254,0.273521,-0.523461,-0.087267,0.109616,-1.243023,12.4591,-1.525268,4.364011,-0.589388,-0.433209,0.473951,-0.490218
0.010908,-0.116173,-0.834758,7.838887,2.086541,1.205983,-0.532103,-0.604696,0.346797,-0.480554,0.077689,0.031927,0.025542,19.953602,1.734618,3.395994,-0.487265,-0.641722,0.273858,-0.525127,-0.043634,-0.137286,-1.17917,11.819451,-1.421508,2.998045,-0.594373,-0.43788,0.470267,-0.483552
0.031089,-0.194168,-0.668952,8.537591,3.48395,0.478565,-0.535583,-0.608364,0.342294,-0.475258,0.287343,-0.899276,-0.88012,14.974357,2.512206,1.655883,-0.487084,-0.649273,0.271912,-0.516962,-0.026606,-0.542759,-0.892891,10.331415,0.021973,1.607055,-0.595189,-0.4438,0.470981,-0.476403
0.010363,-0.1309,-0.477784,9.035298,4.15394,0.37328,-0.538364,-0.611199,0.338724,-0.471017,0.297985,-0.973773,-1.692129,10.654291,4.772336,-0.144043,-0.49176,-0.661105,0.263053,-0.501903,-0.001064,-0.551272,-0.625769,9.510492,1.870116,0.90393,-0.595695,-0.450694,0.471182,-0.469043
0.006545,-0.100084,-0.520872,9.236296,4.29751,0.047856,-0.541102,-0.614375,0.334971,-0.46641,0.42995,-1.271758,-2.996878,6.489254,4.43054,-2.075194,-0.500188,-0.678211,0.246861,-0.478428,-0.052147,-0.404408,-0.353325,8.973384,3.027342,-0.110474,-0.59574,-0.455299,0.472013,-0.463672
0.063814,-0.176987,-0.541325,8.997013,3.9338,-0.89013,-0.542189,-0.618428,0.332369,-0.461628,0.050019,-1.122765,-1.687873,5.402219,4.472044,-1.138305,-0.505402,-0.688798,0.239852,-0.461074,0.015963,-0.242645,-0.148993,8.63647,2.756346,-0.898437,-0.594985,-0.458494,0.472822,-0.460659
0.078267,-0.083176,-0.513781,9.178867,4.07737,-0.9667,-0.543304,-0.621999,0.329387,-0.457639,-0.31927,-0.652375,1.049333,6.874386,5.080564,-0.485229,-0.502192,-0.688017,0.250533,-0.460066,0.109616,-0.059597,-0.289471,8.15063,1.972045,-1.076049,-0.595065,-0.461905,0.471749,-0.458243
-0.008181,0.010363,-0.488965,9.293723,4.479364,-0.679562,-0.545437,-0.624634,0.326061,-0.45388,-0.340554,-0.717293,0.640668,9.436029,4.746701,-1.145629,-0.498755,-0.688716,0.260742,-0.457076,0.13835,0.079817,-0.475712,8.171992,1.038818,-0.470581,-0.596225,-0.465406,0.469201,-0.455803
-0.113992,0.140172,-0.482693,8.968299,4.37408,-0.22014,-0.549079,-0.625998,0.322028,-0.450476,-0.262865,-0.863092,-0.799239,8.679194,3.07495,-2.466429,-0.500735,-0.694006,0.261634,-0.446273,0.142607,0.127708,-0.462941,8.657832,0.476074,0.263672,-0.597199,-0.467993,0.466834,-0.454306
-0.164443,0.220621,-0.501509,8.786445,4.393222,0.392423,-0.55423,-0.625648,0.317147,-0.448109,-0.28415,-0.583199,-1.500568,7.9602,3.10974,-2.441405,-0.506636,-0.699689,0.256224,-0.433701,0.136222,0.269251,-0.406537,9.414057,0.316772,0.919189,-0.598632,-0.46876,0.463981,-0.454551
-0.16117,0.238619,-0.481056,8.432307,4.45065,0.698704,-0.559272,-0.624893,0.312401,-0.44623,-0.362903,-0.257544,-0.829037,6.767574,5.113523,-2.088622,-0.511976,-0.702087,0.252812,-0.425479,0.097909,0.399087,-0.503382,9.959711,0.60791,1.386108,-0.601625,-0.468711,0.459727,-0.454972
-0.110719,0.170442,-0.463876,8.489735,4.9675,0.622134,-0.563679,-0.625041,0.307722,-0.443721,-0.310756,-0.053212,-0.258608,7.082516,7.75024,-1.203002,-0.516039,-0.701833,0.251355,-0.421836,0.028734,0.342683,-0.7141,10.084833,1.236572,1.32019,-0.605256,-0.469999,0.455486,-0.453091
-0.072268,0.1309,-0.435514,8.690732,5.292923,0.526421,-0.567499,-0.625704,0.303227,-0.441003,-0.195819,0.159635,0.105359,7.835079,8.63647,-0.909423,-0.51839,-0.70019,0.250845,-0.421988,-0.051083,0.283086,-0.830101,10.118402,1.986693,1.259765,-0.610605,-0.47347,0.449766,-0.447984
-0.034634,0.050996,-0.330249,8.709874,5.493921,0.488136,-0.5703,-0.62671,0.299674,-0.438383,-0.093652,0.270315,0.4374,9.378656,8.234859,-1.149291,-0.518882,-0.697812,0.251629,-0.424847,-0.081946,0.26393,-0.742834,10.487665,2.699584,1.326904,-0.615849,-0.476397,0.444317,-0.443114
-0.005181,0.031907,-0.201804,9.073584,5.379066,0.689133,-0.572431,-0.627156,0.296937,-0.436827,0.043634,0.23626,0.504446,11.126702,7.186275,-0.999145,-0.518248,-0.695433,0.252637,-0.428903,-0.084074,0.174534,-0.617255,10.91491,3.262327,1.405028,-0.620144,-0.479107,0.439926,-0.438561
0.004909,0.041997,-0.118628,9.370294,5.254639,0.89013,-0.574112,-0.626832,0.294946,-0.436434,0.140479,0.039377,0.279893,11.902459,6.469112,-0.989379,-0.516031,-0.694337,0.254466,-0.432257,-0.064918,0.073432,-0.380995,11.160882,3.436277,1.446532,-0.622772,-0.48134,0.437247,-0.435057
0.01309,0.01909,-0.030816,9.293723,5.273781,0.612563,-0.575346,-0.626895,0.293272,-0.435846,0.169213,-0.124515,-0.361839,10.673822,5.997311,-1.734618,-0.515148,-0.697482,0.252389,-0.429457,-0.029799,-0.03512,-0.134093,11.046136,3.322752,1.427611,-0.623556,-0.483196,0.436394,-0.432726
0.025635,-0.000818,0.040361,9.41815,5.04407,0.679562,-0.575946,-0.62616,0.292715,-0.436485,0.19369,-0.104295,-0.869478,9.385981,5.586545,-1.704711,-0.516528,-0.702035,0.246219,-0.423925,-0.008514,-0.096845,0.086203,10.707392,3.116453,1.309203,-0.62282,-0.484488,0.437122,-0.431605
0.035725,-0.056996,0.086448,9.245867,4.661219,0.411565,-0.57412,-0.626109,0.294807,-0.437555,0.17347,0.02767,-0.696008,8.730464,5.645138,-1.271362,-0.518578,-0.705393,0.239622,-0.419608,0.024477,-0.121322,0.192626,10.474237,2.749632,1.106567,-0.620895,-0.485446,0.438967,-0.43143
0.049633,-0.106901,0.103629,8.987442,4.479364,0.287139,-0.571895,-0.626833,0.297048,-0.437916,0.102166,0.129836,0.111744,8.382564,5.771481,-0.918579,-0.518928,-0.704939,0.238112,-0.420797,0.051083,-0.102166,0.217103,10.145258,2.200927,0.928344,-0.618359,-0.485847,0.441358,-0.432179
0.052087,-0.128718,0.117537,8.75773,4.431508,0.229711,-0.569672,-0.628038,0.299097,-0.437693,0.064918,0.076625,0.765183,8.888545,5.552365,-1.001586,-0.515914,-0.702121,0.242917,-0.426427,0.051083,-0.076625,0.23626,9.571527,1.73828,0.817871,-0.6157,-0.485642,0.443947,-0.433553
0.05536,-0.126264,0.139081,8.662018,4.469793,0.172283,-0.567786,-0.62953,0.300552,-0.437003,0.063854,-0.012771,0.765183,9.69665,5.236814,-1.264648,-0.511014,-0.700435,0.249378,-0.431345,0.034055,-0.052147,0.230938,9.271845,1.445922,0.806884,-0.613208,-0.484952,0.446536,-0.435196
0.050996,-0.116446,0.155171,8.767303,4.354937,0.191426,-0.565288,-0.630169,0.303125,-0.437542,0.11068,-0.056404,0.258608,9.857782,4.974973,-1.563109,-0.507708,-0.700818,0.252187,-0.43299,0.011707,-0.026606,0.195819,9.264521,1.30371,0.828247,-0.611086,-0.484003,0.448921,-0.43678
0.043906,-0.104174,0.173169,8.843872,4.07737,0.239282,-0.563173,-0.629625,0.30584,-0.439161,0.157506,-0.040441,-0.211782,9.071651,4.788205,-1.605224,-0.506243,-0.702914,0.2511,-0.431938,-0.005321,-0.00745,0.162828,9.458612,1.245116,0.812377,-0.60927,-0.483002,0.451101,-0.438177
0.037088,-0.119991,0.206712,8.786445,3.866802,0.181855,-0.56077,-0.629133,0.308952,-0.440759,0.137286,0.061725,-0.18092,8.430781,4.753415,-1.418456,-0.505241,-0.704595,0.249463,-0.43132,-0.02022,0.014899,0.185176,9.724726,1.311645,0.748901,-0.607524,-0.48189,0.453277,-0.439578
0.02918,-0.115355,0.244892,8.891729,3.675375,0.105284,-0.558161,-0.628566,0.312347,-0.442483,0.088331,0.156442,0.143671,8.280635,4.729611,-1.304931,-0.503413,-0.704801,0.249848,-0.432897,-0.021285,0.029799,0.203268,9.981073,1.277465,0.819091,-0.605763,-0.480517,0.455472,-0.441238
0.02918,-0.099538,0.250891,9.140582,3.522235,0.047856,-0.555543,-0.627926,0.315689,-0.444311,0.059597,0.196883,0.479969,8.48083,4.664304,-1.241454,-0.500131,-0.703212,0.253169,-0.437333,-0.02022,0.021285,0.18092,10.2362,1.002197,0.975341,-0.604114,-0.47887,0.457609,-0.443075
0.030543,-0.070904,0.235347,9.389436,3.570091,0.047856,-0.553088,-0.627166,0.318751,-0.446258,0.053212,0.222425,0.537437,8.946528,4.429929,-1.231689,-0.496852,-0.700822,0.256884,-0.442706,-0.023413,0.003193,0.147928,10.297846,0.767211,1.079711,-0.60263,-0.477215,0.459637,-0.444779
0.027816,-0.04636,0.211348,9.647861,3.503092,0.114855,-0.550951,-0.626186,0.321462,-0.448328,0.053212,0.246902,0.451235,9.526361,4.090574,-1.19873,-0.494098,-0.698374,0.259832,-0.447906,-0.02767,-0.02022,0.109616,10.498041,0.674438,1.097412,-0.60123,-0.475796,0.461632,-0.446124
0.030271,-0.022089,0.180805,9.762716,3.579663,0.162712,-0.549114,-0.625094,0.323756,-0.450449,0.043634,0.204333,0.368224,10.014032,3.972166,-1.135864,-0.491727,-0.696179,0.262412,-0.452406,-0.023413,-0.034055,0.080882,10.765985,0.779419,1.061401,-0.599814,-0.474704,0.463597,-0.447157
0.025907,-0.01909,0.159534,9.963714,3.598805,0.200997,-0.547484,-0.623962,0.325852,-0.452487,0.058533,0.142607,0.102166,10.42663,4.075925,-1.02478,-0.490432,-0.694894,0.263286,-0.455271,-0.02022,-0.038312,0.085139,10.839837,0.910034,0.979614,-0.598274,-0.473825,0.46563,-0.448038
0.016635,-0.037906,0.135263,9.877572,3.665804,-0.057428,-0.545498,-0.623562,0.328171,-0.45376,0.057469,0.114937,0.06279,10.435175,4.318845,-1.007079,-0.489326,-0.693767,0.263976,-0.457773,-0.021285,-0.044698,0.116001,10.871575,1.013793,0.876464,-0.596536,-0.473083,0.467844,-0.448833
-0.003818,-0.043633,0.106083,9.906285,3.598805,-0.124427,-0.543719,-0.62328,0.330412,-0.454655,0.041505,0.093652,0.074496,10.089106,4.536741,-1.161498,-0.487849,-0.692963,0.265126,-0.459896,-0.010642,-0.051083,0.128772,10.8081,1.027221,0.726318,-0.594669,-0.472613,0.470053,-0.449498
-0.007909,-0.038452,0.070631,9.743574,3.512664,-0.200997,-0.542123,-0.623234,0.332369,-0.455197,0.037248,0.024477,0.130901,9.561762,4.592282,-1.318359,-0.486232,-0.693549,0.26615,-0.460135,-0.008514,-0.037248,0.123451,10.765985,0.838623,0.657348,-0.592863,-0.472012,0.472171,-0.450295
-0.016635,-0.032452,0.052633,9.580862,3.445665,-0.315853,-0.540703,-0.623398,0.334103,-0.455393,0.044698,0.019156,0.116001,9.684443,4.423215,-1.357421,-0.484266,-0.693913,0.267564,-0.460838,-0.010642,-0.008514,0.112809,10.502924,0.737915,0.6604,-0.591243,-0.471226,0.474091,-0.451229
-0.004909,-0.010636,0.053178,9.513863,3.369094,-0.306281,-0.539264,-0.623443,0.335714,-0.455852,0.034055,0.004257,0.094717,9.607538,4.263914,-1.404418,-0.482395,-0.694287,0.269016,-0.461393,-0.010642,-0.011707,0.081946,10.331415,0.696411,0.67688,-0.589745,-0.470549,0.475887,-0.452004
0.000273,0.009817,0.036816,9.351151,3.330809,-0.191426,-0.537931,-0.623238,0.337184,-0.456621,0.028734,-0.019156,0.014899,9.394526,4.087522,-1.419067,-0.480854,-0.694937,0.270069,-0.461407,-0.006385,-0.006385,0.053212,10.194696,0.707397,0.689697,-0.58838,-0.470008,0.477494,-0.45265
-0.002182,0.018271,0.025362,9.255438,3.292524,-0.162712,-0.536705,-0.622928,0.338568,-0.457462,0.029799,0.0,-0.059597,9.248652,4.044797,-1.28601,-0.479637,-0.695477,0.270673,-0.461507,0.002128,0.009578,0.031927,9.948114,0.735473,0.69458,-0.587148,-0.469573,0.47886,-0.453258
-0.00709,0.035452,0.01309,9.178867,3.244668,-0.229711,-0.535609,-0.622796,0.339726,-0.458068,0.02022,0.004257,-0.04789,9.110713,3.964231,-1.272582,-0.478438,-0.695866,0.27141,-0.461732,0.006385,0.008514,0.012771,9.973139,0.758667,0.688476,-0.58598,-0.469319,0.480111,-0.45371
-0.006,0.053178,-0.006818,9.19801,3.292524,-0.095713,-0.534788,-0.622077,0.340739,-0.45925,0.00745,0.017028,0.011707,9.089351,3.9447,-1.261596,-0.477086,-0.695893,0.272594,-0.462392,0.009578,0.012771,-0.010642,10.078119,0.731811,0.841674,-0.584963,-0.468755,0.481213,-0.454436
-0.002182,0.078267,-0.020998,9.226724,3.26381,0.105284,-0.535151,-0.620676,0.340626,-0.460804,-0.002128,0.03512,0.046826,9.124751,3.942259,-1.131591,-0.476191,-0.694883,0.273853,-0.464087,0.013835,0.009578,-0.051083,10.152582,0.668945,1.015014,-0.5844,-0.467935,0.481839,-0.455342
