-0.166624,-0.35152,-0.028362,-1.923829,0.574277,10.155139,-0.496661,0.093126,-0.094896,-0.857696,0.137286,-0.013835,0.303306,4.022825,1.402587,9.826044,-0.484389,-0.123169,0.057327,-0.864235,-0.172406,0.130901,0.241581,1.323852,1.297607,9.915155,-0.498572,-0.091075,-0.03707,-0.861249
-0.175078,-0.416697,0.102811,-1.904687,0.823131,9.705289,-0.496018,0.088498,-0.090784,-0.859002,0.216039,-0.018092,0.451235,3.327635,1.347045,9.656977,-0.480352,-0.124616,0.05577,-0.86638,-0.143671,0.071304,0.310756,0.906372,0.988159,10.072016,-0.496021,-0.089555,-0.03572,-0.862936
-0.21353,-0.491965,0.199077,-1.464407,1.138984,8.958728,-0.494468,0.083194,-0.086823,-0.860833,0.301178,0.121322,0.255416,2.887572,0.83374,9.376215,-0.47798,-0.125124,0.052682,-0.867811,-0.177727,0.146864,0.421436,0.355835,1.117553,9.794916,-0.492548,-0.087065,-0.034588,-0.865224
-0.279798,-0.430605,0.253073,-1.48355,0.832702,8.595019,-0.492373,0.078703,-0.082307,-0.862897,0.317141,-0.30437,0.363967,3.258665,0.183105,9.306025,-0.474352,-0.129334,0.052044,-0.869222,-0.205397,0.152185,0.40228,0.379028,0.568237,10.041498,-0.48925,-0.084267,-0.033006,-0.867431
-0.354247,-0.277889,0.288525,-1.177269,0.354138,8.690732,-0.48993,0.076463,-0.076711,-0.865002,0.258608,-0.306499,0.660888,2.420653,-0.39917,9.163203,-0.468209,-0.132564,0.052405,-0.872039,-0.211782,0.155378,0.432078,1.124267,0.338745,10.13061,-0.48565,-0.081729,-0.031084,-0.869764
-0.418606,-0.113446,0.297797,-1.40698,-0.038285,8.920443,-0.4873,0.076943,-0.070834,-0.866944,0.247966,-0.034055,0.770504,2.174071,-0.466919,9.581293,-0.461275,-0.133083,0.051653,-0.875693,-0.187305,0.218168,0.303306,1.116943,0.374145,10.038446,-0.483123,-0.07876,-0.029825,-0.871488
-0.437969,-0.020998,0.267526,-1.722832,-0.488136,9.226724,-0.484855,0.079335,-0.06526,-0.868536,0.245838,0.053212,0.65131,2.340086,-0.219116,9.925531,-0.455444,-0.132983,0.050248,-0.878837,-0.185176,0.252223,0.283086,1.098632,0.636596,9.982904,-0.480753,-0.075588,-0.028905,-0.873109
-0.415334,-0.022089,0.205076,-1.818545,-0.756132,9.322437,-0.482947,0.081845,-0.059898,-0.869751,0.241581,0.008514,0.619383,2.727659,-0.476684,9.910273,-0.449837,-0.133396,0.049252,-0.881713,-0.158571,0.36716,0.234131,1.629638,0.723877,9.650263,-0.478723,-0.071853,-0.028733,-0.874545
-0.398426,-0.080449,0.196622,-1.923829,-0.861416,9.140582,-0.481134,0.084005,-0.054517,-0.870903,0.211782,-0.034055,0.808817,2.364501,-0.552978,9.373163,-0.442581,-0.133813,0.048962,-0.885331,-0.105359,0.289471,0.235195,1.050414,0.491333,9.792475,-0.476682,-0.06875,-0.028688,-0.87591
-0.369792,-0.109628,0.174806,-1.828117,-0.851845,8.920443,-0.479533,0.085729,-0.049193,-0.871935,0.230938,-0.029799,0.685366,2.637328,-0.548706,9.232172,-0.436381,-0.134481,0.048376,-0.888335,-0.048955,0.089396,0.322462,0.714721,0.262451,9.795527,-0.473901,-0.067506,-0.028104,-0.877532
-0.343339,-0.115901,0.161443,-1.713261,-0.698704,8.690732,-0.478058,0.087173,-0.044,-0.872878,0.204333,-0.123451,0.609805,2.509154,-0.610351,9.092402,-0.430847,-0.135824,0.048343,-0.89083,-0.051083,0.060661,0.306499,0.549316,0.762939,9.320673,-0.471281,-0.06658,-0.027674,-0.879027
-0.326158,-0.115083,0.191986,-1.732404,-0.583849,8.537591,-0.476301,0.088729,-0.039103,-0.873914,0.200076,-0.05534,0.473583,2.194823,-0.735473,8.909297,-0.426574,-0.136416,0.047872,-0.892819,-0.05534,0.107487,0.37461,0.20874,0.419311,9.410395,-0.468062,-0.06499,-0.027308,-0.880875
-0.302706,-0.091902,0.226893,-1.818545,-0.660419,8.394022,-0.4742,0.090718,-0.034857,-0.875032,0.185176,0.00745,0.599163,1.797484,-0.697631,8.797603,-0.421253,-0.136119,0.047331,-0.895416,-0.06279,0.120258,0.517217,0.356445,0.198974,9.376215,-0.463579,-0.063324,-0.026703,-0.883382
-0.284707,-0.061087,0.240801,-1.904687,-0.784846,8.23131,-0.47194,0.093072,-0.031163,-0.876145,0.152185,0.092588,0.405473,2.292479,-0.568237,8.789058,-0.417744,-0.135315,0.046508,-0.897223,-0.064918,0.052147,0.500189,0.446777,0.006714,9.222406,-0.45926,-0.062259,-0.025667,-0.885741
-0.273253,-0.06954,0.297797,-1.990828,-0.957129,8.106883,-0.469166,0.095335,-0.027675,-0.877508,0.100038,0.11813,0.486354,2.081298,-0.939941,9.127803,-0.413572,-0.133809,0.046261,-0.899392,-0.077689,0.064918,0.509767,0.372925,0.081787,9.358515,-0.454862,-0.061011,-0.024642,-0.888123
-0.273799,-0.029452,0.291525,-1.962115,-1.167697,8.173882,-0.46644,0.097806,-0.024157,-0.878792,0.028734,0.058533,0.65876,2.647093,-1.21643,9.494623,-0.407872,-0.132676,0.047315,-0.902104,-0.061725,0.048955,0.36716,0.65979,0.01709,9.387812,-0.451711,-0.060077,-0.023684,-0.88982
-0.276253,0.02618,0.247619,-1.923829,-0.995414,8.355737,-0.464063,0.10082,-0.020878,-0.879794,0.001064,-0.038312,0.539566,3.115843,-1.412353,9.611811,-0.403206,-0.132537,0.048962,-0.904131,-0.018092,-0.002128,0.427821,0.606689,0.269165,9.266352,-0.448007,-0.059856,-0.022994,-0.891723
-0.286343,0.045542,0.196622,-1.646262,-1.244268,8.508878,-0.462189,0.103273,-0.016934,-0.88058,-0.040441,-0.143671,0.722614,3.124998,-1.124877,9.525751,-0.396911,-0.133155,0.051525,-0.90668,0.00745,-0.041505,0.292664,1.267089,0.389404,9.430536,-0.445479,-0.060414,-0.02235,-0.892968
-0.277889,0.094357,0.109628,-1.502693,-1.502693,9.140582,-0.461106,0.105598,-0.013061,-0.880938,-0.024477,-0.240517,0.506575,2.922362,-0.828857,9.636225,-0.392551,-0.134756,0.05384,-0.908206,0.022349,0.040441,0.251159,1.152343,-0.189209,9.76623,-0.443292,-0.060083,-0.022004,-0.894086
-0.247891,0.112356,-0.017726,-1.684547,-1.789831,9.628718,-0.461157,0.10819,-0.009442,-0.880642,-0.010642,-0.317141,0.354389,2.799681,-0.491333,9.920649,-0.389565,-0.137134,0.055893,-0.909011,0.06279,0.032991,0.318205,1.939696,0.252685,10.354609,-0.440469,-0.060413,-0.02201,-0.895458
-0.173988,0.073086,-0.164715,-1.828117,-2.230111,9.743574,-0.462566,0.110354,-0.006212,-0.879663,0.014899,-0.362903,0.16602,2.721556,-0.853881,10.108637,-0.388219,-0.139968,0.057751,-0.909039,0.068111,-0.050019,0.171341,2.558592,-0.12146,10.523066,-0.438963,-0.061609,-0.021561,-0.896127
-0.100084,0.020726,-0.33434,-1.933401,-2.67039,9.628718,-0.46553,0.111885,-0.003278,-0.877921,0.010642,-0.412922,0.176663,3.149412,-1.21582,10.299677,-0.386718,-0.14331,0.060046,-0.909009,0.077689,-0.20859,-0.155378,2.81555,-0.526733,10.833734,-0.440408,-0.064167,-0.020551,-0.895262
-0.048815,0.010363,-0.467148,-1.531407,-2.163112,9.542577,-0.469752,0.112507,-0.00041,-0.875595,0.018092,-0.431014,0.222425,3.477171,-1.339721,10.129389,-0.384771,-0.146916,0.062501,-0.909095,0.093652,-0.368224,-0.194755,2.761839,-0.343017,10.794062,-0.442231,-0.068212,-0.019073,-0.894096
-0.003545,0.007909,-0.468512,-1.081556,-1.11027,9.322437,-0.474045,0.111019,0.001273,-0.873468,0.032991,-0.434207,0.077689,3.715208,-0.877075,9.931635,-0.384171,-0.150866,0.064458,-0.908565,0.042569,-0.376738,-0.085139,1.457519,-0.12146,8.957515,-0.443153,-0.071751,-0.017235,-0.8934
0.021817,-0.065723,-0.444786,-0.9667,-0.497707,8.939586,-0.478045,0.108396,0.001789,-0.871614,0.051083,-0.426757,-0.119194,3.439939,-0.624389,9.619745,-0.385395,-0.154858,0.065785,-0.907279,0.006385,-0.316077,-0.070239,1.135253,0.102539,9.027705,-0.44399,-0.074434,-0.015528,-0.892795
0.001364,-0.103902,-0.474784,-1.225125,0.038285,8.729017,-0.482148,0.105921,0.001593,-0.869657,0.023413,-0.42995,-0.30437,3.699339,-0.471191,9.484247,-0.388341,-0.159017,0.067062,-0.905207,-0.002128,-0.424629,-0.008514,0.950927,0.902709,9.426264,-0.44434,-0.078102,-0.013697,-0.892338
-0.068177,-0.097902,-0.478057,-1.311267,0.526421,8.480164,-0.486152,0.104145,0.001637,-0.86764,-0.103231,-0.487418,-0.174534,3.717649,-0.348511,9.129634,-0.390276,-0.163158,0.069882,-0.903423,0.00745,-0.451235,-0.156442,0.631714,0.36499,9.150996,-0.446024,-0.081692,-0.011773,-0.891203
-0.189532,0.005181,-0.467966,-1.942972,0.51685,8.106883,-0.489853,0.104736,0.00179,-0.865484,-0.259673,-0.637475,-0.223489,4.210813,0.158691,9.078975,-0.392806,-0.168355,0.074434,-0.901006,0.009578,-0.372481,-0.223489,-0.19165,0.529175,8.859248,-0.44833,-0.084179,-0.010605,-0.889828
-0.364337,0.06545,-0.520326,-3.101098,1.177269,7.49432,-0.493771,0.107463,0.003218,-0.862916,-0.37461,-0.648118,-0.159635,4.196165,0.634155,8.452144,-0.394956,-0.173293,0.079939,-0.898655,-0.074496,-0.342683,-0.074496,0.219116,2.766722,8.197627,-0.449369,-0.086888,-0.009613,-0.889055
-0.530689,0.182987,-0.372791,-3.751946,1.588834,7.542177,-0.496209,0.112118,0.005363,-0.860911,-0.553401,-0.720485,0.230938,3.637083,1.274413,8.773799,-0.393967,-0.177617,0.087489,-0.897541,-0.010642,-0.464005,-0.300114,1.723632,2.689208,10.579218,-0.452346,-0.091303,-0.008346,-0.887113
-0.624501,0.439605,0.03627,-3.924229,1.741975,7.513463,-0.494996,0.119434,0.006579,-0.860618,-0.674723,-0.783275,0.606613,3.800047,1.655272,8.417964,-0.389754,-0.181835,0.096874,-0.897572,-0.111744,-0.442721,0.671531,-1.418456,3.108519,10.484613,-0.446856,-0.094086,-0.005987,-0.88962
-0.756764,0.625046,0.500146,-2.804388,1.378266,7.752745,-0.489607,0.128482,0.007419,-0.862388,-0.821587,-0.543823,0.801367,4.231565,2.228392,8.999629,-0.384276,-0.183188,0.106812,-0.898531,-0.307563,-0.377802,0.577878,1.159667,2.999266,8.693233,-0.442331,-0.096428,-0.002043,-0.891646
-0.919843,0.86312,0.914662,-2.488536,0.545564,8.078169,-0.480347,0.140241,0.007983,-0.865753,-0.921625,-0.515088,1.063168,3.856199,1.801757,9.252924,-0.37666,-0.183322,0.117934,-0.900335,-0.301178,-0.163892,0.93546,-1.445312,1.677855,8.545527,-0.434636,-0.095501,0.001235,-0.895523
-1.027017,1.066287,1.185733,-2.335395,-0.191426,8.154739,-0.468437,0.154103,0.008148,-0.86991,-0.968451,-0.517217,1.442035,4.024045,1.130981,9.265741,-0.365627,-0.182749,0.130309,-0.903289,-0.18092,-0.499125,0.80456,0.084839,2.111815,8.800654,-0.427947,-0.098775,0.004772,-0.898373
-1.1391,1.068196,1.328905,-3.244668,-0.765703,8.116454,-0.454804,0.169798,0.009322,-0.8742,-1.040819,-0.648118,1.652753,4.559324,0.453491,8.551021,-0.352452,-0.182997,0.144494,-0.906313,-0.069175,-0.399087,1.17172,0.189209,3.940428,7.900997,-0.417758,-0.102095,0.006792,-0.902774
-1.205641,0.81076,1.409081,-4.622933,-1.081556,8.059027,-0.440112,0.183939,0.012568,-0.878807,-1.157885,-0.799239,1.879434,4.280393,-0.362549,9.03564,-0.337085,-0.183408,0.160707,-0.909341,-0.046826,-0.120258,1.79536,1.384277,3.202513,8.738399,-0.401838,-0.103173,0.008446,-0.909837
-1.242184,0.641681,1.397081,-5.78106,-1.493121,8.068598,-0.425239,0.196801,0.017131,-0.883255,-1.213225,-0.715164,2.130593,4.15405,-0.802612,9.785761,-0.31951,-0.182066,0.177404,-0.912845,-0.140479,-0.051083,2.151878,2.271117,0.128174,11.01867,-0.382579,-0.102762,0.012411,-0.918102
-1.288817,0.616319,1.529345,-5.78106,-2.182254,7.877172,-0.408933,0.209693,0.02231,-0.887861,-1.086581,-0.588521,2.127401,4.099729,-1.382445,10.758661,-0.301763,-0.179606,0.192367,-0.916334,-0.072368,-0.112809,2.092281,1.696166,-0.723877,11.912225,-0.363634,-0.10271,0.016068,-0.925719
-1.21164,0.650135,1.494984,-5.18764,-3.254239,9.274581,-0.39305,0.222475,0.027597,-0.891766,-0.882249,-0.594906,2.062482,4.096677,-1.791991,10.421747,-0.284043,-0.177873,0.205288,-0.919527,-0.018092,-0.77689,1.352639,3.535765,-1.440429,10.986321,-0.351149,-0.109743,0.021298,-0.929618
-1.022654,0.533416,1.105557,-4.881358,-5.78106,10.145568,-0.381212,0.232519,0.033749,-0.894128,-0.584264,-0.676852,1.318584,3.820188,-2.911986,10.752558,-0.27223,-0.178905,0.21455,-0.920785,-0.167084,-0.837551,0.938653,3.135984,-2.506712,8.457637,-0.342483,-0.116756,0.028053,-0.931815
-0.823577,0.097084,0.344703,-4.498507,-8.240881,9.781859,-0.376503,0.237348,0.041698,-0.894519,-0.253287,-0.820523,1.054654,2.727049,-3.811643,12.313226,-0.26174,-0.182125,0.220594,-0.921766,-0.141543,-0.537437,1.207904,3.848875,-2.564085,8.660274,-0.331278,-0.121134,0.033807,-0.93511
-0.776399,-0.396517,0.030543,-5.18764,-9.944571,8.652447,-0.37442,0.237648,0.051689,-0.894792,0.251159,-1.369667,1.024856,1.828612,-3.688352,11.727288,-0.24929,-0.191551,0.223251,-0.922667,-0.204333,-0.556594,1.182362,5.75195,-4.871213,10.440668,-0.320277,-0.125496,0.040379,-0.938102
-0.824395,-0.72513,-0.607047,-2.517249,-8.834301,7.034899,-0.377787,0.234398,0.065058,-0.893361,0.947167,-1.646368,0.416115,0.368652,-4.907834,10.169672,-0.240167,-0.206313,0.21947,-0.922811,-0.373546,-0.834358,0.685366,6.749874,-6.536861,11.618646,-0.31398,-0.132038,0.048863,-0.938929
-0.810215,-1.014745,-1.228275,-1.014557,-5.493921,5.149354,-0.386483,0.227678,0.080911,-0.890078,1.256858,-1.876242,-0.28415,1.412353,-3.247679,8.104854,-0.236508,-0.225506,0.211685,-0.921082,-0.698136,-1.519724,-0.495932,4.236448,-5.761715,11.291497,-0.318827,-0.144047,0.060927,-0.934815
-0.622864,-0.880028,-1.670335,-2.459822,-3.081956,5.292923,-0.399183,0.22201,0.095019,-0.884493,1.162142,-1.849636,-0.382059,2.826536,-5.050656,7.808834,-0.23289,-0.244519,0.205536,-0.918542,-0.886506,-1.909233,-0.475712,1.867675,-2.833861,8.869624,-0.323058,-0.158086,0.076129,-0.929967
-0.376337,-0.653408,-1.65479,-2.995814,-0.430708,5.139783,-0.411911,0.216568,0.102736,-0.879127,0.931203,-2.061418,-0.403344,3.607786,-6.04675,5.466916,-0.229397,-0.265723,0.202503,-0.914195,-1.047205,-2.033748,-0.570429,2.881468,2.509154,6.894527,-0.328711,-0.17488,0.08975,-0.923744
-0.38779,-0.554415,-1.468258,-1.033699,4.039084,4.756931,-0.423274,0.210942,0.110018,-0.874202,0.608741,-2.098666,-0.247966,4.487302,-4.143674,1.923827,-0.225305,-0.28732,0.202644,-0.908632,-1.175977,-2.567993,-1.026984,3.297728,2.821043,7.406612,-0.338178,-0.196368,0.105421,-0.914305
-0.567232,-0.759218,-1.035471,-5.216353,6.326623,2.785246,-0.429949,0.205768,0.118502,-0.871064,0.184112,-1.820902,-0.552337,7.431636,-0.655517,-0.57434,-0.22612,-0.306937,0.203885,-0.901711,-1.280272,-2.925575,-0.551272,-1.909179,4.489744,7.402339,-0.342839,-0.218531,0.12424,-0.905131
-0.335703,-0.691859,-0.87921,-2.833102,9.131011,2.794817,-0.435913,0.199762,0.124456,-0.868664,-0.043634,-1.705964,-1.761305,5.009152,5.76965,-3.731687,-0.239075,-0.327395,0.201919,-0.891558,-1.440971,-2.935153,0.791789,-1.091918,7.244258,6.624752,-0.335452,-0.238852,0.147209,-0.899301
-0.727857,-0.333249,0.666498,-0.29671,6.757331,1.761117,-0.42818,0.200129,0.12933,-0.871708,0.225617,-1.853893,-1.744277,0.603027,9.476313,-4.90051,-0.250707,-0.349078,0.197291,-0.881112,-1.492054,-2.879813,1.667652,2.79724,4.006956,5.675656,-0.320122,-0.257601,0.172356,-0.895236
-1.0112,-0.057269,1.980403,0.459422,1.531407,1.818545,-0.408821,0.205223,0.13323,-0.879198,0.156442,-0.756669,0.286279,0.385132,6.632076,0.889282,-0.246852,-0.356045,0.197231,-0.879425,-0.992929,-2.17742,2.628654,-0.038452,3.920286,5.940548,-0.295677,-0.268811,0.193277,-0.896075
-1.467986,-0.299978,2.865067,0.114855,-0.928415,5.063213,-0.380308,0.210605,0.140981,-0.889454,-0.663017,-0.782211,4.397408,2.479247,0.905151,4.411008,-0.209307,-0.35169,0.219048,-0.885728,-0.689623,-2.20509,2.885134,0.510254,0.378418,3.045042,-0.267539,-0.27985,0.212353,-0.897221
-1.28718,-0.230438,3.172136,-1.091127,-4.852644,4.881358,-0.349058,0.218114,0.148348,-0.899205,-1.299428,-0.271379,5.975665,2.915648,-3.585813,8.664546,-0.159777,-0.336152,0.251697,-0.893372,-0.56085,-1.744277,2.21786,2.689818,4.176633,1.751708,-0.246072,-0.290177,0.22664,-0.896589
-1.347176,0.441514,3.009329,-4.661219,-7.092326,4.460221,-0.319398,0.232512,0.153299,-0.905767,-0.833294,-1.153628,4.540015,12.545158,-9.030757,7.668453,-0.118543,-0.333891,0.277332,-0.893053,-0.069175,-2.188062,2.565864,6.166378,1.940307,2.190551,-0.218731,-0.30528,0.239173,-0.895405
-1.355085,0.471784,2.194752,-5.513063,-8.279166,3.732803,-0.296881,0.245724,0.159984,-0.908779,-0.787532,-0.536373,2.285971,8.42895,-8.18542,3.000487,-0.098838,-0.331908,0.29393,-0.890879,0.424629,-1.925196,2.877685,7.978511,0.578003,9.14062,-0.187661,-0.316844,0.24654,-0.896439
-1.184915,-0.100629,1.386173,-3.85723,-7.092326,5.809773,-0.281223,0.251443,0.169044,-0.910552,-1.10893,-1.197261,0.919497,3.169554,-6.716305,7.601924,-0.090141,-0.337187,0.308513,-0.884868,0.765183,-2.695701,2.34344,9.845575,-0.601196,13.553459,-0.158036,-0.336274,0.250432,-0.893991
-1.167462,-0.044997,0.841849,-1.368695,-6.699903,6.364908,-0.270979,0.255328,0.179495,-0.910577,-0.648118,-2.133786,-0.740706,0.028076,-3.687742,9.788813,-0.092069,-0.356464,0.313184,-0.875422,1.117444,-3.638611,1.76769,4.908444,-3.703611,7.415767,-0.128954,-0.364368,0.251823,-0.887234
-0.803942,0.782671,0.649044,-1.445265,-6.60419,7.389036,-0.264959,0.264965,0.184736,-0.908545,-0.013835,-2.213603,-1.030177,-0.397339,-4.683225,5.931393,-0.093674,-0.377584,0.311752,-0.866866,0.751348,-4.685815,1.899655,4.554441,-2.532958,-0.200195,-0.097302,-0.402704,0.258703,-0.872598
-0.40988,0.79058,0.548142,-3.282953,-5.656633,7.551748,-0.260799,0.273966,0.186714,-0.906673,0.103231,-1.307942,0.094717,5.19653,-4.784543,5.141599,-0.087706,-0.387218,0.312862,-0.862832,0.2916,-3.48004,1.932646,4.253538,-5.501095,-2.575682,-0.069729,-0.428725,0.268481,-0.859792
-0.181078,-0.196077,0.222529,-3.254239,-2.919244,7.685746,-0.257835,0.27222,0.186873,-0.908013,-0.040441,-1.334548,0.425693,9.628901,-1.950072,5.363767,-0.080992,-0.398403,0.314647,-0.857732,0.233067,-2.19019,1.553779,2.419432,-8.787837,1.265868,-0.04848,-0.442897,0.276216,-0.85158
-0.164443,-1.008746,-0.405516,-3.905087,0.172283,6.393622,-0.258781,0.262706,0.190318,-0.909829,0.342683,-1.16427,-1.462255,3.873899,1.799926,4.943234,-0.089134,-0.413127,0.305418,-0.853283,-0.029799,-2.952181,0.482097,5.817868,-5.916745,6.325069,-0.035689,-0.465165,0.280363,-0.83889
-0.225529,-1.419443,-0.812396,-3.675375,1.464407,6.068198,-0.26249,0.24876,0.19643,-0.911386,0.483162,-1.150435,-0.684301,3.289183,1.32019,4.46655,-0.090053,-0.425217,0.298167,-0.849805,-0.317141,-3.464077,-0.167084,7.634273,-2.198485,7.376094,-0.029207,-0.493669,0.282293,-0.822034
-0.191168,-1.284726,-0.832031,-3.369094,0.258425,6.776474,-0.266751,0.235747,0.201882,-0.912416,0.340554,-1.569743,-0.230938,5.081784,1.942138,4.763791,-0.086641,-0.439581,0.294252,-0.844197,-0.653439,-3.5556,0.742834,5.963131,0.531616,1.870726,-0.017393,-0.521082,0.290775,-0.802255
-0.148353,-1.484621,-0.654226,-5.101498,-1.473979,6.575477,-0.268796,0.222195,0.207093,-0.914047,0.535309,-1.800681,-0.676852,6.942745,-1.134643,5.900876,-0.085327,-0.456873,0.286929,-0.837646,-0.884377,-2.656324,1.721928,6.585079,-0.748291,-1.412353,-0.001106,-0.538316,0.306905,-0.784867
-0.158443,-1.917953,-0.639772,-4.52722,-2.536392,7.867601,-0.269787,0.20448,0.213381,-0.91644,0.454427,-1.604862,-0.2767,8.446651,-4.20471,5.552975,-0.08101,-0.470402,0.282556,-0.832053,-0.948231,-2.448799,2.39133,6.806637,-2.85034,1.237792,0.019052,-0.551074,0.326285,-0.767779
0.101175,-2.392192,-0.887391,-2.708675,-3.85723,8.46102,-0.272771,0.18003,0.218954,-0.919367,0.438464,-2.111437,-0.473583,7.327877,-4.242551,5.923459,-0.076724,-0.488392,0.278055,-0.823568,-1.007828,-2.872363,1.803874,8.698726,-4.169919,2.10266,0.035567,-0.567438,0.341813,-0.748267
0.259072,-2.904337,-1.153553,-1.550549,-2.823531,8.279166,-0.277401,0.149173,0.224996,-0.922044,0.621512,-2.145493,-0.923754,7.75085,-2.318114,5.110471,-0.075811,-0.508377,0.268893,-0.814551,-1.020599,-3.166091,1.14405,8.178706,-4.336545,0.349121,0.048196,-0.58841,0.354146,-0.725275
0.374155,-3.130957,-1.645791,0.842274,-3.014956,9.159725,-0.28628,0.113838,0.231858,-0.922669,0.460813,-1.806002,-1.339869,8.547359,-0.595092,4.352415,-0.08046,-0.526951,0.258166,-0.805724,-0.992929,-3.250166,0.68643,8.427119,-3.704221,-3.642576,0.05828,-0.610795,0.363738,-0.700871
0.759218,-2.727077,-1.919044,0.344566,-4.316652,10.241281,-0.298721,0.080422,0.233827,-0.921745,0.586392,-2.139107,-1.896462,8.703609,-1.84265,4.162595,-0.08786,-0.548959,0.243783,-0.794661,-0.947167,-3.300185,0.418243,7.617183,-2.811888,-6.501461,0.066893,-0.633712,0.37102,-0.675478
1.116193,-2.373648,-1.71015,-0.794417,-3.330809,10.346565,-0.309672,0.051191,0.23013,-0.921148,0.344811,-1.642111,-0.538502,12.017816,-2.817381,6.2915,-0.086611,-0.562741,0.238694,-0.786663,-0.849257,-2.640361,0.487418,9.055171,-2.869261,-5.889279,0.073808,-0.651198,0.377913,-0.653963
1.271909,-2.199115,-1.360811,-1.761117,-1.933401,11.600404,-0.317607,0.02429,0.224096,-0.921037,0.16602,-2.258301,-1.250473,10.260614,-1.282348,4.965207,-0.090743,-0.582884,0.231175,-0.773668,-0.185176,-1.296235,2.404101,6.752926,3.21472,-2.374266,0.091825,-0.651386,0.392851,-0.642591
1.548707,-1.881683,-0.896663,1.416551,-9.207582,13.476377,-0.321688,0.000709,0.217638,-0.921489,0.210718,-2.006078,-1.08871,11.463616,-4.790647,3.385008,-0.092267,-0.599996,0.226001,-0.761844,-0.396959,-0.96313,5.263693,3.09326,-9.047236,-1.576537,0.128108,-0.635685,0.429268,-0.62866
1.228821,-2.806708,-0.839394,6.929615,-13.466805,13.533805,-0.323128,-0.031372,0.216992,-0.920603,0.133029,-1.891141,0.375674,19.999378,-5.953976,-2.50244,-0.084048,-0.61454,0.229522,-0.750059,-0.639604,-0.05534,5.47654,5.68237,-19.999989,-2.012938,0.159883,-0.611557,0.468194,-0.617431
0.984202,-3.291855,-1.371174,10.327422,-19.87957,16.596619,-0.327931,-0.068011,0.219775,-0.916257,0.081946,-1.117444,0.161763,19.925526,-11.007684,-0.861816,-0.078691,-0.622887,0.232175,-0.742903,-0.475712,-0.195819,4.376123,5.250241,-19.961536,-2.866209,0.186174,-0.591585,0.497969,-0.606123
0.379064,-3.589106,-1.592067,11.705688,-24.7705,21.037697,-0.333828,-0.105417,0.22861,-0.908392,0.064918,-1.194069,1.619762,19.999378,-17.247915,0.234375,-0.062144,-0.627681,0.244142,-0.736574,-0.618319,-0.056404,3.592849,3.889768,-19.998768,1.149291,0.205614,-0.573816,0.522823,-0.595908
-0.596139,-4.052982,-1.216276,18.061026,-22.789244,22.473391,-0.335663,-0.143214,0.247749,-0.897459,0.449106,-0.554465,0.24903,19.998768,-14.199821,-6.949459,-0.05528,-0.632014,0.243896,-0.733491,-1.141921,-0.471455,2.807445,5.85693,-19.999989,2.445067,0.219028,-0.563148,0.544413,-0.581804
-1.536162,-5.044274,-1.30927,15.476777,-7.054041,20.319849,-0.336936,-0.188108,0.276164,-0.880236,1.083389,1.215353,0.222425,19.999378,-14.072258,2.67639,-0.04846,-0.622419,0.237923,-0.744064,-1.615505,-1.170656,0.514024,6.124264,-19.999989,-1.230468,0.220288,-0.569661,0.553994,-0.565722
-1.68697,-6.582073,-1.237002,10.815558,-0.392423,16.941185,-0.332647,-0.243963,0.308543,-0.8571,0.543823,0.588521,0.518281,19.999378,-3.142698,3.037718,-0.043858,-0.61719,0.235393,-0.74949,0.038312,0.19369,1.077003,7.137447,-19.999989,-3.734739,0.22664,-0.561509,0.560281,-0.565171
-1.304906,-8.047331,-1.147827,6.833901,-1.330409,9.466006,-0.32039,-0.311354,0.340996,-0.827117,-0.011707,0.659824,-0.08301,18.692005,-0.41626,9.444574,-0.04671,-0.611832,0.233772,-0.754203,0.067047,0.500189,-0.11068,6.941525,-13.168938,-4.172971,0.222045,-0.560124,0.559698,-0.568935
-1.420262,-7.312111,-0.905662,3.847659,-2.517249,4.622933,-0.306477,-0.368161,0.371845,-0.795143,0.114937,-0.565107,0.305435,13.234245,-4.645383,11.253045,-0.042382,-0.614518,0.234741,-0.75197,0.124515,0.299049,0.393766,10.301508,-8.352046,-4.720456,0.221737,-0.556988,0.561236,-0.570616
-0.907571,-6.663612,-0.470148,4.661219,-2.622534,0.51685,-0.287645,-0.419755,0.397947,-0.763346,-0.143671,-0.587456,-0.268187,4.834592,-0.274048,4.858396,-0.044175,-0.618754,0.233854,-0.748663,-0.159635,0.607677,0.061725,7.183223,-5.513913,-4.633176,0.216239,-0.554686,0.56351,-0.572724
-0.389427,-4.955644,-0.526053,5.9342,-0.354138,-2.498107,-0.273303,-0.459252,0.412848,-0.737524,-0.317141,-1.276015,-0.279893,6.608273,-5.187375,1.947631,-0.044126,-0.627934,0.236109,-0.740267,-0.386316,0.803495,-0.127708,8.245234,-6.994625,-2.715452,0.207363,-0.552493,0.565924,-0.575737
0.076904,-3.061689,-0.534234,4.125226,1.292124,-2.431108,-0.264524,-0.485471,0.418,-0.720842,-0.726871,-2.035877,-0.780082,7.964473,-7.736202,0.406494,-0.048314,-0.644008,0.238861,-0.725159,-0.42995,1.017406,-0.084074,7.896114,-7.855831,-2.649535,0.197285,-0.548804,0.569162,-0.579602
0.292615,-1.227457,-0.040906,3.704089,-2.622534,0.066999,-0.257084,-0.494996,0.420311,-0.715693,-1.066361,-2.423257,-1.348382,6.79443,-5.846554,1.621093,-0.058016,-0.663239,0.240007,-0.706495,-0.650246,0.13835,-1.468641,4.270017,-6.749264,-1.241454,0.183666,-0.557712,0.564061,-0.580561
0.141263,-1.678789,-0.035725,5.608776,-3.943372,-1.253839,-0.248624,-0.507712,0.424634,-0.707172,-1.169591,-2.868106,-1.690001,4.923093,-2.574461,0.772094,-0.069856,-0.685579,0.23932,-0.683973,-0.585328,-0.517217,-1.140857,2.910765,-5.622555,1.276855,0.176958,-0.567664,0.559547,-0.577358
0.103356,-1.593158,0.014181,6.192625,-4.661219,-2.057827,-0.24026,-0.519391,0.429126,-0.698821,-0.97803,-2.891519,-1.744277,4.492185,-1.193237,-0.549316,-0.080999,-0.709128,0.236597,-0.659235,-0.332041,-0.632154,-1.77514,1.866454,-4.555051,1.705932,0.168749,-0.581164,0.54975,-0.575794
-0.194713,-1.672516,-0.547052,6.374479,-4.029513,-3.196811,-0.237153,-0.533437,0.432654,-0.687027,-0.788596,-3.009649,-1.28985,4.08386,-0.172119,-1.995848,-0.088248,-0.731982,0.234855,-0.633443,-0.344811,-0.874799,-1.54633,1.804198,-3.610227,0.654907,0.163037,-0.594597,0.540744,-0.572242
-0.480238,-1.972222,-1.142918,6.585048,-4.173083,-5.168497,-0.238282,-0.551303,0.435418,-0.670589,-0.589585,-2.948988,-0.657696,3.914182,-0.089722,-2.876585,-0.089919,-0.752332,0.236298,-0.60833,-0.302242,-0.868414,-1.026984,1.914672,-4.65698,-1.47644,0.161594,-0.604736,0.535741,-0.566706
-0.470421,-1.694606,-1.461441,7.752745,-3.455236,-6.01077,-0.242695,-0.568555,0.435273,-0.654503,-0.436335,-2.863849,0.06279,3.487547,-0.989379,-4.068601,-0.085631,-0.769798,0.242338,-0.584246,-0.164956,-0.90779,-0.591713,1.751098,-5.872799,-3.018187,0.163117,-0.613098,0.532709,-0.560104
-0.427878,-1.069287,-1.463349,10.135997,-1.292124,-5.771488,-0.249935,-0.581837,0.432658,-0.641714,-0.321398,-2.804252,0.518281,4.063108,-1.938475,-6.148068,-0.077659,-0.78517,0.251066,-0.560745,-0.124515,-0.870542,-0.587456,1.289062,-7.339473,-4.200437,0.164751,-0.621083,0.529479,-0.553856
-0.219802,-0.402517,-1.310088,10.346565,-2.756532,-6.652047,-0.257433,-0.590369,0.428065,-0.633991,-0.250095,-2.589277,0.648118,4.743039,-2.544554,-7.407833,-0.068798,-0.798364,0.260065,-0.538739,-0.22136,-0.869478,-0.379931,1.773681,-8.49853,-5.562741,0.16674,-0.628212,0.527984,-0.5466
0.300797,0.663498,-1.222276,10.193424,-1.78026,-5.685347,-0.265928,-0.593079,0.417719,-0.634856,-0.37461,-2.602048,0.252223,4.315794,-2.268065,-7.968135,-0.063058,-0.811976,0.266321,-0.515542,-0.432078,-0.763055,-0.504446,1.229858,-10.1654,-6.564938,0.166314,-0.635599,0.526988,-0.5391
0.628046,0.954204,-1.17837,10.461421,-1.282553,-5.790631,-0.273386,-0.59455,0.404629,-0.638778,-0.441656,-2.951116,0.053212,5.076901,-2.74658,-11.102899,-0.057935,-0.827175,0.271256,-0.488709,-0.592777,-0.511896,-0.653439,1.420287,-11.085809,-6.813961,0.162849,-0.642544,0.526249,-0.532607
0.757582,1.067105,-1.08265,11.207981,-0.200997,-5.675776,-0.280011,-0.595214,0.390675,-0.643956,-0.405473,-2.645682,-0.089396,5.822751,-2.48535,-11.440423,-0.05404,-0.840551,0.274359,-0.463975,-0.641732,-0.174534,-1.104673,1.940917,-11.446527,-6.721798,0.15498,-0.650008,0.523321,-0.528769
0.766309,1.23782,-0.974112,12.098111,0.612563,-4.651647,-0.286659,-0.594288,0.376492,-0.650303,-0.4225,-2.846822,0.067047,6.098019,-1.921386,-11.055902,-0.049074,-0.853706,0.278646,-0.437179,-0.65876,0.222425,-1.836865,1.23352,-10.821527,-7.314449,0.140949,-0.659183,0.516206,-0.528332
0.675497,1.459532,-0.810215,12.002398,0.995414,-2.584249,-0.293819,-0.590912,0.362768,-0.657939,-0.524667,-2.200833,-0.39483,6.663204,-1.260986,-10.769037,-0.048995,-0.864649,0.278788,-0.415031,-0.599163,0.667274,-2.595663,1.325683,-9.927362,-7.466426,0.120891,-0.669599,0.504114,-0.531868
0.546506,1.592613,-0.79767,11.160125,1.100698,-0.382852,-0.302577,-0.585899,0.348793,-0.665961,-0.675788,-2.268943,-0.461877,7.258907,0.134277,-10.635981,-0.050901,-0.875479,0.278537,-0.391605,-0.506575,1.05359,-2.877685,1.936034,-8.734126,-7.416988,0.09782,-0.678883,0.489665,-0.538303
0.281707,1.388628,-0.831213,9.753145,1.914258,1.378266,-0.312516,-0.580716,0.336476,-0.672218,-0.840744,-0.987608,-1.072746,6.687618,2.551268,-10.731195,-0.060831,-0.882436,0.272523,-0.378588,-0.229874,1.268565,-2.751041,2.847288,-6.2207,-7.132564,0.075735,-0.685864,0.474186,-0.546804
0.045269,0.838303,-0.800942,9.073584,1.981257,1.502693,-0.321671,-0.578288,0.327535,-0.674406,-0.896084,-1.462255,0.018092,4.672849,3.643186,-10.479731,-0.065711,-0.887906,0.276577,-0.361664,0.044698,1.472898,-2.283843,4.182127,-2.976683,-6.204831,0.05613,-0.689228,0.459649,-0.557251
-0.002182,0.451604,-0.668952,8.910872,1.789831,1.014557,-0.328849,-0.578138,0.320924,-0.67425,-0.735385,0.325655,0.124515,3.685301,3.139647,-9.907831,-0.073582,-0.886549,0.279845,-0.360963,0.046826,1.692129,-1.038691,6.067502,-1.287841,-4.287717,0.041448,-0.685425,0.45267,-0.56882
0.14508,-0.03927,-0.282252,8.623733,1.091127,0.583849,-0.330716,-0.580845,0.317437,-0.67266,-0.475712,0.813074,0.286279,3.256224,1.324462,-9.286493,-0.079366,-0.883147,0.283433,-0.365253,0.056404,2.295549,-1.218546,6.861568,-1.166381,-2.514037,0.022903,-0.678273,0.443898,-0.585121
0.363519,-0.491692,0.046906,8.441878,0.344566,0.239282,-0.32701,-0.586389,0.31661,-0.670047,-0.358646,0.962066,0.005321,3.085936,0.116577,-8.440547,-0.085056,-0.88,0.284155,-0.370963,-0.235195,1.355832,-0.05534,7.796627,-2.474364,-0.838012,0.013909,-0.670553,0.444234,-0.59398
0.403062,-0.881937,0.18435,8.987442,-0.200997,-0.430708,-0.320283,-0.594007,0.318259,-0.665791,-0.357582,1.19194,-0.656631,3.744505,-0.823974,-7.813106,-0.093343,-0.877697,0.279002,-0.378264,-0.33949,0.010642,0.641732,8.994136,-6.170041,-1.800536,0.015365,-0.667004,0.450062,-0.593553
0.325068,-0.944387,0.115901,9.523434,-0.133998,-1.167697,-0.314253,-0.601954,0.320169,-0.660592,-0.419308,1.688937,-1.319648,3.848264,-1.26892,-6.813961,-0.105617,-0.874958,0.267877,-0.389266,-0.423564,-0.08301,0.403344,7.99499,-8.290401,-2.805174,0.016743,-0.664871,0.455935,-0.591423
0.124355,-0.337885,-0.008454,10.614561,-0.267996,-0.229711,-0.312246,-0.60562,0.320648,-0.657954,-0.490611,2.263622,-1.574,3.630979,-1.622924,-6.014401,-0.120651,-0.869999,0.254177,-0.404884,-0.484226,-0.4225,-0.337362,9.92248,-8.331904,-3.225096,0.014464,-0.668037,0.45671,-0.587303
0.063268,-0.068995,-0.148353,11.41855,0.51685,0.736989,-0.313873,-0.607367,0.318236,-0.656739,-0.557658,2.940474,-1.555908,3.833616,-1.506347,-5.831906,-0.137798,-0.861422,0.239886,-0.425922,-0.601291,-0.350132,-1.279207,10.1831,-7.682491,-4.634397,0.005185,-0.676318,0.452447,-0.581249
0.138808,0.064904,-0.183532,11.705688,0.794417,0.870987,-0.315725,-0.608436,0.314654,-0.656588,-0.717293,3.239524,-1.111059,4.20532,-1.071777,-5.897824,-0.15517,-0.849432,0.229371,-0.449186,-0.641732,0.156442,-1.718735,8.98437,-7.134395,-4.705197,-0.008791,-0.683248,0.445502,-0.578458
0.316068,0.001091,-0.197168,11.964113,0.344566,-0.382852,-0.315211,-0.611174,0.31129,-0.655896,-0.936525,3.726942,-0.849257,4.851071,-0.466919,-5.525509,-0.174334,-0.833279,0.220936,-0.47585,-0.529988,0.618319,-1.544201,7.672725,-6.895748,-4.72717,-0.022786,-0.686401,0.438993,-0.579319
0.796306,0.763036,-0.243255,11.294123,-0.440279,-1.588834,-0.313787,-0.610327,0.302736,-0.661349,-1.182362,4.554914,-0.750284,5.413205,0.405273,-2.934569,-0.196836,-0.809515,0.212635,-0.510607,-0.222425,0.865221,-1.333483,7.500606,-5.849606,-4.322507,-0.034636,-0.687225,0.431932,-0.583051
1.320996,2.83616,-0.058632,10.758131,-0.526421,1.11027,-0.314159,-0.59444,0.284957,-0.683181,-1.235574,4.579392,-0.274572,7.012325,3.599851,3.775633,-0.218396,-0.782848,0.207084,-0.544573,-0.186241,1.158949,-1.14405,7.556758,-4.469602,-4.088132,-0.047186,-0.685879,0.425365,-0.588558
0.84403,2.500184,-0.143444,8.997013,0.880559,5.532206,-0.317662,-0.57941,0.269737,-0.700435,-0.985479,6.333247,-0.846065,13.507683,8.555903,13.436272,-0.24392,-0.745805,0.191201,-0.589671,-0.366096,1.563357,-0.661953,6.981197,-2.419432,-3.732298,-0.060972,-0.680226,0.422079,-0.596168
0.057541,1.825778,-0.297797,6.958328,3.656233,6.278767,-0.325058,-0.566987,0.260813,-0.710515,-0.739641,6.010784,-0.380995,19.999378,12.941887,14.948722,-0.263395,-0.707329,0.177198,-0.631586,-0.498061,2.13485,-0.482097,6.409298,-1.965941,-2.388304,-0.077583,-0.670003,0.41968,-0.607402
-0.32125,1.360811,-0.21953,7.025327,0.899701,4.307081,-0.332551,-0.555988,0.256648,-0.717224,-0.379931,2.058225,1.351575,16.712027,0.067749,-2.71179,-0.259824,-0.691162,0.184835,-0.648548,-0.684301,2.593534,-0.772633,6.044919,-3.017576,-1.018066,-0.097558,-0.655834,0.416235,-0.622177
-0.018544,1.039289,-0.097902,7.925029,1.808974,1.024128,-0.336683,-0.549895,0.251894,-0.721666,-0.549144,1.861342,-2.206154,13.459465,1.32141,-9.860224,-0.280758,-0.682586,0.168596,-0.653315,-0.875863,3.039448,-1.278143,5.798337,-1.33789,-1.142578,-0.12536,-0.641558,0.408983,-0.63672
0.662407,0.496601,-0.372791,7.953743,-6.259624,0.267996,-0.335775,-0.549238,0.244961,-0.724968,-1.255794,2.226374,-1.480347,19.884632,-7.376705,6.488033,-0.302008,-0.665921,0.16115,-0.662845,-0.922689,2.895777,-1.258987,5.70068,-4.819333,-1.522216,-0.149545,-0.626281,0.404138,-0.649671
0.232892,-0.109901,-0.913843,9.619147,-2.622534,5.388637,-0.340479,-0.551879,0.23911,-0.722718,0.268187,-1.163206,0.628961,19.734486,1.726073,19.605091,-0.294398,-0.672524,0.16696,-0.658147,-0.794982,2.775518,-2.124208,5.322873,-9.260859,2.692259,-0.178631,-0.614389,0.392072,-0.660975
-0.932933,-0.841576,-0.165261,12.729816,1.311267,4.756931,-0.345669,-0.554598,0.246649,-0.715604,0.527859,-2.672287,-1.469705,13.145134,5.353391,-1.176147,-0.296652,-0.694674,0.160426,-0.635359,-0.97058,2.669095,-3.715235,10.903924,-4.550169,3.844602,-0.219465,-0.608057,0.370156,-0.667141
-0.613592,-0.467148,0.203713,12.796816,5.225924,3.952943,-0.347564,-0.555815,0.252311,-0.711758,0.756669,-3.432149,-0.842872,9.035029,9.855951,-7.991328,-0.291504,-0.720694,0.159122,-0.608521,-0.808817,3.915311,-3.858907,19.999378,-0.071411,2.484129,-0.265394,-0.593456,0.341732,-0.678665
-0.043088,0.011454,0.347975,8.891729,2.124826,2.37368,-0.346452,-0.555346,0.253069,-0.712397,0.107487,-2.202961,1.041883,9.260248,4.523313,-6.384884,-0.280743,-0.733623,0.172123,-0.594429,-0.808817,1.94861,-0.703458,19.917591,-3.866575,12.317498,-0.281829,-0.579479,0.337381,-0.686252
0.092993,0.101993,0.535052,9.609575,-1.665405,3.072384,-0.341502,-0.552603,0.25617,-0.715803,-0.627897,-1.307942,0.238388,11.92199,6.328121,-0.360718,-0.282987,-0.739001,0.18011,-0.58425,0.136222,0.415051,-1.526109,15.839224,6.730343,11.849359,-0.293696,-0.581753,0.325419,-0.685128
0.231256,-0.540507,0.399517,12.069397,-2.498107,2.679961,-0.334796,-0.555843,0.26009,-0.715048,-0.578942,4.967837,0.063854,12.70507,-0.985717,0.638427,-0.294886,-0.706494,0.170349,-0.620388,0.510832,-3.565178,0.224553,19.41222,2.715452,3.811033,-0.278612,-0.606819,0.33215,-0.666194
0.356974,-0.372246,0.335976,12.643675,-1.818545,5.273781,-0.329141,-0.557635,0.261018,-0.71594,-0.785403,0.290535,-1.513338,3.397825,-1.628417,2.755125,-0.310104,-0.70409,0.163987,-0.617408,0.004257,-2.117822,2.277457,15.460196,0.69519,-2.500609,-0.256545,-0.614247,0.351493,-0.658278
0.312796,-0.347975,0.173442,10.049855,-1.330409,4.0008,-0.324967,-0.559516,0.261227,-0.716303,-0.417179,1.668716,-0.043634,2.557372,0.673217,4.525144,-0.316352,-0.691727,0.160876,-0.628924,-0.08301,-1.618697,1.007828,8.721919,-1.73828,-5.957638,-0.244194,-0.621971,0.362941,-0.649452
0.318523,0.198258,-0.299433,7.628319,-2.230111,3.139383,-0.325226,-0.558802,0.257396,-0.718127,0.08301,0.626833,0.358646,7.751461,-0.386352,1.920165,-0.314127,-0.686563,0.161456,-0.635515,-0.302242,-0.882249,-0.688558,4.08447,-3.794554,-3.645628,-0.246118,-0.629825,0.363999,-0.640502
0.220621,0.235892,-0.754309,6.039485,-1.244268,1.167697,-0.328813,-0.55951,0.252357,-0.717731,0.34694,-0.664081,1.495247,13.134148,3.502195,1.463012,-0.301804,-0.688518,0.171083,-0.636852,-0.676852,0.637475,0.626833,6.008908,-3.11096,-1.125488,-0.24723,-0.621501,0.372017,-0.643591
0.044451,0.110174,-0.919843,6.632905,0.114855,0.717847,-0.335111,-0.562257,0.246919,-0.714556,0.435271,-0.222425,1.037627,15.460807,2.202758,-0.88684,-0.290645,-0.68996,0.177171,-0.638813,-0.426757,0.103231,0.225617,4.096067,-2.597655,2.167357,-0.248532,-0.618014,0.376022,-0.644119
-0.133081,0.120537,-0.840758,7.235896,1.359123,2.201397,-0.343303,-0.563186,0.241237,-0.711871,0.223489,0.535309,0.699201,14.938346,-0.474243,0.905761,-0.284638,-0.685185,0.180058,-0.645812,0.012771,-0.468262,-1.02592,2.047728,-2.899779,2.645262,-0.252981,-0.624074,0.370892,-0.639502
-0.341975,-0.136081,-0.467148,8.240881,1.770689,3.455236,-0.349174,-0.563678,0.240295,-0.708939,-0.022349,-0.234131,-0.017028,10.533442,1.401977,-0.607299,-0.283665,-0.687465,0.181441,-0.643426,0.230938,-0.580007,-1.094031,3.713377,-2.250365,1.118163,-0.255845,-0.631433,0.364374,-0.634869
-0.322886,-0.398153,-0.041179,9.303294,1.550549,2.766103,-0.351473,-0.565591,0.242252,-0.705605,-0.239452,-0.506575,-2.524359,9.599604,2.226561,-1.376952,-0.300601,-0.69543,0.166758,-0.631031,0.241581,0.010642,-1.051462,6.36047,-0.914916,-1.215209,-0.260594,-0.636627,0.356682,-0.632113
-0.092175,-0.367337,0.205894,10.030712,1.081556,1.416551,-0.349628,-0.568559,0.24531,-0.703077,-0.250095,-0.895019,-2.457313,9.901728,3.367308,-1.083373,-0.316862,-0.705069,0.153047,-0.615666,0.034055,0.743898,-0.597034,9.468988,0.430298,-2.518309,-0.267143,-0.635253,0.350518,-0.634206
0.067904,-0.092175,0.331067,10.451849,0.545564,0.784846,-0.346272,-0.569686,0.247505,-0.703056,-0.143671,-0.723678,-0.552337,9.403681,3.759153,-1.30371,-0.320711,-0.710792,0.151513,-0.607416,-0.139414,1.290914,0.356518,12.742302,0.60852,-2.274779,-0.270863,-0.626536,0.349746,-0.641682
0.121355,0.204258,0.293979,10.844273,0.354138,0.689133,-0.34354,-0.56896,0.248175,-0.704745,-0.019156,-0.006385,1.403723,8.51562,3.551634,-1.010742,-0.313139,-0.709358,0.16056,-0.610711,-0.20859,1.71235,0.204333,12.119134,-0.842285,-2.057494,-0.276678,-0.615221,0.34792,-0.651073
0.09463,0.345521,0.152716,10.939985,0.497707,1.330409,-0.342409,-0.567536,0.247618,-0.706637,0.078753,0.532116,1.399466,8.330684,4.378049,-0.820922,-0.306058,-0.704525,0.167038,-0.618112,-0.158571,2.122079,-0.508703,12.70385,-0.145264,-0.318603,-0.289376,-0.603557,0.338873,-0.661163
0.057541,0.349066,0.068995,10.624132,0.947558,2.048256,-0.34283,-0.56631,0.245888,-0.708019,0.109616,-0.010642,0.561915,8.361812,4.202268,-1.206664,-0.302792,-0.704707,0.169206,-0.618923,-0.014899,1.578257,-0.257544,13.86718,-0.98999,3.611448,-0.296963,-0.593065,0.33221,-0.670607
0.045815,0.212167,0.062723,10.442278,1.177269,2.947958,-0.343767,-0.56473,0.243763,-0.70956,0.081946,-0.146864,0.05534,10.068964,3.669431,-0.875854,-0.302722,-0.706389,0.168324,-0.617279,0.160699,0.078753,-0.474648,13.330681,-0.820922,5.791623,-0.299888,-0.593789,0.327527,-0.670969
0.081267,0.018271,-0.007636,10.576276,0.928415,3.034099,-0.344432,-0.56456,0.241777,-0.710052,0.043634,-0.279893,0.131965,12.542107,3.11035,-0.568847,-0.302445,-0.707736,0.168621,-0.615789,0.241581,-0.847129,0.177727,13.720085,-0.981445,4.218748,-0.294888,-0.598764,0.328969,-0.668052
0.094902,-0.150262,-0.082358,10.863415,0.775275,2.900101,-0.345234,-0.566046,0.239721,-0.709176,0.003193,-0.059597,-0.184112,13.192131,2.551878,-0.752563,-0.302215,-0.707994,0.168775,-0.615562,0.219232,-1.360089,0.742834,13.035271,-1.549682,0.332031,-0.283161,-0.606421,0.336964,-0.662209
0.080176,-0.27189,-0.089994,10.920842,0.622134,2.15354,-0.344442,-0.569545,0.239936,-0.706682,-0.022349,0.244773,-0.420372,12.40783,2.514037,-0.722045,-0.304155,-0.706662,0.166475,-0.616762,0.139414,-1.132343,0.08301,11.432488,-1.38977,-1.874389,-0.277447,-0.614859,0.340319,-0.655093
0.08563,-0.266163,-0.067632,10.480563,0.622134,1.397408,-0.34343,-0.572952,0.240262,-0.704306,-0.010642,0.124515,-0.491675,11.706536,2.679442,-1.004638,-0.306949,-0.707611,0.162973,-0.615224,0.060661,-0.648118,0.292664,11.718133,-1.39038,-2.525023,-0.272482,-0.619148,0.344071,-0.651166
0.095993,-0.180533,-0.03218,10.097712,0.679562,1.052842,-0.342341,-0.57572,0.240376,-0.702538,-0.008514,0.239452,-0.059597,10.197138,2.595213,-0.796508,-0.307857,-0.707208,0.161539,-0.615612,0.03512,-0.088331,0.750284,10.120844,-1.697997,-1.666869,-0.266357,-0.61793,0.349507,-0.651961
0.063814,-0.052087,0.040088,9.245867,0.602991,1.244268,-0.341235,-0.577289,0.24069,-0.701681,-0.015963,0.117066,0.225617,9.347528,2.691649,-0.549316,-0.307996,-0.706505,0.16157,-0.61634,0.04789,0.211782,0.923754,7.485347,-2.135009,-0.439453,-0.259385,-0.613136,0.355659,-0.655959
0.004363,0.080994,0.092448,8.75773,0.602991,1.473979,-0.340533,-0.577631,0.241133,-0.701589,-0.024477,-0.045762,0.262865,9.378656,2.648924,-0.474853,-0.307799,-0.706527,0.162365,-0.616205,0.072368,0.128772,0.490611,5.548703,-2.628172,0.197754,-0.254975,-0.609892,0.358932,-0.658923
-0.046906,0.149989,0.135263,8.346166,0.488136,1.636691,-0.339888,-0.577161,0.24208,-0.701962,-0.013835,-0.122387,0.224553,9.493402,2.48535,-0.474243,-0.307676,-0.706978,0.163057,-0.615566,0.058533,0.125579,-0.124515,6.772457,-2.435912,0.012817,-0.254586,-0.608925,0.358663,-0.660112
-0.078267,0.132536,0.147808,8.298309,0.143569,1.770689,-0.338427,-0.575333,0.244535,-0.703316,-0.010642,-0.124515,0.20859,9.586786,2.299803,-0.505371,-0.30598,-0.706394,0.165491,-0.616431,0.00745,0.30437,-0.424629,8.379512,-2.218016,0.134888,-0.257231,-0.607575,0.356326,-0.661595
-0.103902,0.134718,0.184896,8.518449,-0.047856,1.866402,-0.336885,-0.573087,0.247351,-0.704904,0.003193,-0.010642,0.237324,9.473871,1.986693,-0.449829,-0.303419,-0.705445,0.168354,-0.618007,-0.044698,0.333105,-0.460813,9.968866,-2.098998,0.554199,-0.261267,-0.605781,0.353259,-0.663301
-0.109901,0.109901,0.208349,8.939586,-0.248854,2.105684,-0.335288,-0.570616,0.250264,-0.706639,0.02767,0.094717,0.250095,9.234003,1.705321,-0.431518,-0.300661,-0.704003,0.170915,-0.620292,-0.072368,0.306499,-0.486354,11.558221,-2.13684,1.055297,-0.266001,-0.604247,0.349839,-0.66463
-0.099266,0.055632,0.186805,9.456435,-0.449851,2.507678,-0.333936,-0.568347,0.252799,-0.708204,0.025542,0.029799,0.321398,9.397577,1.528319,-0.426636,-0.297303,-0.702891,0.174223,-0.622248,-0.060661,0.19369,-0.405473,12.586662,-2.028807,1.469115,-0.269944,-0.603271,0.346924,-0.665454
-0.062177,-0.028089,0.113719,10.021141,-0.602991,2.813959,-0.332784,-0.566924,0.254793,-0.709171,0.026606,0.078753,0.229874,10.023798,1.556396,-0.272827,-0.294961,-0.701292,0.176433,-0.624541,-0.061725,0.005321,-0.079817,13.004143,-1.853026,1.617431,-0.27118,-0.602456,0.34639,-0.665968
-0.012817,-0.097357,0.02018,10.691132,-0.698704,2.775674,-0.331594,-0.566527,0.256436,-0.709453,0.038312,0.040441,0.087267,10.759882,1.661376,-0.132446,-0.293692,-0.70007,0.177379,-0.626238,-0.051083,-0.129836,0.49274,13.010857,-1.849975,1.544189,-0.268046,-0.600565,0.349618,-0.667256
0.032998,-0.127082,-0.067359,11.054841,-0.325424,2.565106,-0.330426,-0.567081,0.257675,-0.709107,0.048955,0.006385,0.008514,11.55639,1.716918,-0.159912,-0.292677,-0.699263,0.1779,-0.627467,-0.029799,-0.167084,0.308627,12.14721,-2.212523,0.704956,-0.264884,-0.599395,0.352677,-0.667961
