-0.170988,0.131718,0.220075,-1.282553,3.273381,11.246266,0.60621,0.125763,0.056173,-0.783281,-0.349068,0.223489,-0.109616,-0.397949,0.853271,12.277825,0.626786,0.075914,0.12574,-0.765218,0.096845,-0.060661,0.074496,2.698363,2.287596,12.387689,0.454207,-0.063105,-0.083234,-0.884747
-0.114265,0.288797,0.32234,-2.019542,3.139383,13.390236,0.608764,0.127525,0.05802,-0.780877,-0.297985,-0.076625,-0.005321,-1.085204,1.126098,13.558952,0.627115,0.0734,0.127165,-0.764957,0.357582,-0.189433,-0.136222,-0.108643,3.664549,13.515007,0.453038,-0.06266,-0.087447,-0.884972
-0.086448,-0.011454,0.448331,-2.364109,2.067399,11.906686,0.612429,0.127175,0.057659,-0.77809,-0.177727,-0.572557,0.471455,-0.621948,0.371094,13.406364,0.631603,0.068368,0.124229,-0.762208,0.135158,-0.028734,0.53318,3.063963,2.677611,8.153682,0.457775,-0.062841,-0.088821,-0.88238
-0.291525,-0.110447,0.442059,-3.78066,1.311267,10.490134,0.616279,0.125167,0.058705,-0.775293,-0.190498,-0.856707,1.07381,1.454467,-0.296631,13.681633,0.640948,0.061728,0.119223,-0.755747,-0.421436,0.9908,1.549522,-0.614013,4.230344,5.939328,0.47194,-0.057073,-0.079815,-0.876148
-0.424333,0.058359,0.262072,-3.790231,0.756132,9.647861,0.618761,0.123479,0.062232,-0.773309,-0.123451,-1.482476,1.175977,2.526854,-0.652465,12.066644,0.65158,0.050858,0.109631,-0.748885,-0.317141,1.360089,0.713036,-0.144653,1.301879,8.503413,0.47902,-0.046827,-0.070138,-0.873738
-0.470693,0.03327,0.15708,-3.522235,0.191426,8.068598,0.62048,0.121157,0.066186,-0.771969,-0.148993,-2.106116,0.545951,2.718504,-2.837523,10.874627,0.65789,0.034341,0.096578,-0.7461,-0.387381,1.398401,1.812388,-1.265258,-0.422363,10.164179,0.495534,-0.037484,-0.058878,-0.865775
-0.471239,-0.014181,0.091902,-2.871387,-0.574277,6.987042,0.621707,0.118217,0.070013,-0.7711,-0.297985,-2.50946,1.264308,-0.406494,-4.444578,9.138789,0.669545,0.014524,0.082016,-0.738081,-0.408665,1.452677,2.048647,-2.153929,-2.358397,10.541376,0.513823,-0.028001,-0.046983,-0.856146
-0.500146,-0.065995,0.000545,-2.258825,-1.138984,7.465607,0.622298,0.114386,0.073793,-0.770848,-0.375674,-2.50201,2.174227,-1.986693,-2.17163,10.921624,0.687288,-0.004777,0.068064,-0.723168,-0.233067,1.122765,1.392016,0.024414,-1.496581,9.886469,0.526137,-0.02028,-0.038427,-0.849284
-0.512145,-0.011454,-0.022089,-1.665405,-1.004985,8.240881,0.622695,0.110738,0.077862,-0.77066,-0.190498,-2.513717,1.477155,-4.007566,0.733032,9.529413,0.699395,-0.022864,0.052315,-0.712446,-0.032991,1.326034,0.643861,0.196533,-1.307372,8.865962,0.532066,-0.009551,-0.030653,-0.846089
-0.483238,0.071995,0.172351,-1.636691,-0.07657,8.968299,0.624517,0.108063,0.081696,-0.769167,-0.018092,-2.181676,0.641732,-0.396118,2.878416,12.975456,0.704942,-0.037919,0.03703,-0.707276,-0.021285,1.584642,0.67898,-0.266113,-0.744018,9.066157,0.538222,0.003536,-0.021574,-0.842514
-0.454604,0.108265,0.291525,-2.038685,0.421137,9.408579,0.627204,0.106158,0.08519,-0.766864,0.16602,-2.123144,1.104673,0.390014,0.19043,11.578362,0.713408,-0.051142,0.020958,-0.69856,-0.081946,1.67723,1.030177,-1.016235,0.125732,9.73266,0.547154,0.017282,-0.011607,-0.836768
-0.416425,0.038724,0.254709,-2.048256,-0.057428,9.188439,0.629586,0.103728,0.088163,-0.764906,0.154314,-2.179548,1.837929,-0.339966,-1.559447,10.822748,0.726505,-0.064752,0.005654,-0.684074,-0.159635,1.800681,1.434585,-0.670166,-1.213378,9.716791,0.559243,0.031196,-0.000281,-0.828411
-0.418879,-0.087539,0.18735,-2.038685,-0.315853,8.288737,0.631516,0.100198,0.090663,-0.763492,0.092588,-2.283843,1.340933,-0.606079,-1.793212,9.485468,0.735634,-0.079513,-0.01031,-0.672611,-0.220296,1.809195,1.131279,-0.008545,-0.839843,9.179682,0.568559,0.044609,0.011532,-0.821346
-0.464148,-0.056178,0.174533,-2.230111,-0.468993,7.752745,0.633307,0.096807,0.094024,-0.762038,0.209654,-2.159328,0.56085,-0.217285,-1.427611,8.856807,0.739201,-0.092387,-0.026782,-0.666574,-0.080882,1.753855,0.694944,-1.097412,-1.079711,9.230341,0.573984,0.058471,0.022223,-0.816469
-0.490328,-0.034907,0.180533,-2.067399,-0.526421,7.302895,0.635133,0.093388,0.097695,-0.760481,0.345876,-1.967766,0.153249,0.302734,-0.940551,7.76794,0.739911,-0.102752,-0.043155,-0.663403,-0.002128,1.605927,0.368224,-1.40808,-0.586547,9.085078,0.576534,0.071532,0.031622,-0.813316
-0.451604,-0.049087,0.152989,-1.713261,-0.650848,7.350751,0.636739,0.089914,0.10077,-0.759155,0.335233,-1.82303,0.212846,0.040283,-1.292114,7.092281,0.7408,-0.112317,-0.058267,-0.659694,0.064918,1.433521,0.202204,-1.065063,-0.894165,9.025874,0.577605,0.083313,0.039462,-0.811089
-0.378791,-0.052905,0.087812,-1.301695,-0.947558,7.657032,0.637787,0.086798,0.103227,-0.758307,0.296921,-1.683616,0.551272,-0.402832,-0.872192,7.432247,0.743722,-0.1213,-0.071757,-0.653457,0.09046,1.462255,0.489547,-1.051025,-0.231933,8.509517,0.580856,0.09549,0.046829,-0.807023
-0.269708,-0.037361,0.105811,-1.004985,-0.918844,7.972885,0.638863,0.084528,0.104845,-0.757435,0.246902,-1.617633,1.212161,-0.302734,-1.418456,7.42065,0.750685,-0.13073,-0.083558,-0.642176,0.064918,1.587835,0.933332,-1.441039,-0.534057,9.830927,0.58748,0.108729,0.054753,-0.800024
-0.173169,-0.001364,0.194168,-0.736989,-0.823131,8.078169,0.640491,0.083263,0.105827,-0.756062,0.154314,-1.534623,1.523981,0.681762,-1.917724,7.277828,0.759275,-0.140663,-0.093667,-0.628438,0.065982,1.443099,1.035498,-1.115112,-0.266723,9.901728,0.594827,0.120829,0.061511,-0.792332
-0.130354,0.139899,0.323431,-0.535992,-0.459422,8.46102,0.642918,0.083535,0.107191,-0.753777,0.230938,-1.51866,1.264308,2.006835,-1.545409,6.666866,0.766014,-0.14983,-0.104524,-0.616311,0.084074,1.332419,0.984415,-2.012938,-0.548095,9.931025,0.601617,0.132107,0.0677,-0.784865
-0.137445,0.290706,0.411243,-0.239282,-0.325424,9.255438,0.645842,0.085012,0.109481,-0.750777,0.305435,-1.453741,0.805624,3.083494,-1.309203,6.712032,0.769778,-0.157642,-0.116352,-0.60749,0.13835,1.193004,0.928011,-1.992186,0.124512,9.989618,0.607867,0.142548,0.072464,-0.777765
-0.163625,0.337339,0.522781,-0.459422,-0.382852,10.691132,0.649555,0.086791,0.112169,-0.746964,0.309692,-0.91524,0.535309,4.004514,-1.51245,6.945797,0.772363,-0.161779,-0.124545,-0.601468,0.197947,1.154692,0.775825,-2.145385,-1.141967,10.776361,0.612719,0.152912,0.076941,-0.771534
-0.181351,0.403335,0.503418,-0.555135,-0.717847,11.849257,0.653033,0.088896,0.115461,-0.743173,0.410794,-0.233067,0.453363,5.863644,-0.676269,6.954952,0.775374,-0.16078,-0.12838,-0.597038,0.160699,1.328162,0.703458,-1.950072,-1.47766,11.76452,0.616813,0.164295,0.082822,-0.765298
-0.181078,0.335703,0.440968,-0.756132,-0.976272,12.193824,0.656096,0.090405,0.118386,-0.739825,0.521474,0.02767,0.557658,7.150875,-0.366821,8.215938,0.77948,-0.157457,-0.130704,-0.592053,0.077689,1.225996,0.391638,-0.770874,-1.71997,11.998895,0.618635,0.174097,0.089127,-0.760939
-0.212985,0.13499,0.319886,0.114855,-1.205983,11.629118,0.658512,0.090063,0.120352,-0.737399,0.584264,0.154314,1.162142,7.486568,-0.426636,9.449457,0.787339,-0.153663,-0.131447,-0.582407,0.040441,0.984415,0.234131,0.676269,-1.638183,11.951898,0.61947,0.181681,0.094421,-0.757843
-0.285798,-0.071995,0.305705,0.727418,-1.722832,10.767702,0.661119,0.087674,0.121543,-0.735156,0.542759,0.547015,1.315391,6.411739,-1.385497,10.399164,0.796398,-0.148183,-0.128516,-0.572072,-0.04789,0.74177,0.468262,-0.362549,-0.958862,11.48803,0.622417,0.187092,0.098433,-0.753589
-0.28198,-0.186259,0.333522,0.344566,-1.40698,9.41815,0.664051,0.084505,0.121917,-0.732818,0.53318,0.282022,1.347318,6.785275,-1.514281,9.927973,0.80511,-0.144308,-0.127561,-0.560976,-0.13835,0.426757,0.873735,0.403442,1.09497,10.546869,0.628874,0.190031,0.100251,-0.747226
-0.161716,-0.196895,0.304069,-0.583849,-0.870987,8.82473,0.666671,0.082043,0.121322,-0.730815,0.57575,-0.094717,0.581071,8.662105,-0.783691,7.514034,0.808983,-0.141151,-0.131015,-0.555382,-0.068111,0.20859,1.024856,0.716552,-0.079956,11.456292,0.63647,0.191865,0.099948,-0.740334
-0.125446,0.111537,0.401426,-4.52722,0.363709,10.241281,0.669574,0.082895,0.122688,-0.727831,0.743898,-1.244088,0.181984,3.9801,-1.716308,10.471186,0.809375,-0.142528,-0.144647,-0.55106,-0.081946,-0.376738,1.196197,-2.756956,-0.97351,13.546135,0.645833,0.189372,0.095833,-0.73338
-0.253891,0.56096,1.09683,-6.087341,0.411565,12.60539,0.677025,0.086995,0.127453,-0.719595,0.185176,1.874113,-0.150057,-1.554565,-2.445067,18.300161,0.811445,-0.130296,-0.130361,-0.554596,-0.280957,-1.549522,-0.070239,-2.306517,0.786743,12.985222,0.647306,0.17579,0.087826,-0.736459
-0.362974,0.261799,0.875937,-5.675776,1.301695,7.771888,0.683276,0.087911,0.131152,-0.712879,-0.278829,0.021285,-0.787532,0.175171,-9.19372,5.9613,0.806758,-0.131673,-0.129374,-0.5613,-0.382059,-2.101859,-0.826909,1.089477,1.831054,10.158686,0.643627,0.156836,0.078179,-0.745001
-0.306796,0.094357,0.266163,-4.106084,0.133998,5.848059,0.685296,0.08717,0.133932,-0.71051,-0.51296,1.841122,0.78966,-1.168212,-2.047118,2.39807,0.812785,-0.126531,-0.110198,-0.557869,-0.084074,-2.745719,-0.866285,0.166626,4.317625,9.291376,0.63925,0.135086,0.062077,-0.754486
-0.31825,0.336521,0.047724,-2.823531,-1.234697,6.508478,0.685392,0.087431,0.138838,-0.709443,0.011707,2.060354,-0.916304,-0.95642,5.187985,9.279169,0.809763,-0.11352,-0.094662,-0.567828,0.28415,-3.490682,-0.666209,-5.524289,3.59802,15.250236,0.635618,0.110429,0.038316,-0.763098
-0.14508,0.562051,0.214894,-2.268396,-1.320838,8.365308,0.686226,0.090335,0.143587,-0.707324,0.20859,1.791103,-1.695322,-3.467405,5.16174,12.44262,0.801844,-0.099652,-0.083153,-0.583261,0.318205,-3.118201,0.640668,-3.060301,0.53955,13.765862,0.641001,0.088599,0.015652,-0.762243
0.061905,0.448331,0.513509,-3.014956,0.29671,10.403993,0.689209,0.094797,0.145396,-0.703461,0.087267,1.46332,-0.471455,1.679687,0.766601,9.551996,0.800306,-0.089626,-0.072439,-0.588406,0.046826,-2.285971,1.803874,-2.927855,1.860961,13.357536,0.654774,0.07212,-0.000942,-0.75237
0.279253,0.239165,0.985293,-3.168097,2.067399,9.915857,0.695549,0.100074,0.143831,-0.696778,0.076625,1.824094,0.057469,2.41516,-0.937499,7.169796,0.801879,-0.078674,-0.058366,-0.589394,-0.24903,-2.443478,1.251537,-1.532592,1.464843,12.465814,0.664085,0.052459,-0.016058,-0.745636
0.45924,-0.071722,1.168553,-2.057827,1.70369,8.46102,0.703345,0.10459,0.138594,-0.689311,0.002128,2.160392,-0.172406,1.176147,-0.048828,7.476192,0.801942,-0.065414,-0.041212,-0.592371,-0.473583,-2.603112,0.900341,-0.612793,0.358276,10.748285,0.67037,0.029482,-0.029978,-0.740829
0.5026,-0.179169,1.204277,-1.11027,0.37328,7.427321,0.711366,0.108429,0.132243,-0.681692,-0.087267,2.326412,-0.326719,1.260375,-0.120239,7.758785,0.800671,-0.051979,-0.022588,-0.596411,-0.538502,-2.663774,0.19369,-0.848999,-0.130005,8.360591,0.670919,0.006094,-0.043489,-0.740224
0.457331,-0.188986,1.169371,-0.229711,-0.066999,7.427321,0.71908,0.11169,0.126219,-0.674173,-0.073432,2.503074,-0.267122,2.553099,0.15564,7.660518,0.799337,-0.037692,-0.002625,-0.599687,-0.278829,-2.520102,-0.014899,-0.603637,-1.812743,6.185299,0.66953,-0.014559,-0.057941,-0.740373
0.451331,-0.316614,1.057288,0.363709,0.057428,7.9346,0.726099,0.113885,0.119426,-0.667487,-0.071304,2.613755,-0.307563,3.275145,1.533813,8.42895,0.797255,-0.022583,0.018173,-0.60294,-0.09046,-2.115694,-0.167084,0.081787,-1.6864,4.708249,0.666928,-0.030932,-0.071105,-0.741071
0.490601,-0.509418,0.955022,1.962115,1.205983,8.633304,0.732526,0.114999,0.111027,-0.661699,-0.120258,2.298742,-0.137286,4.573362,2.431639,8.801265,0.795776,-0.009735,0.036787,-0.604387,0.061725,-1.762369,-0.473583,2.682494,-0.153198,2.32971,0.662065,-0.043563,-0.083671,-0.743481
0.526871,-0.770945,0.90948,4.345366,2.182254,9.446864,0.738785,0.114589,0.1005,-0.656473,-0.219232,2.250851,0.032991,6.281124,4.252927,10.315546,0.794938,0.002125,0.055615,-0.604125,0.28415,-1.049333,-0.625769,5.071408,0.908813,2.927855,0.656586,-0.049205,-0.093297,-0.746834
0.509145,-1.150008,0.822486,5.733203,1.473979,10.585847,0.744722,0.111402,0.087396,-0.652175,-0.150057,2.078446,-0.966323,6.264645,2.446288,11.840203,0.78776,0.012855,0.072661,-0.61154,0.399087,-0.296921,-1.008892,7.599483,3.26721,1.027221,0.6489,-0.048025,-0.099069,-0.752861
0.284707,-1.605157,0.486511,5.943771,-0.9667,8.920443,0.74891,0.103168,0.072791,-0.650526,0.006385,1.774075,0.015963,7.667232,-0.515747,13.657829,0.786462,0.023533,0.086261,-0.611125,0.154314,-0.392702,0.951424,2.478636,0.60791,-3.746946,0.655687,-0.051135,-0.102645,-0.746268
-0.135536,-1.540253,0.344157,-0.736989,-1.588834,6.211768,0.752309,0.092001,0.061903,-0.649405,0.220296,0.614062,1.092967,7.891231,-1.867064,10.859979,0.792512,0.029683,0.089201,-0.60256,-0.010642,1.011021,2.397716,-7.297969,6.69128,-6.046139,0.674361,-0.045716,-0.094743,-0.730864
-0.410698,-0.377973,0.794125,-5.149354,-0.784846,4.326223,0.758,0.087118,0.061344,-0.643487,-0.019156,-0.606613,1.135536,9.726557,-4.503171,8.823848,0.799843,0.026556,0.08395,-0.593708,0.348004,2.419,2.361532,-10.604242,11.616204,1.359252,0.693649,-0.027516,-0.079877,-0.715335
-0.305705,0.337067,1.023745,-4.259224,2.775674,0.0,0.764576,0.087968,0.065079,-0.63517,-0.707714,-2.896841,4.107937,3.166502,-4.104612,5.720822,0.825778,0.006746,0.063734,-0.560334,1.17917,3.861035,1.031241,-9.553827,1.760863,8.56811,0.70382,0.007765,-0.060948,-0.70771
0.044997,0.287979,1.08265,-2.689533,2.842673,-3.541378,0.77116,0.091228,0.066096,-0.626588,-1.157885,-2.878749,2.61269,-2.297362,-3.350828,4.167478,0.841615,-0.017437,0.046595,-0.537774,0.708779,2.676544,5.104059,-8.096309,-5.073239,14.39025,0.74028,0.028607,-0.047052,-0.670034
-0.079085,0.814578,1.000019,-0.746561,-3.675375,0.287139,0.776869,0.096118,0.072258,-0.618067,-1.647432,-3.234202,3.144807,-1.683349,-0.474853,4.95239,0.858764,-0.046979,0.029097,-0.509375,1.871985,2.52968,0.204333,1.544189,-1.821898,15.23986,0.741964,0.05893,-0.04074,-0.666595
-0.003,1.65779,0.53178,-0.344566,-7.915457,6.652047,0.77883,0.10637,0.084833,-0.612293,-1.104673,-3.108623,1.605927,2.233886,-0.887451,12.034905,0.86673,-0.071918,0.008401,-0.493486,2.100795,2.731885,-1.045076,-3.344114,-3.060301,10.66894,0.734399,0.093003,-0.03345,-0.671477
0.140444,2.010674,0.377155,-4.622933,-9.49472,10.432707,0.779089,0.119806,0.099506,-0.607253,-0.266058,-2.835115,1.111059,4.166868,-1.884154,18.482044,0.871824,-0.088206,-0.014431,-0.481587,2.313641,2.14975,-1.414365,-0.574951,0.393066,9.933466,0.723064,0.124512,-0.031639,-0.678724
0.241346,2.976877,0.001091,-1.875973,-3.407379,18.108881,0.775518,0.139322,0.121179,-0.603712,-0.175598,-3.144807,2.184869,1.873778,-4.202268,16.552114,0.881074,-0.105465,-0.038856,-0.45942,2.330669,2.845757,-0.186241,-5.066525,-0.878906,12.232049,0.719287,0.160611,-0.026236,-0.675377
0.169624,2.568634,-0.95884,-0.51685,3.818945,20.76013,0.766167,0.154805,0.141009,-0.607562,-0.642796,-2.729756,3.106494,-8.534541,-2.272338,7.724605,0.892875,-0.124632,-0.056262,-0.42903,2.103987,3.573692,0.423564,-1.118163,-4.858396,15.279532,0.719113,0.199288,-0.0152,-0.665524
-0.29507,1.382083,-0.885482,-3.407379,3.522235,10.537991,0.759258,0.159856,0.154399,-0.611658,0.009578,-1.071682,1.960316,-10.119623,4.167478,-3.220213,0.900525,-0.129946,-0.063151,-0.410088,1.340933,3.844007,-0.387381,1.798095,-3.389891,14.80651,0.713908,0.234028,0.004345,-0.659954
-0.410698,0.665407,-0.033543,-5.848059,-0.574277,1.40698,0.75858,0.160934,0.162327,-0.610162,0.034055,0.612998,1.49099,-12.585442,-5.936886,4.809567,0.906996,-0.128027,-0.055436,-0.397348,0.481033,3.809952,-0.748155,-0.314941,1.890258,9.091182,0.707226,0.262052,0.029965,-0.655937
-0.250346,1.314178,0.461421,-6.508478,1.521835,-6.498906,0.759522,0.16807,0.173301,-0.604017,0.202204,1.76024,1.891141,-8.142695,2.216796,4.540403,0.915485,-0.119952,-0.037553,-0.382203,0.614062,3.861035,-0.010642,-4.234006,6.701046,1.837767,0.703806,0.291831,0.053128,-0.645493
0.064632,2.202933,0.633773,-7.609176,1.732404,-14.624932,0.759149,0.183195,0.188775,-0.595389,0.076625,1.927325,0.31182,-11.267083,4.442136,4.471433,0.91736,-0.111702,-0.019554,-0.381552,0.953552,3.778025,1.757048,-5.624997,3.258055,-4.798581,0.709611,0.323901,0.068468,-0.621968
0.079358,2.631356,-0.810487,-15.381064,-1.311267,-5.867201,0.748834,0.198056,0.209978,-0.596592,0.150057,1.881563,0.473583,-6.766354,9.718012,12.615959,0.919566,-0.10284,-0.002255,-0.379222,1.269629,2.408358,-0.418243,-5.655514,-2.645873,-1.264037,0.700854,0.34758,0.079342,-0.61781
0.169351,2.521183,-0.262345,-14.395221,-0.746561,-3.78066,0.741303,0.213945,0.228575,-0.593668,1.145114,0.383124,1.567614,-6.057126,8.281245,7.005001,0.926551,-0.090493,-0.001378,-0.365108,0.97803,-0.015963,-2.707407,-5.346677,0.802001,5.245358,0.680357,0.35197,0.082931,-0.637453
0.437696,2.662173,0.530416,-13.141382,0.057428,0.07657,0.737052,0.234321,0.244748,-0.584754,1.636789,0.186241,1.681487,-8.648067,2.420043,7.568965,0.933944,-0.074379,-0.003817,-0.34956,0.488483,-1.555908,-3.506646,-14.353629,9.8706,0.375976,0.657,0.342532,0.081581,-0.666602
0.551688,3.10505,0.794125,-12.576675,1.196411,0.631705,0.732316,0.258574,0.262641,-0.572595,1.559101,0.205397,0.857771,-8.325191,-5.037229,6.30859,0.937971,-0.059159,-0.006313,-0.34156,0.787532,-1.212161,-0.395894,-8.823848,8.797603,0.6604,0.652527,0.339597,0.069686,-0.673809
0.414243,3.716188,0.441786,-10.279566,3.809374,3.732803,0.723439,0.284147,0.286235,-0.560319,1.294107,0.586392,-0.610869,-6.302486,-9.065547,7.034908,0.936575,-0.04518,-0.005252,-0.347491,0.81733,-0.965259,0.854579,-5.70007,7.999263,2.461546,0.656083,0.339297,0.05484,-0.671876
0.500691,3.589924,0.316341,-8.202596,4.460221,5.273781,0.713058,0.308918,0.308203,-0.548744,1.057847,0.649182,-2.105052,-2.941283,-10.811152,9.493402,0.929491,-0.033207,-0.003548,-0.367318,0.507639,-0.124515,2.511588,-6.667477,2.650755,8.292842,0.670991,0.342993,0.042446,-0.655985
0.545143,3.728732,0.179987,-6.766902,1.359123,9.49472,0.700493,0.333428,0.330796,-0.537309,1.022727,0.45762,-3.222496,1.736449,-5.572506,14.66796,0.91747,-0.02229,-0.004074,-0.397149,0.251159,-0.209654,2.900033,-11.29577,2.05017,11.804193,0.688858,0.344347,0.029805,-0.637184
0.555778,3.753003,-0.176169,-4.986642,3.85723,9.743574,0.684932,0.356594,0.354175,-0.527504,0.449106,0.541694,-2.012463,3.535765,12.623283,18.707264,0.909394,-0.01561,-0.001573,-0.415629,0.593842,1.571871,-0.015963,-11.12243,6.369625,9.879755,0.686017,0.358628,0.037146,-0.631964
0.440696,4.492587,-0.419152,-5.819345,9.561719,13.552947,0.664712,0.381451,0.383464,-0.515364,0.508703,0.403344,0.79711,2.330321,12.933342,7.632442,0.912746,-0.008989,-0.000119,-0.408419,0.82478,2.264687,-0.464005,-7.789302,4.957273,6.645504,0.678952,0.378563,0.049319,-0.627115
0.412061,5.250441,-0.394335,-11.274981,9.083155,14.175081,0.64025,0.409176,0.416917,-0.498825,0.243709,1.395209,3.374681,-3.077391,8.629146,5.142209,0.925933,-0.000671,0.011884,-0.377489,1.360089,3.342754,-1.806002,-3.584593,4.294431,8.225703,0.660419,0.407297,0.070093,-0.626924
1.070105,4.838925,-1.119738,-15.591632,-0.086142,9.772287,0.609406,0.434732,0.44649,-0.490175,0.105359,3.402351,0.609805,-4.405515,1.942138,19.999378,0.927264,0.013521,0.043222,-0.371647,1.210032,4.844386,-4.185626,0.935668,3.077391,7.503658,0.62466,0.441591,0.111136,-0.63438
1.389718,4.342325,-2.442915,-15.180067,-8.030313,13.103097,0.57125,0.452755,0.47613,-0.491913,-0.410794,4.682623,-1.003571,2.420043,3.237303,19.869984,0.920535,0.026767,0.087825,-0.379706,0.078753,5.671295,-5.52443,-3.142698,-3.732298,11.927484,0.581174,0.470205,0.170003,-0.642056
0.779399,3.790637,-4.474315,-12.117254,0.468993,12.815958,0.526853,0.453633,0.513195,-0.503255,1.475026,5.08171,-2.486047,6.285397,-3.126219,9.829096,0.904734,0.057096,0.129165,-0.401876,-1.980536,6.274714,-5.907554,-11.364129,-5.26489,19.999378,0.53979,0.486795,0.246091,-0.641162
0.243528,2.786527,-4.547946,-9.561719,10.671989,6.183053,0.488053,0.445049,0.54632,-0.515036,0.633218,6.352403,-2.00395,-0.704345,3.602903,1.2854,0.886149,0.085948,0.184695,-0.416213,-2.035877,5.324355,-4.070689,-2.978514,4.584348,13.921501,0.509371,0.498561,0.306815,-0.630741
-0.303796,3.892357,-4.264058,-1.368695,11.801401,2.421536,0.44558,0.439703,0.584761,-0.515914,-0.955681,8.087102,-3.93021,-7.239376,1.089477,0.183716,0.852117,0.103662,0.26293,-0.440468,-1.166399,5.44887,-2.338119,-11.445916,12.752678,0.773925,0.482974,0.519112,0.352726,-0.610602
-0.845121,3.264857,-3.529383,4.402794,9.111869,-9.753145,0.411486,0.431827,0.618512,-0.511507,-2.541387,9.640882,-5.802195,-8.574214,-3.004759,-4.67529,0.798427,0.108551,0.360227,-0.470066,-1.186619,3.884448,-5.179619,-14.921256,19.999378,-7.672115,0.442945,0.517995,0.404614,-0.609723
-1.878956,3.34476,-1.578978,-7.178468,6.575477,-7.04447,0.390571,0.431327,0.648155,-0.491222,-4.222874,9.581285,-6.123593,-14.259025,-5.646969,2.035521,0.734192,0.097124,0.460134,-0.489695,-2.027363,4.76989,-6.542901,-8.790889,7.431636,-2.906492,0.393011,0.510132,0.470241,-0.603469
-2.053216,1.806688,-0.041997,-4.125226,-1.761117,-46.899323,0.387167,0.431881,0.665432,-0.469865,-4.317591,8.995956,-1.037627,-12.374871,-1.585692,0.9906,0.688369,0.104368,0.545792,-0.466219,-1.837929,4.936974,1.304749,6.16943,-2.057494,0.280762,0.386423,0.538001,0.493406,-0.563715
-4.336871,5.378887,5.890213,-18.970299,-12.126825,-35.949768,0.395918,0.477661,0.678598,-0.393175,-3.61839,8.686265,1.613376,0.819702,-3.104857,0.625,0.649217,0.127904,0.618,-0.424532,-0.432078,4.466583,3.320405,0.856323,7.81921,-9.965204,0.384833,0.577242,0.494481,-0.523618
-1.016109,-1.878683,-0.324249,-23.325235,0.535992,-6.163911,0.412421,0.464006,0.67637,-0.396387,-3.159706,7.938109,1.1366,-1.602172,-1.583251,-2.513426,0.606546,0.147534,0.67923,-0.385973,0.320334,3.53538,2.677609,-14.448234,4.537961,-10.532221,0.379133,0.609842,0.490487,-0.493725
-0.392154,1.507255,-1.916044,-20.865414,-3.809374,-3.416951,0.396475,0.455165,0.692706,-0.394692,-2.040133,7.95833,1.265372,-19.999989,0.952148,7.069088,0.55865,0.174013,0.730841,-0.351418,0.06279,0.301178,3.218239,-19.785145,-2.135009,-14.699698,0.392766,0.627156,0.471604,-0.479574
-0.398699,-0.934024,-0.079903,-25.785057,-4.259224,-6.786045,0.404632,0.449271,0.69075,-0.396592,-1.648496,4.835872,1.676166,-17.4475,3.015745,7.797237,0.531485,0.193855,0.759498,-0.32109,0.674723,-1.575064,-1.321777,-10.59936,-8.164668,-6.544796,0.389227,0.615821,0.470602,-0.497786
-0.229893,-0.77858,0.453786,-25.545774,-6.431907,-8.662018,0.412836,0.448189,0.686398,-0.396915,-1.068489,0.936525,0.967387,-0.355224,4.750363,-2.340697,0.52948,0.198682,0.765961,-0.305732,0.617255,-1.022727,-0.068111,-12.1997,-1.541137,-11.925653,0.389675,0.612917,0.464098,-0.507041
-0.055632,-0.326977,0.478329,-21.363121,-10.174282,-11.274981,0.416924,0.449817,0.683304,-0.396138,0.322462,-1.036562,-0.359711,-13.351433,-5.840451,-12.11303,0.535389,0.194455,0.76036,-0.312074,-0.013835,-2.250851,0.124515,-11.637567,0.618896,-4.132078,0.400647,0.602063,0.454596,-0.519939
0.015817,-0.553869,0.652589,-18.8363,-10.375279,-10.815558,0.422908,0.452016,0.678168,-0.396118,0.604484,-2.73827,-0.870542,-16.655874,-10.615229,-8.990474,0.551808,0.182308,0.745373,-0.326624,0.427821,-3.783346,0.991865,-16.8402,-5.130612,-4.421384,0.41982,0.588095,0.431163,-0.540357
-0.099538,-0.210803,0.667043,-10.518848,-3.952943,-6.192625,0.427129,0.455234,0.674844,-0.393573,0.584264,-3.947238,0.809881,-17.418203,-9.137568,-7.407833,0.582068,0.178419,0.719818,-0.333493,0.602356,-3.917439,0.415051,-16.223745,-5.54382,-3.708494,0.43479,0.570742,0.408963,-0.563873
-0.186259,-0.093266,0.851939,-3.742375,0.679562,-1.674976,0.432074,0.460025,0.671211,-0.388789,0.654503,-3.457691,0.863092,-19.302967,-4.71069,-5.917355,0.608098,0.176881,0.69571,-0.338984,0.779018,-3.605619,0.095781,-18.582752,-3.193968,-2.553099,0.445074,0.553822,0.388348,-0.586829
0.163079,-0.245164,0.905117,0.602991,0.81356,0.622134,0.436547,0.465861,0.665268,-0.387052,0.444849,-1.77514,0.483162,-16.171255,-1.997069,-4.617307,0.621063,0.177051,0.682601,-0.342025,0.515088,-1.981601,0.242645,-19.993275,0.012207,-1.948241,0.451094,0.545469,0.375247,-0.598463
0.030543,0.057541,0.701404,-3.464807,-0.995414,-2.354537,0.43846,0.470894,0.662314,-0.383854,0.09046,-0.253287,0.490611,-12.349847,-5.021359,-3.453978,0.624074,0.180042,0.680063,-0.340033,0.098974,0.288407,-0.214975,-19.981068,-3.395384,-1.44226,0.447951,0.546866,0.377386,-0.598205
0.135536,0.446422,0.786216,-6.881758,-0.631705,-1.770689,0.438055,0.478312,0.659876,-0.379315,-0.159635,0.748155,0.318205,-8.74145,-4.253538,-4.018552,0.6201,0.183699,0.684908,-0.335595,0.324591,1.609119,0.003193,-12.196649,-2.383421,2.150878,0.439904,0.557673,0.382771,-0.590731
0.152716,0.46933,1.042834,-5.379066,0.401994,-3.464807,0.438061,0.487785,0.656401,-0.373226,-0.28415,1.285593,0.30437,-6.247555,-2.362669,-3.292845,0.612559,0.188318,0.693435,-0.329315,0.551272,1.488861,-0.188369,-6.170041,0.13916,3.556516,0.430061,0.567946,0.386966,-0.585435
0.327249,0.184078,1.222003,-4.584648,0.181855,-3.024528,0.43965,0.49804,0.650074,-0.368861,-0.460813,1.407979,0.519345,-4.9176,0.009766,-3.048094,0.605139,0.193847,0.702696,-0.320063,0.42995,0.724742,0.330976,-3.87512,1.863402,3.533934,0.426888,0.575212,0.38551,-0.581611
0.419152,0.159261,1.241638,-5.694918,-1.904687,-6.23091,0.440791,0.508547,0.643188,-0.365218,-0.46507,1.303685,0.783275,-4.497068,-0.042114,-2.812498,0.599145,0.200815,0.710647,-0.309307,0.474648,0.794982,1.592092,-3.800047,3.083494,2.122802,0.430484,0.587902,0.376705,-0.571962
0.474511,0.277889,1.096285,-6.297909,-1.569692,-4.718646,0.440278,0.518685,0.637257,-0.361962,-0.31927,1.120637,0.8599,-5.011594,-1.089477,-3.177488,0.594205,0.208509,0.716753,-0.299502,-0.05534,1.102545,3.1331,-3.800657,2.46765,-0.936279,0.444452,0.605669,0.362995,-0.551229
0.407698,0.235347,0.913298,-8.020741,-1.148555,-5.465207,0.43968,0.527167,0.632233,-0.359235,-0.23626,0.971644,0.718357,-5.646969,-1.211547,-3.23242,0.589622,0.215192,0.721884,-0.2914,-0.117066,0.74922,2.547772,-3.330687,-1.794433,-5.499264,0.456088,0.61847,0.351632,-0.534626
0.164715,0.03218,0.781853,-9.188439,-1.904687,-4.632504,0.441112,0.532852,0.627845,-0.356779,-0.127708,0.884377,0.758798,-6.018673,-0.952148,-2.686766,0.585479,0.222541,0.725976,-0.283971,0.286279,0.687494,1.496311,-4.719235,-3.099974,-5.538327,0.459567,0.628739,0.344184,-0.524418
0.031634,0.093539,0.648772,-10.557134,-0.622134,-3.407379,0.442634,0.537193,0.624699,-0.353894,-0.025542,0.739641,0.748155,-6.74316,-1.723022,-2.219237,0.582017,0.22986,0.728875,-0.277765,0.690687,0.460813,0.103231,-6.941525,-3.143919,-4.556272,0.453887,0.634732,0.342279,-0.523392
-0.084539,0.019908,0.549506,-10.174282,-0.066999,-3.713661,0.44481,0.540115,0.622196,-0.351117,-0.177727,0.015963,0.964195,-7.700801,-1.679076,-2.291869,0.584717,0.235833,0.727411,-0.270839,0.918433,0.005321,-1.505889,-9.094844,-0.631103,-3.250731,0.439836,0.633756,0.347229,-0.533218
-0.092721,-0.006818,0.493056,-9.79143,0.736989,-4.278367,0.446982,0.542908,0.619879,-0.348137,-0.129836,-0.558722,1.127022,-7.850948,-0.866088,-3.254393,0.591885,0.241807,0.721966,-0.264496,0.74177,-0.2916,-2.465827,-10.590204,0.745849,-2.764281,0.422646,0.62681,0.357681,-0.548212
-0.064359,-0.134445,0.416697,-11.322837,1.531407,-4.249653,0.44984,0.544877,0.617066,-0.346372,-0.014899,-0.959938,0.893955,-9.006953,0.43457,-3.095091,0.601045,0.245795,0.714221,-0.261169,0.432078,-0.20859,-1.762369,-10.601191,0.963134,-2.656249,0.410788,0.62124,0.365556,-0.558278
-0.053723,-0.363792,0.314432,-12.299109,1.521835,-4.469793,0.453719,0.54542,0.613708,-0.346424,0.02022,-1.000378,0.60342,-10.618891,0.847778,-2.702635,0.609617,0.247825,0.706693,-0.25986,0.181984,-0.168149,-0.815202,-10.230707,1.379394,-2.319335,0.405611,0.618241,0.368973,-0.563123
-0.039815,-0.556051,0.222257,-12.327823,1.349552,-4.393222,0.458378,0.544751,0.609905,-0.348056,0.104295,-0.904598,0.218168,-12.061761,0.467529,-2.990111,0.616177,0.24783,0.700451,-0.261276,-0.008514,-0.343747,-0.1458,-11.321404,0.977172,-2.261962,0.405984,0.615906,0.368631,-0.565632
-0.03218,-0.642772,0.155171,-12.021541,0.985843,-4.0008,0.463205,0.5432,0.606076,-0.350768,0.085139,-0.76944,0.02022,-13.514397,0.001831,-2.917479,0.621247,0.246635,0.695558,-0.263465,-0.114937,-0.54063,0.287343,-11.732781,1.054077,-1.884154,0.410188,0.61361,0.365407,-0.567185
-0.031634,-0.59423,0.10881,-10.710274,1.18684,-3.254239,0.467605,0.541596,0.602651,-0.353302,0.056404,-0.529988,-0.063854,-13.735954,-0.055542,-2.471922,0.624484,0.245308,0.692398,-0.265367,-0.151121,-0.79711,0.351197,-12.106317,1.230468,-1.35559,0.415905,0.609918,0.360907,-0.569878
-0.022362,-0.361338,0.015544,-9.437292,0.947558,-2.756532,0.470188,0.540245,0.600787,-0.355111,0.045762,-0.318205,-0.097909,-12.596428,-0.068359,-2.264403,0.626172,0.244229,0.690666,-0.266894,-0.151121,-0.633218,0.209654,-12.402337,1.542968,-0.885009,0.420247,0.606634,0.357878,-0.572104
0.01009,-0.179442,-0.078813,-8.126026,0.51685,-2.172683,0.47105,0.539022,0.600258,-0.356719,-0.010642,-0.239452,-0.002128,-10.798334,-0.247192,-2.059325,0.627681,0.243636,0.68936,-0.267271,-0.142607,-0.31927,-0.024477,-11.467278,1.21643,-0.526123,0.422008,0.604303,0.357585,-0.573456
0.021271,-0.191714,-0.124082,-7.905886,0.239282,-1.952543,0.471703,0.537509,0.599917,-0.358709,-0.064918,-0.255416,0.194755,-8.396602,-0.741577,-1.640014,0.629905,0.243915,0.687652,-0.266178,-0.232003,-0.081946,-0.028734,-10.662226,0.3125,-0.543823,0.4233,0.602799,0.358978,-0.573215
0.021271,-0.299978,-0.164715,-8.556734,0.066999,-1.952543,0.472839,0.535354,0.599288,-0.361475,-0.108552,-0.33949,0.235195,-6.459347,-0.683593,-1.724853,0.632907,0.243966,0.68543,-0.264739,-0.446978,-0.259673,0.583199,-8.389888,-0.516357,-0.411987,0.429996,0.601454,0.357187,-0.570759
0.034634,-0.304887,-0.226347,-7.953743,0.258425,-4.632504,0.473437,0.533156,0.599087,-0.364264,-0.119194,-0.567236,0.09046,-7.448116,-0.53833,-2.147826,0.637106,0.242381,0.682124,-0.264661,-0.653439,-0.519345,1.150435,-6.783443,-1.016845,-1.608275,0.442057,0.599793,0.351975,-0.566514
-0.004091,-0.157352,-0.313887,-7.465607,-0.765703,-1.416551,0.47322,0.530479,0.600066,-0.366833,-0.125579,-0.723678,-0.072368,-8.187251,-1.433105,-1.861571,0.641907,0.239109,0.678222,-0.266061,-0.45017,-0.650246,0.324591,-5.346066,-1.273193,-0.484619,0.448609,0.595182,0.349971,-0.567468
-0.039815,0.065177,-0.304614,-6.623333,0.708275,0.861416,0.472092,0.528611,0.602011,-0.367796,-0.097909,-0.655567,-0.192626,-8.605952,0.228271,0.217895,0.646267,0.235554,0.674524,-0.26807,-0.222425,-1.307942,-0.196883,-3.064574,2.567137,1.071777,0.453573,0.586048,0.346269,-0.575247
0.041452,0.04936,-0.283616,-6.613762,0.928415,0.287139,0.470723,0.527206,0.60345,-0.369208,0.005321,-0.688558,-0.146864,-9.143672,0.229492,0.704956,0.650699,0.232821,0.670186,-0.270605,0.017028,-0.96313,-0.8599,-5.729977,2.722166,5.205686,0.451971,0.577444,0.346666,-0.584888
0.087539,0.120537,-0.221166,-8.039884,0.870987,-1.971686,0.468975,0.526749,0.604663,-0.370097,0.097909,-0.685366,0.001064,-8.176875,0.775756,0.485229,0.655235,0.231793,0.66527,-0.272664,0.065982,0.343747,-1.886884,-13.891594,2.65869,1.415404,0.43951,0.573236,0.358402,-0.591415
0.079358,0.315523,-0.169079,-10.451849,0.267996,-2.59382,0.466126,0.527101,0.606665,-0.369919,0.088331,-0.335233,0.015963,-8.759761,-0.26123,-0.633545,0.657146,0.231697,0.662956,-0.27378,-0.116001,1.047205,-0.945038,-19.257191,0.338745,-0.245361,0.430591,0.575571,0.369276,-0.589013
0.011181,0.545415,-0.001636,-12.356536,0.459422,-2.976671,0.462906,0.529029,0.609054,-0.367276,0.045762,0.00745,-0.04789,-10.450434,-0.761718,-0.40039,0.656656,0.231715,0.663198,-0.274355,-0.259673,1.124894,-0.159635,-13.084709,-0.303345,-0.109863,0.426729,0.580483,0.376787,-0.582207
-0.035179,0.550597,0.144808,-12.815958,0.641276,-2.813959,0.460449,0.531662,0.610825,-0.363603,0.04789,0.246902,-0.169213,-11.576531,-0.194702,0.015259,0.654477,0.231859,0.665057,-0.27494,-0.295857,0.630026,0.411858,-8.222041,0.606079,0.432129,0.4287,0.584429,0.37854,-0.575636
-0.006,0.378246,0.058359,-12.279965,0.191426,-2.794817,0.458506,0.533217,0.61219,-0.361479,0.022349,0.351197,-0.188369,-11.663812,-0.445556,-0.305176,0.65145,0.231897,0.667854,-0.275317,-0.141543,0.470391,0.509767,-6.891476,0.923461,0.74707,0.430884,0.588385,0.378167,-0.570196
0.028907,0.131718,-0.065723,-11.954542,-0.315853,-3.282953,0.457302,0.533226,0.613053,-0.361529,0.022349,0.396959,-0.22136,-11.104119,-1.100463,-0.657959,0.647915,0.231617,0.671096,-0.276008,-0.028734,0.274572,0.523602,-7.419429,0.178223,0.135498,0.43276,0.591659,0.376677,-0.566361
0.052633,-0.061905,-0.162534,-11.284552,0.07657,-3.206382,0.456872,0.532064,0.61341,-0.363173,0.004257,0.435271,-0.335233,-10.579218,-1.209106,-1.09558,0.643834,0.230572,0.674882,-0.277201,0.023413,0.096845,0.179855,-8.121943,0.117798,-0.348511,0.433033,0.593016,0.376142,-0.565087
0.064086,-0.1279,-0.205076,-10.691132,0.191426,-3.206382,0.456637,0.530454,0.613641,-0.365428,0.012771,0.407601,-0.358646,-10.197748,-0.444946,-1.098632,0.639897,0.229493,0.678448,-0.278505,0.117066,-0.098974,-0.487418,-8.468013,0.745849,-0.45227,0.429828,0.591295,0.378048,-0.568058
0.074449,-0.193895,-0.238619,-9.686146,-0.114855,-3.014956,0.456471,0.528412,0.613815,-0.368291,0.048955,0.288407,-0.369289,-9.147334,-0.46997,-1.508178,0.636622,0.228212,0.681172,-0.280406,0.171341,-0.297985,-0.781147,-9.323114,0.212402,-0.718994,0.425285,0.587462,0.380598,-0.573722
0.062723,-0.224438,-0.184896,-8.690732,-0.124427,-2.603391,0.456791,0.526528,0.613571,-0.370989,0.087267,0.17347,-0.401216,-8.414302,-0.788574,-1.711425,0.633915,0.226582,0.683135,-0.283072,0.171341,-0.532116,-0.587456,-9.689325,-0.302734,-0.720214,0.422687,0.582934,0.381026,-0.579943
0.050451,-0.232347,-0.104992,-8.030313,0.114855,-2.163112,0.4577,0.525111,0.612774,-0.373188,0.084074,0.101102,-0.369289,-7.946162,-0.805053,-1.483153,0.63179,0.22494,0.684563,-0.28567,0.105359,-0.502318,-0.207525,-9.691156,-0.085449,-0.29602,0.422549,0.579718,0.379729,-0.584103
0.046088,-0.214348,-0.041724,-7.599605,0.095713,-2.009971,0.458756,0.524126,0.611737,-0.374971,0.089396,0.08301,-0.334169,-7.921748,-0.620727,-1.281738,0.629894,0.223561,0.685754,-0.288074,0.046826,-0.293728,-0.032991,-10.463251,0.232544,0.010376,0.423,0.578166,0.378606,-0.58604
0.036543,-0.13799,0.007636,-7.628319,0.0,-2.0004,0.459538,0.52366,0.610856,-0.376101,0.074496,0.102166,-0.280957,-8.297725,-0.758056,-1.245727,0.628044,0.222498,0.686985,-0.289999,-0.003193,0.042569,0.045762,-10.996087,0.19043,0.180054,0.422901,0.578625,0.378773,-0.585551
0.025362,-0.022635,0.056996,-7.944171,-0.009571,-2.287539,0.459756,0.523838,0.610363,-0.376386,0.04789,0.153249,-0.219232,-8.881221,-0.958251,-1.402587,0.626065,0.221818,0.688478,-0.291254,0.004257,0.28415,0.006385,-10.761713,0.082397,0.040283,0.421612,0.580381,0.380142,-0.583853
0.008454,0.063541,0.112356,-8.327023,0.086142,-2.536392,0.459602,0.524597,0.610146,-0.375868,0.023413,0.251159,-0.137286,-9.382929,-0.979003,-1.593017,0.623706,0.221842,0.690463,-0.291597,0.014899,0.460813,0.011707,-10.087275,0.168457,-0.255737,0.419656,0.583286,0.382109,-0.581077
0.007363,0.09872,0.124627,-9.064013,0.153141,-2.823531,0.459168,0.525647,0.610114,-0.374984,-0.008514,0.380995,-0.089396,-9.703363,-0.985717,-1.695556,0.620657,0.222381,0.693233,-0.29112,0.008514,0.514024,-0.009578,-8.806758,0.211792,0.008545,0.417367,0.586332,0.384484,-0.578086
0.006818,0.054814,0.109356,-9.647861,0.239282,-4.249653,0.459018,0.526664,0.609901,-0.374085,-0.017028,0.470391,-0.034055,-9.577021,-0.778198,-1.954345,0.617168,0.223527,0.696436,-0.290013,0.012771,0.338426,-0.070239,-7.779537,-0.167236,-2.108763,0.41542,0.588219,0.386389,-0.576298
-0.003,0.047724,0.097902,-10.403993,0.258425,-3.522235,0.458906,0.527518,0.609762,-0.373245,0.002128,0.297985,0.117066,-7.788692,-0.461426,-2.321776,0.615258,0.225338,0.698174,-0.288487,-0.019156,-0.012771,-0.093652,-7.568965,0.12085,-0.46936,0.414867,0.587827,0.387169,-0.576573
0.003818,-0.059723,0.08154,-11.016556,0.334995,-2.383251,0.45973,0.527701,0.608917,-0.373352,0.02022,0.010642,0.119194,-7.042843,-0.054932,-2.286376,0.615333,0.226474,0.69807,-0.28769,0.011707,-0.467198,-0.043634,-7.550655,-0.006104,-0.100098,0.416096,0.584983,0.385674,-0.579574
0.021271,-0.166352,-0.05536,-10.872986,-0.066999,-2.210968,0.460542,0.52669,0.608281,-0.374813,0.029799,-0.507639,0.194755,-6.870113,-1.131591,-0.544433,0.619231,0.226296,0.694499,-0.288108,0.041505,-0.637475,-0.114937,-9.81933,-0.002441,0.478515,0.417567,0.580776,0.383524,-0.584156
0.040088,-0.278707,-0.122446,-10.193424,-0.143569,-2.545963,0.461618,0.524899,0.607454,-0.377333,0.041505,-0.672595,0.023413,-11.743768,-1.086425,-2.06787,0.623694,0.224883,0.690318,-0.289629,0.03512,-0.368224,-0.196883,-11.295159,0.296631,0.159302,0.417425,0.578104,0.383122,-0.587164
0.022907,-0.311159,-0.109356,-9.944571,-0.162712,-2.775674,0.462907,0.522952,0.606556,-0.379894,0.065982,-0.051083,-0.464005,-12.915642,-2.009887,-1.513061,0.622325,0.2219,0.691051,-0.293106,0.017028,0.028734,-0.140479,-11.676019,-0.45105,-0.090332,0.416143,0.577801,0.384211,-0.587661
0.019635,-0.265617,-0.038179,-10.174282,0.401994,-2.498107,0.464486,0.521732,0.605288,-0.381663,0.045762,0.363967,-0.580007,-12.09472,-1.315307,-1.727904,0.617828,0.219344,0.694624,-0.296083,0.009578,0.16602,-0.209654,-11.367181,0.621948,-0.180664,0.414181,0.578223,0.386085,-0.587402
0.022635,-0.135536,-0.013908,-10.298709,0.277567,-2.239682,0.465316,0.52113,0.60451,-0.382706,-0.032991,0.715164,-0.104295,-12.396234,-1.113891,-1.562499,0.612507,0.22071,0.699471,-0.29471,0.013835,0.293728,-0.117066,-11.488641,0.775146,-0.093384,0.412319,0.579784,0.387846,-0.586012
0.014454,0.017181,0.021817,-10.327422,-0.066999,-2.134398,0.465333,0.52124,0.604339,-0.382805,-0.104295,0.783275,0.218168,-10.961297,-1.644286,-1.898803,0.607683,0.223944,0.70426,-0.290826,-0.011707,0.274572,-0.210718,-11.100457,0.024414,0.146484,0.409838,0.580518,0.390519,-0.585251
0.016635,0.178078,0.019908,-10.183853,-0.057428,-2.29711,0.46434,0.521953,0.604932,-0.382102,-0.094717,0.453363,0.373546,-9.07104,-1.23352,-1.480712,0.60559,0.22738,0.706622,-0.286768,-0.001064,0.136222,-0.2916,-9.934076,-0.317993,-0.039673,0.407348,0.580133,0.393035,-0.585687
0.01009,0.238619,0.010636,-9.657433,0.191426,-2.057827,0.46305,0.522858,0.605822,-0.381019,-0.075561,0.131965,0.376738,-7.566524,-0.726318,-1.113891,0.6058,0.23014,0.706893,-0.283437,0.021285,-0.081946,-0.217103,-8.242183,-0.419922,-0.089722,0.406016,0.57884,0.394098,-0.587175
0.007636,0.227438,-0.018271,-8.987442,0.162712,-2.105684,0.461722,0.523525,0.606823,-0.38012,-0.025542,-0.17347,0.073432,-5.994259,-0.440674,-0.838623,0.60725,0.23024,0.70581,-0.28295,0.02767,-0.169213,-0.086203,-7.597652,-0.240478,-0.119018,0.405782,0.57765,0.393984,-0.588582
0.007363,0.1309,-0.047997,-8.585447,-0.095713,-2.172683,0.460756,0.523579,0.607617,-0.379949,0.024477,-0.37461,-0.053212,-5.779416,-0.865478,-1.207275,0.609466,0.228962,0.703783,-0.284269,0.012771,-0.178791,-0.021285,-7.610469,-0.444946,-0.198364,0.406044,0.576578,0.393555,-0.589739
-0.005454,-0.023726,-0.035997,-8.212168,0.009571,-2.306681,0.460797,0.523043,0.607718,-0.380477,0.021285,-0.4225,-0.015963,-6.93298,-0.99121,-1.430663,0.612128,0.227803,0.701376,-0.285426,-0.006385,-0.178791,0.041505,-8.405147,-0.519409,-0.336914,0.406799,0.575704,0.392862,-0.590534
-0.013908,-0.149171,0.006818,-8.614161,-0.009571,-2.325824,0.461854,0.522266,0.607012,-0.381389,0.026606,-0.436335,0.057469,-8.261104,-0.858154,-1.652221,0.615108,0.227214,0.698669,-0.286129,-0.014899,-0.150057,0.113873,-9.181513,-0.241699,-0.444336,0.407972,0.575324,0.391862,-0.59076
-0.019635,-0.198531,0.050724,-9.236296,0.019143,-2.354537,0.463454,0.521561,0.605831,-0.382289,0.023413,-0.40228,0.148993,-9.31518,-0.891723,-1.594237,0.618121,0.227357,0.695951,-0.286146,-0.017028,-0.107487,0.134093,-9.62768,-0.077515,-0.223389,0.409128,0.575281,0.390911,-0.590632
-0.017726,-0.203167,0.084267,-9.686146,0.143569,-2.335395,0.465254,0.521082,0.604401,-0.383017,0.015963,-0.234131,0.155378,-10.239252,-0.817871,-1.539306,0.620015,0.228011,0.694251,-0.285655,-0.006385,-0.038312,0.135158,-10.06164,0.078125,-0.084228,0.409994,0.575722,0.390134,-0.590114
-0.015817,-0.150807,0.097357,-10.30828,0.095713,-2.421536,0.466752,0.520873,0.603155,-0.383443,0.00745,0.00745,0.084074,-11.101068,-0.934448,-1.521606,0.620041,0.2288,0.694236,-0.285003,0.004257,0.061725,0.130901,-10.463861,0.178833,-0.008545,0.410415,0.576801,0.389695,-0.589058
-0.008181,-0.062177,0.076904,-10.557134,0.086142,-2.507678,0.467578,0.520903,0.602413,-0.383564,-0.011707,0.155378,0.065982,-11.602777,-1.167602,-1.682738,0.619,0.229719,0.695257,-0.284038,0.006385,0.185176,0.063854,-10.925286,0.107422,-0.056763,0.409898,0.578319,0.390184,-0.587604
0.003545,0.070904,0.034907,-10.700703,0.009571,-2.555535,0.467339,0.521223,0.602498,-0.383286,-0.025542,0.174534,0.113873,-11.361077,-1.099243,-1.630248,0.617995,0.230947,0.696318,-0.282627,0.004257,0.229874,-0.038312,-11.126702,0.028076,-0.136108,0.408586,0.579664,0.391488,-0.586325
0.011454,0.199895,0.000273,-10.643275,-0.095713,-2.603391,0.466095,0.521845,0.603377,-0.382572,-0.037248,0.139414,0.120258,-10.706171,-1.11145,-1.627807,0.617263,0.232022,0.697187,-0.281201,0.011707,0.157506,-0.092588,-10.676874,-0.182495,-0.197143,0.407144,0.580339,0.392815,-0.585771
0.007909,0.224984,-0.007363,-10.145568,0.047856,-2.574677,0.464728,0.522514,0.604391,-0.381721,-0.030863,0.133029,0.056404,-9.780268,-0.978393,-1.59851,0.616379,0.232675,0.698144,-0.280226,0.014899,0.061725,-0.105359,-9.721674,-0.223389,-0.272827,0.405986,0.580418,0.393805,-0.585832
0.014454,0.157625,-0.024544,-9.848858,0.028714,-2.536392,0.463663,0.522848,0.605158,-0.381343,0.005321,0.119194,-0.010642,-8.972774,-0.775756,-1.603393,0.615328,0.233066,0.69906,-0.279925,0.010642,0.002128,-0.074496,-8.961177,-0.206909,-0.411377,0.405289,0.580282,0.394376,-0.586066
0.012272,0.068177,-0.046088,-9.475577,0.124427,-2.488536,0.463122,0.522727,0.605588,-0.381483,0.0,0.079817,-0.09046,-8.625484,-0.804443,-1.625365,0.614333,0.232741,0.69994,-0.280183,0.006385,-0.045762,-0.018092,-8.690181,-0.196533,-0.46936,0.405146,0.580082,0.39444,-0.586319
0.018817,-0.022635,-0.057269,-9.236296,0.124427,-2.354537,0.463076,0.522236,0.605613,-0.38217,0.008514,0.015963,-0.11068,-8.244624,-0.684814,-1.565551,0.613719,0.232169,0.70044,-0.280751,-0.001064,-0.08301,0.025542,-8.812251,-0.081787,-0.388183,0.405472,0.579826,0.394121,-0.586562
