-0.786489,-0.840485,-1.382628,1.540978,0.488136,9.284152,-0.760516,0.05275,0.081683,0.641991,0.092588,-2.388138,-0.123451,0.443115,1.747436,10.520624,-0.851016,-0.030122,0.062207,0.520563,-0.031927,0.738577,-1.019535,0.206299,4.600827,6.209713,-0.648717,-0.022686,0.11168,0.752443
-0.443968,-0.785671,-0.857938,1.684547,0.631705,9.226724,-0.754055,0.0601,0.085413,0.648448,-0.001064,-2.443478,0.383124,0.38269,1.07788,9.721674,-0.851244,-0.017297,0.082719,0.517912,-0.185176,1.048269,-0.250095,0.90454,3.782957,7.136226,-0.647968,-0.029895,0.103727,0.753973
-0.189805,-0.91548,-0.602684,2.07697,0.842274,7.695318,-0.749163,0.066836,0.09182,0.652571,0.123451,-2.330669,-0.370353,0.425415,1.478271,9.387201,-0.84714,-0.006921,0.1029,0.521258,-0.223489,1.273886,0.1458,-0.028687,1.226196,9.621576,-0.650407,-0.037982,0.093441,0.752854
-0.145899,-0.704949,-0.490874,2.411965,0.612563,7.264609,-0.745142,0.07213,0.096859,0.655874,0.258608,-2.218925,-0.585328,0.247192,1.947631,8.713984,-0.841559,0.001485,0.122822,0.526007,-0.204333,1.2824,-0.043634,-0.339966,-0.875244,10.990594,-0.651323,-0.046203,0.083174,0.752806
-0.154625,-0.45924,-0.490328,2.689533,0.574277,7.331609,-0.741306,0.075918,0.099992,0.659313,0.33949,-2.017785,-0.701329,1.180419,1.212768,8.027339,-0.835214,0.00808,0.141314,0.531389,-0.126644,0.969516,-0.633218,0.167847,-1.096191,10.355829,-0.647404,-0.052967,0.075293,0.756561
-0.191714,-0.472057,-0.458694,2.957529,0.047856,7.360322,-0.737616,0.080273,0.102834,0.662492,0.391638,-1.726185,-0.725807,1.256713,1.267089,6.893307,-0.828798,0.012604,0.157667,0.536719,-0.006385,0.700265,-0.576814,0.592041,-0.029907,8.74084,-0.643576,-0.058332,0.070181,0.759916
-0.223075,-0.574595,-0.319068,3.024528,-0.382852,7.188039,-0.734697,0.085753,0.105994,0.664547,0.474648,-1.434585,-0.315013,0.915527,1.000366,6.409298,-0.824839,0.015658,0.171811,0.538393,-0.057469,0.738577,-0.357582,0.269775,0.808105,8.859248,-0.64142,-0.063493,0.06457,0.761821
-0.137445,-0.563687,-0.154625,3.474379,-0.29671,6.652047,-0.732913,0.090664,0.109563,0.665286,0.498061,-1.097224,0.120258,1.291503,0.893554,5.966794,-0.823664,0.017514,0.183169,0.536388,-0.194755,0.775825,0.068111,0.29541,0.783691,8.546748,-0.642576,-0.067742,0.058007,0.761009
-0.06954,-0.412879,-0.073358,3.56052,-0.133998,6.556334,-0.731869,0.094133,0.112435,0.665475,0.4225,-0.739641,0.542759,1.253661,0.203247,5.885006,-0.825323,0.019099,0.191067,0.531001,-0.307563,0.788596,0.392702,-0.664672,1.167602,8.383784,-0.646187,-0.071622,0.050475,0.758127
-0.040088,-0.123809,-0.009272,4.067799,-0.200997,6.632905,-0.731595,0.095534,0.113325,0.665425,0.300114,-0.424629,0.738577,1.375121,-0.701294,5.537716,-0.82853,0.020527,0.195724,0.524214,-0.28415,0.594906,0.2767,-0.714721,0.478515,7.90649,-0.648772,-0.074036,0.044297,0.75607
-0.001909,0.118355,0.080994,4.259224,-0.612563,6.297909,-0.732239,0.095181,0.112563,0.664897,0.188369,-0.102166,0.772633,2.187499,-0.253296,6.265255,-0.832461,0.021322,0.197164,0.51737,-0.28415,0.561915,0.2916,-0.286255,0.665893,8.536372,-0.65144,-0.07599,0.038489,0.753897
0.032998,0.701131,0.113719,4.632504,-1.158126,7.054041,-0.73378,0.090764,0.107671,0.664625,0.063854,-0.074496,0.531052,3.411253,-0.133667,7.807613,-0.835114,0.0226,0.197895,0.51274,-0.223489,0.620448,0.087267,-0.437622,0.93872,8.262935,-0.652511,-0.078851,0.032608,0.752954
0.007363,0.950114,-0.009272,3.751946,-1.502693,7.475178,-0.734717,0.084772,0.100765,0.665464,-0.042569,-0.095781,0.444849,4.171751,-0.181885,9.490961,-0.837238,0.024704,0.198271,0.509021,-0.148993,0.68643,0.375674,-1.401977,-0.509033,8.522334,-0.655654,-0.082798,0.026926,0.750019
-0.098447,1.302997,-0.274071,1.158126,-0.746561,7.092326,-0.734107,0.076581,0.090372,0.668616,-0.091524,-0.517217,0.652375,5.123288,-1.156005,9.991449,-0.839522,0.029783,0.201912,0.503526,0.069175,0.553401,0.060661,-0.178223,-1.012573,9.486078,-0.656206,-0.087058,0.023649,0.749164
-0.385881,1.398172,-0.248164,2.574677,0.057428,10.049855,-0.733314,0.070148,0.077937,0.671749,-0.200076,-0.703458,1.06104,6.071774,-1.75476,10.139154,-0.843345,0.037535,0.206466,0.494696,-0.02022,0.612998,-0.02022,-0.440063,-0.307617,9.707026,-0.65622,-0.091189,0.019247,0.748786
-0.527689,0.716676,0.04636,3.062813,0.009571,9.877572,-0.733757,0.069503,0.069387,0.67227,-0.205397,-0.260737,0.63109,6.019894,-0.927123,8.815303,-0.845838,0.042236,0.207491,0.489604,0.00745,0.600227,-0.018092,-0.515747,-0.692138,10.125116,-0.656194,-0.095406,0.015132,0.748378
-0.627773,0.118355,0.014181,3.378666,0.29671,9.801002,-0.733449,0.073501,0.064635,0.672655,-0.161763,-0.168149,-0.163892,6.999508,0.081177,9.420771,-0.844594,0.0444,0.208398,0.491174,-0.058533,0.559786,0.089396,0.34729,-0.296631,10.419916,-0.65702,-0.098809,0.011056,0.747282
-0.631046,-0.121628,0.146444,3.656233,-0.468993,10.241281,-0.733848,0.079345,0.061418,0.671856,-0.269251,0.023413,-0.301178,8.085322,0.830078,9.95849,-0.842996,0.046175,0.207287,0.494215,-0.114937,0.421436,-0.148993,0.430298,0.030518,10.603022,-0.65609,-0.100828,0.007293,0.747876
-0.749401,-0.34852,0.42706,3.416951,-1.837688,9.207582,-0.735865,0.087836,0.058619,0.668837,-0.259673,-0.053212,-0.317141,7.722774,1.315307,11.298821,-0.841146,0.048194,0.206887,0.497332,-0.205397,0.389509,0.387381,-0.528564,-0.513916,10.156244,-0.659226,-0.102007,0.003433,0.74498
-0.920116,-0.345248,0.943296,3.397808,-1.847259,8.614161,-0.741078,0.097847,0.054214,0.662029,-0.050019,-0.891827,0.24903,1.808471,1.550292,8.733516,-0.840522,0.053314,0.213744,0.49496,-0.217103,0.2767,0.51296,-2.252806,-0.59082,9.353632,-0.663245,-0.102498,0.000136,0.741345
-1.009018,0.034088,0.924206,3.962514,-2.478964,8.968299,-0.746136,0.105977,0.046414,0.655658,-0.072368,-0.088331,-0.67898,-4.661862,-0.288696,5.580441,-0.836974,0.052769,0.214162,0.500815,-0.260737,0.171341,0.353325,-1.335449,-2.51953,10.118402,-0.666121,-0.101761,-0.002852,0.738857
-0.834758,1.117011,0.549233,-2.632105,-3.34038,16.692331,-0.749329,0.104956,0.031667,0.653054,-1.138729,0.889698,0.259673,-3.280027,-3.783567,16.275015,-0.839562,0.058394,0.200496,0.501517,-0.370353,0.037248,0.211782,-4.485471,-2.339476,12.850334,-0.66803,-0.099501,-0.006012,0.737422
-0.760582,0.797125,0.298888,-4.393222,0.746561,15.05564,-0.750722,0.105201,0.020217,0.651868,-1.148307,0.274572,3.526866,11.091302,6.055905,19.779041,-0.856465,0.073499,0.190574,0.474067,-0.559786,-0.207525,-0.019156,-5.225827,0.379638,16.49169,-0.668409,-0.094327,-0.009157,0.737726
-0.851939,-0.416425,0.176169,-3.292524,1.627119,11.657832,-0.750892,0.113973,0.017483,0.650275,-0.017028,0.34694,0.478905,-2.427367,-0.279541,11.012567,-0.859433,0.072779,0.186831,0.47028,-0.585328,-0.696008,-0.669402,-2.565306,1.44226,13.063957,-0.664009,-0.085476,-0.009749,0.742754
-0.928024,-1.426807,-0.263163,-3.081956,0.392423,7.264609,-0.74781,0.129823,0.022261,0.650709,-0.137286,-0.310756,-0.54063,-4.127805,-9.572138,5.145871,-0.856263,0.074602,0.188925,0.474918,-0.794982,-1.137664,-0.850322,-2.821654,3.297117,9.641108,-0.658389,-0.072033,-0.008713,0.749167
-0.784307,-1.186551,-0.317704,-3.455236,-1.866402,5.053641,-0.744435,0.143144,0.026094,0.651642,-0.661953,-0.53318,0.483162,-0.187988,-3.928221,4.976804,-0.857084,0.083926,0.189664,0.471574,-0.758798,-1.845379,-0.191562,-0.750122,4.707028,6.39526,-0.657538,-0.053445,-0.002084,0.751514
-0.51869,-0.710131,-0.183805,-5.283352,-3.158526,5.723632,-0.742336,0.15143,0.027903,0.652088,-1.14405,-0.526795,-0.522538,-4.20471,-2.041014,7.482296,-0.852655,0.095152,0.188853,0.477757,-0.728999,-2.445606,0.372481,-2.509764,4.166257,7.691646,-0.660557,-0.03064,0.008862,0.750093
-0.206167,-0.554687,-0.336521,-3.790231,-1.694118,7.130611,-0.739719,0.15625,0.030878,0.653789,-1.074875,-0.694944,-1.851764,-4.93469,-2.833861,11.05346,-0.841335,0.104048,0.191006,0.494812,-0.801367,-3.187376,0.094717,-1.014404,4.733884,11.344598,-0.660873,-0.001735,0.024178,0.750101
-0.075267,-0.672497,-0.748037,-0.421137,0.937986,9.064013,-0.734506,0.16059,0.036505,0.658309,-0.682173,-1.535687,-2.053968,1.361694,3.49243,9.438471,-0.827249,0.113054,0.202558,0.511704,-0.786468,-3.494939,-0.947167,3.360594,3.780515,13.184196,-0.652479,0.029434,0.041729,0.756079
-0.116446,-1.026199,-0.932388,1.512264,3.148955,8.279166,-0.727737,0.167526,0.044983,0.663553,-0.470391,-1.249409,-2.524359,1.071777,5.361936,8.153682,-0.810926,0.117799,0.21328,0.532001,-0.733256,-3.352332,-0.67898,-4.357908,4.83093,7.318721,-0.645337,0.058848,0.058236,0.759392
-0.360792,-1.299998,-0.569686,0.430708,5.091927,7.590034,-0.722696,0.178169,0.053178,0.66568,-0.65131,-0.589585,-1.216418,6.347652,6.263424,8.262324,-0.802262,0.123355,0.216294,0.542556,-0.484226,-3.07776,-0.610869,-2.240599,6.646725,5.981442,-0.638288,0.084584,0.074903,0.761456
-0.394881,-1.296998,0.18326,-0.363709,6.288338,5.742774,-0.722461,0.189404,0.059766,0.662265,-1.013149,-1.182362,-0.111744,2.32971,8.554072,7.807003,-0.797711,0.137284,0.220538,0.54421,-0.352261,-2.772326,0.159635,-5.370481,7.008663,3.225706,-0.636876,0.107635,0.089813,0.758109
-0.267254,-1.217367,0.92557,1.177269,7.915457,1.885544,-0.727248,0.199671,0.065313,0.653427,-1.443099,-1.736827,0.172406,5.097043,3.246458,5.601803,-0.792545,0.158405,0.226576,0.543539,-0.384188,-1.978408,1.123829,-5.303952,8.121333,-0.946655,-0.643021,0.125691,0.098394,0.749023
-0.224438,-0.604048,1.515164,2.74696,6.833901,-1.617548,-0.736155,0.206078,0.065569,0.641327,-2.136979,-1.376052,1.676166,3.125608,-1.91162,3.936765,-0.794808,0.186891,0.222987,0.53256,-0.290535,-1.173848,2.069932,-2.438353,6.346432,-3.869627,-0.656782,0.13805,0.101384,0.734365
-0.374973,0.086448,1.467167,4.220939,3.005385,-2.488536,-0.744682,0.209315,0.059875,0.630906,-2.227438,-1.71235,1.891141,5.858151,4.756467,4.523313,-0.796355,0.217614,0.221402,0.519072,-0.275636,-0.273508,2.797867,-3.570554,1.379394,-4.019773,-0.676423,0.144313,0.097193,0.715661
-0.817578,0.696223,1.14919,2.230111,-1.761117,0.095713,-0.750487,0.212033,0.047192,0.62416,-2.05929,-2.160392,2.05184,0.95581,4.741208,4.189451,-0.797216,0.249274,0.223415,0.50238,-0.16602,0.388445,2.968144,-2.896727,-1.864623,1.913451,-0.697554,0.145353,0.088697,0.695999
-1.002746,0.700041,1.722422,1.052842,-6.259624,5.015356,-0.759287,0.216192,0.031719,0.612968,-1.678294,-1.652753,1.773011,5.455929,4.103391,4.386594,-0.797827,0.274573,0.223944,0.487773,0.011707,0.413986,2.279586,-1.921996,-3.104246,7.589717,-0.713678,0.144276,0.082186,0.680504
-0.591776,-0.027271,2.057034,-1.177269,-8.547162,6.441479,-0.770464,0.221598,0.023485,0.597259,-1.743213,-1.636789,2.201897,1.358642,0.950317,4.369504,-0.799755,0.300932,0.222298,0.469475,0.063854,0.234131,0.622576,-0.867919,-5.082395,7.460323,-0.718241,0.142801,0.079664,0.6763
-0.219257,-0.60732,1.512982,-0.478565,-8.23131,3.905087,-0.778778,0.22746,0.023184,0.584141,-1.625083,-1.549522,2.795738,0.041504,-3.374632,4.909055,-0.80415,0.327202,0.218179,0.445725,0.552337,0.087267,-0.226682,-0.551147,-0.711059,4.593503,-0.717613,0.137842,0.082787,0.67762
0.068177,0.188168,0.728675,-1.215554,-4.699504,3.876373,-0.783253,0.22609,0.020082,0.578781,-1.571871,-1.217482,2.930896,-0.887451,-5.494381,2.522582,-0.808989,0.351603,0.210921,0.421208,0.975901,-0.350132,-0.078753,1.052245,-3.410032,6.563107,-0.718147,0.133313,0.091663,0.676818
0.238892,0.616319,0.871301,-1.885544,-3.330809,4.211368,-0.788977,0.220768,0.014282,0.573205,-1.654881,-0.936525,2.34344,-2.489012,-5.988156,0.69458,-0.810759,0.373896,0.202894,0.402117,0.536373,-0.404408,0.516153,0.760498,-6.423336,7.83813,-0.722008,0.132862,0.097164,0.672014
-0.04936,0.42406,0.55796,-2.756532,-4.402794,5.503492,-0.792169,0.218755,0.009036,0.56967,-1.570807,-0.522538,1.521852,-1.905517,-5.913693,2.052001,-0.809817,0.391866,0.194756,0.390767,-0.105359,-0.254352,1.083389,1.817016,-8.095698,10.731806,-0.728902,0.136594,0.096518,0.663868
-0.66268,0.225529,0.238074,-3.790231,-6.805188,8.671589,-0.792133,0.222698,0.002567,0.568257,-1.131279,-0.273508,0.270315,-2.468871,-8.214717,2.949827,-0.805929,0.402732,0.191158,0.389533,-0.830101,-0.506575,0.939717,1.766356,-10.309443,15.888052,-0.7335,0.147076,0.093054,0.657023
-1.244365,-0.030543,-0.122991,-3.062813,-8.30788,11.169696,-0.788654,0.232688,-0.004378,0.569081,-1.051462,-0.445913,-0.147928,-1.763305,-10.476068,5.621335,-0.800308,0.412734,0.190911,0.390772,-1.207904,-1.462255,0.389509,4.407957,-7.991939,12.596428,-0.732812,0.166161,0.094985,0.652952
-1.69406,-0.275707,-0.038724,-2.823531,-9.628718,13.313665,-0.784445,0.247555,-0.01214,0.568513,-1.198326,-0.565107,0.589585,-1.761474,-13.001701,8.975825,-0.796614,0.425664,0.187971,0.385842,-1.833672,-1.592092,1.572935,3.217772,-4.092405,16.44042,-0.738288,0.191363,0.091648,0.640237
-1.721058,-0.479966,-0.312796,-0.172283,-10.643275,14.778072,-0.778384,0.2638,-0.017768,0.569389,-1.758112,0.075561,1.114251,1.030273,-16.520376,16.23168,-0.793531,0.441345,0.175494,0.380416,-2.292356,-1.328162,1.379245,-0.115967,-1.029662,19.999378,-0.741254,0.21766,0.083906,0.629379
-1.553616,0.178624,-0.243255,0.114855,-7.666604,17.888742,-0.772869,0.27463,-0.027618,0.571385,-2.02417,0.495932,2.425385,7.627559,-17.925406,15.433341,-0.794411,0.459542,0.152743,0.366597,-2.122079,-1.14405,1.683616,0.056152,3.917845,19.765003,-0.746001,0.241553,0.075314,0.615999
-1.401172,0.340612,0.597775,-1.311267,-2.804388,19.152153,-0.772341,0.282984,-0.039958,0.567278,-1.235574,0.268187,2.186998,15.165397,-10.785517,16.378775,-0.796977,0.471305,0.136098,0.352376,-2.893648,-1.129151,2.118887,4.653928,-1.092529,19.997547,-0.750744,0.27116,0.060739,0.599298
-0.866665,-0.15108,0.877846,-0.421137,-1.78026,18.032312,-0.774958,0.289833,-0.046189,0.559727,-0.188369,-0.999314,-1.332419,11.360467,-9.24682,19.999378,-0.790032,0.474193,0.149661,0.358585,-3.162899,-1.964573,1.273886,6.516109,-6.785885,19.999378,-0.748131,0.306947,0.052834,0.585904
-0.899117,-0.626682,1.090558,4.029513,-4.948357,12.547962,-0.77869,0.299527,-0.049276,0.54908,0.230938,-1.568679,-0.467198,11.602166,-3.039549,17.369375,-0.787076,0.476978,0.165152,0.35457,-2.844693,-3.224624,-0.65131,4.875485,-4.937131,12.25036,-0.733292,0.346162,0.062107,0.581885
-1.74342,-1.121919,1.071468,8.030313,-1.473979,10.576276,-0.779661,0.318593,-0.052941,0.536485,0.649182,-1.660203,0.262865,12.07824,-0.844116,5.982663,-0.788171,0.47797,0.179541,0.343638,-3.312955,-3.335304,0.074496,6.708981,-3.73657,7.151485,-0.719262,0.389592,0.067291,0.571266
-2.631902,-2.840251,1.385355,8.575876,-1.368695,3.713661,-0.779455,0.353458,-0.048938,0.514893,-0.22136,-1.825159,0.933332,9.448236,-3.581541,-1.701659,-0.786695,0.487725,0.188921,0.327927,-3.391709,-2.208282,1.896462,6.328732,-6.834713,4.349363,-0.714595,0.427743,0.056325,0.550644
-2.755166,-2.409373,1.152735,8.671589,-4.316652,0.421137,-0.776121,0.386756,-0.048154,0.49571,-0.996122,-1.222803,1.487797,3.551023,-6.3092,0.598755,-0.784119,0.502541,0.187906,0.311919,-2.978786,-0.879056,1.909233,5.603024,-2.76367,-0.337524,-0.711247,0.454899,0.038194,0.534535
-2.372011,-1.483257,0.701404,7.293324,-9.092726,2.67039,-0.770678,0.412308,-0.050997,0.483165,-1.462255,-0.188369,1.529302,1.629638,-9.111934,3.348997,-0.781071,0.517484,0.176788,0.301455,-2.389202,-0.685366,0.597034,4.249876,-1.267089,-2.814329,-0.702909,0.475901,0.02775,0.527881
-2.683989,-0.596412,1.170734,1.942972,-9.944571,-0.363709,-0.765136,0.435356,-0.064308,0.469989,-2.049712,0.553401,2.825537,4.348142,-9.340204,2.382201,-0.779419,0.536723,0.151387,0.285497,-1.909233,-0.660888,0.25648,6.06567,-5.258786,2.696532,-0.69469,0.493017,0.021258,0.523336
-3.083779,2.755439,1.595613,3.732803,-8.566305,3.129812,-0.75657,0.444821,-0.106752,0.46726,-2.433899,1.170656,2.720178,6.528927,-6.546627,1.35559,-0.775148,0.556237,0.120841,0.274108,-1.752791,-0.365032,0.689623,11.304925,-10.363764,7.953486,-0.689289,0.507278,0.011528,0.517115
-3.162864,4.026802,0.5026,6.498906,-10.327422,11.705688,-0.739605,0.448666,-0.153771,0.477524,-2.477533,0.798174,2.207218,1.900023,-9.011836,2.052611,-0.767924,0.575748,0.095257,0.264053,-2.029491,-0.633218,0.270315,7.619014,-10.794062,5.924069,-0.680094,0.52469,0.003898,0.512004
-2.793618,1.525527,-0.480511,4.163511,-15.026926,13.926228,-0.722166,0.462311,-0.176033,0.483475,-2.785096,1.210032,3.087338,4.040525,-13.356926,4.284666,-0.760522,0.5964,0.060466,0.2495,-1.946481,-0.910983,0.569364,9.447626,-9.882807,2.713011,-0.672431,0.542725,-0.002753,0.50326
-2.769347,-1.129828,-0.031361,0.928415,-18.233309,7.015756,-0.710847,0.487725,-0.181314,0.47322,-2.795738,0.716228,2.771261,5.481564,-19.196766,6.278683,-0.750694,0.617032,0.031175,0.233986,-2.268943,-0.966323,0.365032,10.975335,-11.590569,2.990111,-0.661601,0.562894,-0.009529,0.495314
-2.982059,0.189532,0.251437,5.752346,-13.935799,6.336195,-0.696666,0.507573,-0.197687,0.466838,-2.344504,0.93546,2.223181,12.231439,-19.834583,5.328366,-0.741225,0.632784,0.00526,0.223908,-2.250851,-0.063854,1.462255,9.654535,-10.400385,3.193968,-0.655757,0.577968,-0.028304,0.484898
-2.780255,1.315815,-0.226893,3.742375,-12.337394,6.183053,-0.678535,0.520993,-0.218269,0.469581,-2.24553,0.667274,-0.395894,9.304804,-16.126089,5.072019,-0.725964,0.647641,-0.001936,0.231354,-2.103987,0.468262,3.02987,4.558713,-5.450436,0.751953,-0.657521,0.588467,-0.058941,0.466787
-2.614721,0.681769,0.256891,1.569692,-12.854243,3.838088,-0.664353,0.534871,-0.236681,0.465319,-2.228503,0.386316,-1.232381,4.495237,-13.595573,1.984862,-0.708244,0.662924,-0.0018,0.242715,-2.16252,0.966323,3.897219,4.446409,-7.927852,1.669921,-0.661588,0.595491,-0.098246,0.445007
-2.316107,0.309523,0.752401,2.019542,-14.012369,3.570091,-0.654467,0.547003,-0.253676,0.456181,-2.084831,-0.072368,-0.576814,6.439816,-11.970819,1.161498,-0.692726,0.677775,-0.002233,0.24645,-1.915618,1.353704,4.521923,0.711059,-12.44201,3.273924,-0.668228,0.596861,-0.142781,0.420516
-1.857957,0.092721,1.15219,1.26341,-15.35235,2.009971,-0.649091,0.555816,-0.269205,0.44415,-1.920939,-0.048955,-0.123451,5.89172,-10.877069,-0.24292,-0.679082,0.691217,-0.005564,0.247036,-1.523981,1.296235,4.487868,0.821533,-13.463127,3.886717,-0.675484,0.594342,-0.184699,0.395422
-1.862048,-0.342521,1.708241,0.81356,-14.041083,-2.038685,-0.646907,0.564826,-0.284805,0.425865,-1.727249,-0.168149,1.078067,6.174313,-11.993402,-0.577392,-0.669478,0.703297,-0.015917,0.23856,-1.34519,1.367539,4.704971,-1.899413,-14.017326,2.514647,-0.682775,0.588498,-0.227229,0.368574
-2.533182,-0.212439,1.699787,0.9667,-10.174282,-3.646662,-0.639976,0.577216,-0.30379,0.406149,-1.750662,-0.202204,1.464384,5.869748,-10.397333,-1.486816,-0.660311,0.71523,-0.02882,0.227147,-1.152564,1.31007,4.607062,-2.977904,-14.156487,1.87744,-0.68922,0.580303,-0.267509,0.341547
-3.185498,-0.051269,1.399536,2.431108,-7.312466,-2.459822,-0.62683,0.593445,-0.324277,0.386967,-1.721928,-0.537437,1.333483,4.144895,-11.252435,-2.915037,-0.650797,0.727455,-0.038657,0.213938,-0.823716,1.109994,4.222874,-2.90161,-11.837762,0.821533,-0.695212,0.57031,-0.302469,0.316119
-3.38812,0.055087,1.326996,3.177669,-5.63749,-1.512264,-0.611038,0.610011,-0.34525,0.367849,-1.91349,-0.426757,1.40053,4.348142,-8.942866,-1.701659,-0.639651,0.740204,-0.049934,0.201102,-0.473583,0.838615,3.150128,-2.220458,-10.816034,-0.085449,-0.699452,0.561215,-0.32781,0.297217
-3.340124,-0.336794,1.29018,0.153141,-5.972486,-1.100698,-0.596007,0.626973,-0.363212,0.34605,-2.052904,-0.388445,0.99825,3.610227,-6.294552,1.431274,-0.626593,0.753293,-0.05881,0.190952,-0.467198,1.334548,3.663088,-4.938352,-7.012936,-1.292724,-0.702754,0.548086,-0.359099,0.27709
-3.048054,-0.571323,1.059197,0.794417,-6.632905,-1.531407,-0.582089,0.643139,-0.376775,0.324925,-2.194447,-0.356518,0.91524,-1.306152,-6.246945,0.496826,-0.612009,0.766858,-0.067825,0.181009,-0.576814,1.487797,3.547086,-1.174316,-10.579218,-1.295165,-0.703344,0.535107,-0.390346,0.258049
-2.555271,-0.575413,1.086195,0.957129,-9.41815,-1.818545,-0.570884,0.65574,-0.388449,0.305279,-2.214668,-0.719421,1.038691,0.579223,-7.238155,0.114746,-0.597411,0.780599,-0.075453,0.167521,-0.45017,1.676166,3.293799,-1.418456,-8.449092,0.311279,-0.702214,0.520989,-0.420554,0.242057
-2.078305,-0.527417,1.275999,0.315853,-11.217552,-2.220539,-0.562798,0.664252,-0.399888,0.286546,-2.30832,-0.788596,1.419686,0.632934,-7.578731,-2.399901,-0.582019,0.794436,-0.085834,0.150833,-0.380995,1.681487,2.678673,-2.851561,-8.646235,1.967772,-0.699446,0.507945,-0.446855,0.230389
-1.434443,-0.755673,1.302452,-2.258825,-13.141382,-5.005785,-0.559766,0.669228,-0.408484,0.268193,-2.234888,-0.943974,1.138729,0.702514,-9.290155,-5.284421,-0.566367,0.807768,-0.092789,0.134619,-0.335233,1.758112,3.359782,-4.824826,-9.159541,1.629638,-0.697308,0.490625,-0.476678,0.214051
-0.527962,-0.89639,1.291816,-4.354937,-14.069798,-7.781459,-0.563144,0.669303,-0.413661,0.252542,-2.038005,-1.095095,1.037627,1.245727,-10.300898,-7.254634,-0.551888,0.819734,-0.097699,0.117912,-0.312884,1.399466,2.87662,-5.03967,-10.412592,-0.062866,-0.6947,0.47605,-0.50105,0.19927
0.059723,-0.665952,1.034108,-4.29751,-12.461821,-9.178867,-0.568688,0.666438,-0.416822,0.242293,-1.749598,-1.399466,0.808817,1.317748,-11.045526,-8.23791,-0.539451,0.830188,-0.098647,0.100208,-0.08301,1.125958,2.000757,-6.958004,-9.261469,-0.19165,-0.692408,0.464151,-0.518672,0.190016
0.295888,-0.227984,0.702495,-3.235096,-11.054841,-6.766902,-0.573109,0.662481,-0.419636,0.237828,-1.4282,-1.714478,0.203268,-0.339966,-9.035029,-7.83691,-0.529103,0.839363,-0.09256,0.083334,0.192626,0.787532,1.451613,-7.223506,-9.68078,0.708007,-0.692033,0.453476,-0.530513,0.184387
0.495237,-0.011454,0.511327,-1.799403,-9.628718,-3.503092,-0.577435,0.657654,-0.421886,0.236781,-1.036562,-2.110373,-0.45762,-2.782591,-7.860713,-6.185299,-0.521674,0.846886,-0.078575,0.066774,0.594906,0.279893,0.72155,-5.744626,-9.120479,0.404052,-0.694549,0.445146,-0.534372,0.184079
0.493056,-0.136627,0.589867,-0.842274,-8.776874,-2.364109,-0.582415,0.652824,-0.423674,0.234746,-0.763055,-2.231695,-0.539566,-2.541502,-7.29858,-5.256955,-0.516334,0.852608,-0.063047,0.049761,0.879056,-0.119194,0.207525,-6.003415,-8.764033,-1.090698,-0.69925,0.438289,-0.532974,0.186768
0.380155,-0.501782,0.417515,-0.861416,-8.173882,-1.607977,-0.587938,0.650086,-0.422346,0.23094,-0.644925,-2.113566,-0.080882,-1.357421,-6.771236,-6.066891,-0.511765,0.856972,-0.051867,0.031556,1.071682,-0.330976,-0.371417,-5.915524,-9.010005,-1.104736,-0.704763,0.433541,-0.527121,0.193612
0.358338,-0.827941,0.091902,-0.870987,-7.590034,-2.048256,-0.593721,0.649687,-0.417148,0.226675,-0.511896,-2.033748,0.093652,-2.608031,-4.141233,-4.409177,-0.508165,0.860102,-0.042585,0.013094,1.346254,-0.271379,-0.932268,-6.351315,-9.057002,-0.457763,-0.709936,0.429576,-0.518654,0.206024
0.379064,-0.864211,-0.128445,-1.368695,-7.168897,-3.024528,-0.599245,0.650073,-0.410398,0.22333,-0.495932,-2.053968,0.172406,-2.248534,-4.411619,-4.885251,-0.504454,0.86275,-0.033835,-0.005898,1.313263,0.069175,-0.888634,-5.314328,-6.975704,-1.176757,-0.713122,0.424767,-0.512762,0.21931
0.265345,-0.673588,-0.008727,-2.163112,-5.225924,-3.436093,-0.603515,0.650126,-0.40588,0.219909,-0.178791,-1.94116,0.440592,-1.671752,-4.422605,-5.104978,-0.503172,0.863365,-0.027935,-0.025089,1.133407,0.277765,-0.412922,-5.830075,-3.791502,0.444946,-0.715605,0.417952,-0.510676,0.228969
0.118628,-0.509691,0.379336,-2.459822,-4.192225,-2.718246,-0.607035,0.649051,-0.405219,0.214547,0.146864,-1.792167,0.288407,-0.701294,-3.500975,-4.514768,-0.504486,0.862125,-0.02148,-0.042003,0.8599,-0.112809,0.223489,-5.252683,-2.796019,2.72888,-0.72042,0.410665,-0.508829,0.231158
0.04936,-0.510782,0.691314,-2.565106,-5.063213,-1.674976,-0.610847,0.646998,-0.40673,0.206935,0.370353,-1.558036,0.150057,0.112915,-2.924803,-3.259886,-0.507607,0.859631,-0.015022,-0.055994,0.382059,-0.426757,1.183426,-6.03088,-7.282711,3.250731,-0.727018,0.402636,-0.509604,0.222763
-0.02918,-0.739311,0.672224,-2.172683,-6.116055,-1.521835,-0.614964,0.645933,-0.406839,0.197645,0.589585,-1.589963,0.20114,-0.706176,-3.847654,-1.680907,-0.512942,0.855451,-0.009079,-0.070736,-0.160699,0.078753,2.039069,-7.645259,-9.395746,0.159302,-0.730214,0.393196,-0.518867,0.207251
-0.19335,-0.802306,0.173988,-2.067399,-8.126026,-1.416551,-0.6171,0.648182,-0.403287,0.190787,0.848193,-1.665524,0.378867,-2.029418,-6.312862,-1.366576,-0.520176,0.849601,-0.004448,-0.086989,-0.122387,0.34694,1.53143,-7.960811,-7.529903,1.162109,-0.731014,0.385193,-0.527842,0.196517
-0.253618,-0.554415,-0.204803,-2.727818,-10.786844,-1.244268,-0.617481,0.651481,-0.398893,0.187525,1.082324,-1.781525,0.715164,-2.673949,-7.602535,-1.637572,-0.528879,0.842051,-0.00228,-0.105941,0.169213,-0.104295,0.56085,-6.572262,-6.841427,1.569823,-0.733419,0.380924,-0.529018,0.192678
-0.271617,-0.491147,-0.139081,-3.742375,-12.38525,-1.818545,-0.617608,0.65442,-0.39554,0.18394,1.330291,-1.783653,0.877992,-3.020628,-7.687984,-2.282714,-0.539174,0.832744,-0.001772,-0.125768,0.102166,-0.187305,0.54063,-4.772336,-7.657466,1.101074,-0.735714,0.377945,-0.529379,0.188767
-0.194441,-0.520326,0.01009,-4.23051,-12.174682,-1.646262,-0.618594,0.656331,-0.39286,0.179508,1.598477,-1.746405,0.691751,-3.191526,-8.892207,-2.195433,-0.551647,0.821521,-0.000217,-0.144152,0.153249,-0.316077,0.181984,-5.110471,-7.560421,1.647338,-0.738301,0.376639,-0.527226,0.187294
0.008181,-0.648226,0.293161,-3.943372,-11.887543,-0.746561,-0.621923,0.656087,-0.390745,0.173413,1.960316,-1.927325,0.222425,-3.880613,-9.744867,-1.624755,-0.567385,0.807471,0.005676,-0.161321,0.150057,0.021285,1.017406,-6.327511,-7.222286,2.465819,-0.740802,0.369951,-0.530758,0.180654
0.140172,-1.081013,0.409607,-3.512664,-11.514262,-1.253839,-0.627955,0.655254,-0.386422,0.164267,2.238081,-1.895398,0.348004,-3.088377,-10.299677,-1.44226,-0.584738,0.791218,0.009986,-0.178738,0.043634,0.323527,1.718735,-5.645138,-7.011105,1.577758,-0.742239,0.360067,-0.539137,0.169576
0.182441,-1.117011,0.343884,-2.852245,-11.514262,-0.861416,-0.634165,0.654454,-0.381185,0.155609,2.53713,-1.994372,0.044698,-3.606565,-10.425409,-1.926268,-0.604378,0.772253,0.016657,-0.195108,0.074496,-0.008514,1.512274,-8.530879,-8.074336,2.269286,-0.745185,0.351062,-0.544348,0.158531
0.319613,-1.140464,0.352066,-2.871387,-11.389835,-1.081556,-0.641255,0.652727,-0.375548,0.147293,2.90429,-2.032684,-0.639604,-4.371946,-10.627436,-1.661376,-0.627353,0.750036,0.027995,-0.207563,0.11068,-0.032991,0.809881,-8.510127,-8.255,1.881713,-0.746979,0.345689,-0.546978,0.152733
0.393517,-1.030562,0.454876,-3.177669,-10.547563,-1.387837,-0.648501,0.649845,-0.371149,0.13924,3.246973,-1.757048,-0.867349,-3.936155,-10.46203,-1.376342,-0.65247,0.725251,0.038494,-0.216342,0.119194,-0.065982,0.133029,-8.907466,-8.259273,1.547851,-0.747799,0.344199,-0.54699,0.152045
0.474784,-0.907571,0.488965,-2.507678,-9.734002,-1.665405,-0.655393,0.646389,-0.367675,0.13209,3.485361,-1.430328,-0.924818,-3.455198,-9.837641,-1.155395,-0.678479,0.698705,0.046778,-0.221996,0.093652,-0.005321,-0.095781,-8.005366,-7.724605,1.270141,-0.747818,0.344166,-0.546651,0.153237
0.52578,-0.95884,0.599957,-2.210968,-8.9013,-1.818545,-0.662844,0.642173,-0.364511,0.123999,3.712043,-1.077003,-0.802431,-3.522947,-8.421626,-0.858764,-0.704941,0.670411,0.051221,-0.225779,0.094717,0.124515,0.023413,-7.067867,-6.937252,1.097412,-0.74731,0.343294,-0.547676,0.154009
0.540779,-0.849757,0.773126,-1.435694,-8.30788,-1.789831,-0.670123,0.636998,-0.363051,0.115558,3.850393,-0.591713,-0.542759,-2.488402,-6.591793,-0.429077,-0.730906,0.641373,0.05016,-0.227799,0.143671,0.154314,0.280957,-6.240231,-6.005246,0.564575,-0.747201,0.340566,-0.549753,0.153193
0.520599,-0.828213,1.113466,-3.18724,-5.465207,-1.071985,-0.67757,0.630346,-0.364207,0.104438,3.895091,0.142607,-0.262865,-0.633545,-5.170896,0.587768,-0.755929,0.612761,0.042151,-0.226517,0.243709,0.206461,0.9908,-6.635128,-3.694456,2.225341,-0.748514,0.332697,-0.554283,0.14765
0.894481,-0.866938,1.670335,-3.895515,-5.369494,1.052842,-0.688129,0.618767,-0.367917,0.090743,3.855714,0.253287,0.626833,6.494747,-6.440426,3.435057,-0.77776,0.583911,0.027886,-0.230979,0.2916,0.034055,1.237702,-5.524899,-6.074215,-0.793457,-0.750864,0.323767,-0.558328,0.140139
1.091376,-1.226094,2.050762,-3.503092,-3.589234,0.794417,-0.701147,0.604412,-0.371167,0.072838,3.891898,-0.415051,2.372174,8.668818,-7.416378,8.468013,-0.794195,0.552618,0.008459,-0.252563,0.064918,0.488483,1.856021,-4.209592,-2.354735,-0.734863,-0.75065,0.312166,-0.568058,0.12798
0.5056,-1.659154,2.0344,1.052842,-8.566305,1.18684,-0.711634,0.594384,-0.371095,0.050645,1.555908,0.522538,2.148685,-12.993156,-18.947742,19.946888,-0.797214,0.541355,-0.011644,-0.266908,-0.386316,1.652753,3.300185,-12.149652,-6.955563,5.259397,-0.743936,0.293793,-0.59076,0.10601
-0.244346,-0.684769,0.212439,-2.928815,-12.069397,-2.019542,-0.712644,0.595907,-0.367501,0.044352,-3.468333,-0.172406,-2.178484,-19.999989,-18.85619,18.900745,-0.783658,0.568185,0.010528,-0.250851,-0.22881,0.386316,0.47784,-9.478754,-9.136348,2.070922,-0.741481,0.292493,-0.595097,0.102492
-0.559596,1.60243,-1.859321,-12.557533,-14.835501,-5.943771,-0.702187,0.605926,-0.368189,0.06493,-5.221124,-3.215046,4.607062,0.456543,-19.999989,-6.8811,-0.739784,0.600002,0.022699,-0.303635,-0.005321,-0.017028,-0.747091,-10.352167,-8.056026,0.036011,-0.740588,0.297179,-0.592905,0.108023
-0.817032,2.838342,-1.523618,-10.681561,-15.35235,-0.660419,-0.685394,0.614996,-0.379472,0.089488,-3.385323,0.794982,2.596727,4.199827,-19.096058,-0.72937,-0.711084,0.627589,0.011792,-0.316773,0.029799,-0.104295,-0.79711,-11.387322,-8.224483,1.306762,-0.740221,0.301976,-0.589839,0.113862
-0.935115,1.460895,-0.218439,-7.350751,-10.691132,2.210968,-0.67398,0.620633,-0.388952,0.096294,-2.239145,0.709843,-0.031927,-7.85522,-10.288691,5.2655,-0.697072,0.645434,0.013831,-0.31194,0.077689,-0.219232,-1.155756,-9.649042,-4.771726,1.361694,-0.740433,0.308178,-0.584726,0.121947
-0.503146,0.376337,0.241346,-3.809374,-9.092726,2.699104,-0.669796,0.622568,-0.393362,0.095082,-1.551651,0.290535,-0.612998,-0.827026,-6.558224,6.643063,-0.689073,0.656798,0.020658,-0.305549,0.097909,-0.309692,-1.520788,-9.40307,-5.238645,2.283324,-0.740754,0.31643,-0.577541,0.132639
-0.128445,-0.303251,0.41397,-4.613362,-9.312865,0.545564,-0.670776,0.621899,-0.393969,0.089888,-0.500189,0.813074,-1.295171,-3.54492,-2.995604,4.6759,-0.689928,0.662214,0.024994,-0.29127,0.045762,-0.245838,-0.858836,-7.179561,-4.597165,1.021728,-0.741167,0.321121,-0.573096,0.13822
-0.166624,-0.393517,0.141535,-5.790631,-8.700303,-0.794417,-0.671463,0.622652,-0.392575,0.085546,0.25648,0.158571,-0.849257,-6.751095,-0.236816,0.209961,-0.694021,0.660683,0.028516,-0.284624,-0.107487,0.273508,0.328848,-6.815182,-5.327146,1.099243,-0.739664,0.31946,-0.576536,0.135796
-0.144535,-0.504237,-0.368701,-5.426922,-7.503892,-0.851845,-0.672236,0.625357,-0.387246,0.08402,0.840744,0.254352,-0.49274,-4.892575,0.526733,-1.309203,-0.700865,0.65549,0.027352,-0.279937,-0.176663,0.496997,0.983351,-5.944821,-4.786984,0.99121,-0.737506,0.314187,-0.583753,0.128827
-0.033543,-0.819487,-0.533689,-3.455236,-7.503892,-0.909273,-0.674512,0.628467,-0.378522,0.082313,1.146178,-0.321398,-1.114251,0.322876,-1.047973,0.467529,-0.711472,0.646041,0.033905,-0.274373,-0.174534,0.558722,1.062104,-6.614376,-5.225827,0.83496,-0.734821,0.30865,-0.591568,0.121707
0.053451,-0.87921,-0.479966,-2.632105,-7.953743,-1.751546,-0.67754,0.630835,-0.369491,0.080345,1.243023,-0.638539,-1.857085,2.581786,-3.759153,1.540527,-0.724314,0.634553,0.047262,-0.265462,-0.131965,0.438464,0.885441,-7.540279,-5.33569,0.699462,-0.732721,0.30378,-0.597884,0.115604
0.083449,-0.813487,-0.204258,-1.942972,-7.925029,-1.502693,-0.680708,0.63188,-0.362505,0.077105,1.278143,-0.764119,-0.820523,0.071411,-6.286617,1.906737,-0.734287,0.622661,0.054852,-0.264762,-0.064918,0.172406,0.332041,-7.845455,-5.502926,0.55603,-0.731697,0.302098,-0.600442,0.113213
0.112083,-0.614138,-0.02318,-1.875973,-7.140183,-1.674976,-0.683411,0.63189,-0.358036,0.073932,1.572935,-0.09046,0.320334,-3.084105,-7.998042,1.79016,-0.742974,0.611033,0.049047,-0.268728,0.001064,-0.001064,-0.196883,-8.30688,-5.426022,0.115356,-0.731314,0.303276,-0.600062,0.11454
0.133899,-0.474511,0.014454,-1.885544,-6.479764,-1.56012,-0.685751,0.631491,-0.35476,0.071429,1.784718,0.230938,1.806002,-3.356321,-8.036494,2.157592,-0.748795,0.599121,0.031176,-0.281743,0.036184,-0.100038,-0.504446,-7.648311,-5.467526,0.578613,-0.73125,0.306229,-0.597948,0.118096
0.184078,-0.381791,0.132809,-1.837688,-5.895915,-1.684547,-0.68814,0.630242,-0.352861,0.068837,1.859214,-0.131965,1.667652,-0.183716,-7.304073,1.013183,-0.754943,0.585291,0.017212,-0.295281,-0.023413,0.014899,-0.444849,-7.572628,-5.050656,0.129394,-0.730394,0.309034,-0.596945,0.121127
0.202349,-0.418606,0.207803,-2.536392,-6.096912,-2.163112,-0.690807,0.628587,-0.351239,0.065473,1.88582,-0.544887,0.648118,0.350952,-8.263545,1.72058,-0.763843,0.569507,0.012277,-0.303392,-0.026606,0.093652,-0.150057,-6.56982,-4.213254,-0.070801,-0.729415,0.309981,-0.59743,0.122205
0.226893,-0.248437,0.283343,-2.900101,-8.422736,-1.684547,-0.693077,0.6264,-0.351155,0.062841,1.489925,0.205397,-0.234131,-2.650755,-12.050164,7.595211,-0.773143,0.558437,0.007644,-0.300551,-0.074496,0.39483,0.34694,-8.944087,-5.933224,0.618896,-0.727147,0.307829,-0.601694,0.120228
0.106629,-0.140444,0.187623,-3.972085,-11.188839,-0.698704,-0.69424,0.62529,-0.351111,0.061287,-0.17347,0.576814,-0.572557,-7.130123,-17.932119,11.298821,-0.774055,0.561214,0.006869,-0.292955,-0.063854,0.139414,0.155378,-8.566279,-7.822261,1.04187,-0.726262,0.307447,-0.603119,0.11941
-0.062177,0.129263,-0.14399,-6.613762,-12.969099,-0.210568,-0.693408,0.625956,-0.351332,0.062621,-1.829415,-1.711286,1.161077,-6.36108,-18.244009,7.066647,-0.75986,0.570449,0.019058,-0.311173,-0.032991,-0.107487,-0.164956,-9.175409,-7.667842,1.568603,-0.726718,0.308915,-0.601645,0.120279
-0.128173,0.764945,-0.458149,-7.331609,-12.930814,0.334995,-0.689747,0.627743,-0.353963,0.069927,-1.982665,-0.611934,1.533559,-9.19372,-14.752189,3.416746,-0.743235,0.583891,0.020896,-0.325927,0.006385,-0.289471,-0.590649,-9.754633,-6.901241,0.913085,-0.7277,0.312582,-0.597907,0.123464
-0.18735,0.655589,-0.282525,-6.297909,-12.08854,0.277567,-0.686206,0.629347,-0.35691,0.075165,-1.456934,0.013835,1.390952,-3.533323,-11.831658,2.861326,-0.729972,0.595126,0.017607,-0.335631,0.034055,-0.330976,-0.648118,-9.096675,-6.807858,1.18164,-0.729158,0.316429,-0.593288,0.127285
-0.233438,0.205076,-0.063541,-5.139783,-11.035698,0.325424,-0.684154,0.630823,-0.358064,0.076004,-0.677916,0.216039,0.625769,-2.846678,-9.584345,2.670897,-0.723876,0.600964,0.014883,-0.33855,0.031927,-0.313949,-0.487418,-8.500972,-6.697384,1.417235,-0.73067,0.319409,-0.589208,0.13009
-0.192804,-0.139899,-0.032452,-4.498507,-10.021141,0.038285,-0.683616,0.632173,-0.357003,0.074617,-0.013835,0.174534,0.036184,-3.710935,-7.97729,3.094481,-0.723819,0.601441,0.01336,-0.337886,0.040441,-0.185176,-0.209654,-8.494258,-6.240841,1.132812,-0.731697,0.320314,-0.587235,0.131016
-0.139899,-0.391881,0.045269,-4.173083,-9.341579,-0.334995,-0.684354,0.633045,-0.354729,0.071224,0.306499,-0.042569,0.11068,-2.6593,-5.634762,2.687987,-0.725418,0.598867,0.011919,-0.339082,0.03512,-0.03512,0.108552,-7.742916,-5.638424,0.946655,-0.732166,0.319229,-0.587455,0.13005
-0.06954,-0.433605,0.169897,-3.550949,-8.518449,-0.583849,-0.68539,0.633437,-0.352799,0.067241,0.431014,-0.061725,-0.103231,-1.522216,-4.17053,2.691039,-0.728497,0.595293,0.011568,-0.338787,0.021285,0.143671,0.543823,-7.066036,-5.385739,0.71289,-0.731948,0.315638,-0.590438,0.126485
0.043633,-0.433605,0.285252,-3.091527,-7.953743,-0.861416,-0.687185,0.632634,-0.351564,0.062821,0.654503,-0.051083,-0.665145,-1.991576,-4.968869,2.670287,-0.734772,0.590022,0.01372,-0.334346,0.018092,0.159635,0.561915,-7.032467,-5.379636,0.617675,-0.731584,0.312031,-0.593556,0.122901
0.127082,-0.347702,0.308978,-2.756532,-7.724031,-1.205983,-0.689198,0.631106,-0.351018,0.059066,0.885441,0.004257,-1.084453,-3.237303,-6.768795,2.596434,-0.74358,0.583177,0.01688,-0.326648,0.031927,0.101102,0.416115,-7.17834,-5.575558,0.593261,-0.731394,0.309349,-0.595706,0.120381
0.185169,-0.238074,0.282252,-2.641676,-7.79103,-1.320838,-0.691167,0.629199,-0.351007,0.056401,0.799239,-0.010642,-1.013149,-4.145505,-9.28161,2.652586,-0.751307,0.577212,0.020151,-0.319295,0.044698,0.053212,0.252223,-7.411495,-5.745846,0.633545,-0.731324,0.307642,-0.596945,0.119035
0.197168,-0.166897,0.233165,-3.014956,-8.059027,-1.368695,-0.692917,0.627327,-0.351205,0.054527,0.420372,0.039377,-0.448042,-4.529417,-10.775751,3.155516,-0.754982,0.574314,0.021015,-0.315778,0.043634,0.006385,0.031927,-7.731929,-5.912472,0.706176,-0.731267,0.307319,-0.597157,0.119159
0.189532,-0.059178,0.138536,-3.503092,-8.317451,-0.918844,-0.694185,0.625769,-0.351572,0.053942,0.074496,0.087267,0.116001,-3.764646,-10.466913,4.208982,-0.755238,0.573844,0.019621,-0.316109,0.038312,-0.029799,-0.1458,-7.944942,-5.895993,0.755004,-0.731198,0.308054,-0.596625,0.120345
0.17726,0.123264,0.040906,-3.952943,-8.451449,-0.81356,-0.694677,0.624496,-0.352694,0.055025,-0.269251,0.051083,0.336297,-2.673338,-9.29809,4.666745,-0.752808,0.575888,0.018298,-0.318261,0.039377,-0.058533,-0.246902,-8.148799,-5.726315,0.667114,-0.73123,0.309253,-0.59562,0.122038
0.132536,0.322068,-0.031907,-4.173083,-8.623733,-0.602991,-0.69416,0.623629,-0.354825,0.05762,-0.412922,0.045762,0.344811,-1.839599,-8.502192,4.672238,-0.749503,0.579,0.017447,-0.320455,0.041505,-0.074496,-0.299049,-8.472285,-5.790402,0.768432,-0.731354,0.310671,-0.594322,0.12401
0.034088,0.446422,-0.079903,-4.268795,-8.872586,-0.095713,-0.692926,0.623199,-0.357424,0.060968,-0.353325,0.071304,0.23626,-2.064818,-8.049922,4.389036,-0.74688,0.581706,0.016816,-0.321711,0.037248,-0.086203,-0.306499,-8.534541,-5.851437,0.915527,-0.731578,0.31211,-0.592884,0.125944
-0.041724,0.372791,-0.051269,-4.536792,-9.217153,0.143569,-0.691493,0.623234,-0.359704,0.063415,-0.267122,0.04789,0.25648,-2.458495,-7.62817,4.018552,-0.744675,0.583672,0.015914,-0.323302,0.02767,-0.081946,-0.213911,-8.329463,-5.9259,1.079101,-0.731945,0.313006,-0.591697,0.127159
-0.084267,0.222257,0.044451,-4.74736,-9.533006,0.277567,-0.690391,0.623312,-0.361557,0.064116,-0.183048,-0.008514,0.340554,-2.916258,-7.35168,3.529661,-0.742654,0.584827,0.014585,-0.325916,-0.011707,-0.002128,-0.017028,-8.153682,-5.941159,1.152343,-0.732021,0.312917,-0.591688,0.126984
-0.086448,0.08263,0.139899,-4.986642,-9.762716,0.028714,-0.689822,0.623133,-0.363106,0.063209,-0.028734,-0.032991,0.308627,-3.550413,-7.438961,3.21533,-0.741539,0.584793,0.012922,-0.328576,-0.042569,0.084074,0.157506,-8.016963,-5.884396,1.143188,-0.731722,0.311914,-0.592875,0.125631
-0.109356,-0.062995,0.194713,-5.072784,-9.781859,-0.287139,-0.689601,0.623021,-0.364125,0.060826,0.143671,0.005321,0.087267,-3.975828,-8.236079,3.366697,-0.74212,0.583608,0.011652,-0.329416,-0.053212,0.136222,0.307563,-8.056636,-5.902096,1.032714,-0.73118,0.310041,-0.595026,0.123227
-0.128718,-0.196077,0.181896,-4.996214,-9.887143,-0.535992,-0.689575,0.623288,-0.364242,0.057604,0.235195,0.03512,-0.111744,-4.027708,-9.155269,3.757322,-0.74398,0.581741,0.011166,-0.328537,-0.053212,0.152185,0.368224,-8.157344,-5.985714,0.884399,-0.730438,0.30796,-0.597572,0.120498
-0.125173,-0.275162,0.115355,-4.938786,-9.887143,-0.746561,-0.689687,0.623975,-0.363331,0.054493,0.22881,0.012771,-0.124515,-3.773802,-9.821161,4.242551,-0.745895,0.579843,0.01115,-0.327552,-0.040441,0.114937,0.309692,-8.193965,-6.112668,0.763549,-0.729805,0.306375,-0.59959,0.118331
-0.096266,-0.253891,0.032452,-4.622933,-9.695718,-0.870987,-0.689817,0.624837,-0.361917,0.052338,0.141543,-0.029799,-0.096845,-3.832395,-10.093988,4.498899,-0.747203,0.578454,0.011571,-0.327012,-0.019156,0.061725,0.192626,-8.224483,-6.113888,0.69519,-0.729408,0.305425,-0.600815,0.117014
-0.068995,-0.159534,-0.047451,-4.37408,-9.332008,-0.909273,-0.68973,0.625759,-0.360613,0.051453,0.040441,-0.074496,-0.079817,-3.797605,-10.031733,4.400022,-0.747864,0.577677,0.012571,-0.326836,0.003193,0.012771,0.065982,-8.231196,-6.060788,0.668945,-0.729224,0.305123,-0.601272,0.116598
-0.026998,-0.068177,-0.09872,-4.07737,-8.977871,-1.024128,-0.689549,0.626538,-0.359574,0.051668,-0.089396,-0.072368,-0.010642,-3.803709,-9.614862,3.902586,-0.74755,0.577886,0.013586,-0.327144,0.015963,-0.032991,-0.053212,-8.176875,-5.883175,0.675659,-0.729227,0.305424,-0.601054,0.116917
0.016635,0.026998,-0.123809,-4.058227,-8.671589,-0.918844,-0.689284,0.627041,-0.359046,0.052768,-0.126644,-0.029799,0.04789,-3.731687,-8.886714,3.395994,-0.746581,0.578723,0.013621,-0.327875,0.028734,-0.060661,-0.140479,-8.147578,-5.730587,0.670776,-0.729362,0.306101,-0.600376,0.117785
0.051814,0.100902,-0.098175,-3.704089,-8.451449,-0.842274,-0.688997,0.627197,-0.359086,0.054371,-0.106423,-0.001064,0.037248,-3.63281,-8.225703,3.126219,-0.745737,0.579545,0.013438,-0.32835,0.040441,-0.089396,-0.191562,-8.025508,-5.585934,0.720214,-0.729684,0.306953,-0.599319,0.118948
0.083994,0.143172,-0.055905,-3.550949,-8.413164,-0.727418,-0.688806,0.626961,-0.359594,0.056131,-0.058533,-0.001064,0.00745,-3.391111,-7.730709,3.064574,-0.745412,0.579822,0.013356,-0.328604,0.043634,-0.094717,-0.200076,-7.900386,-5.57861,0.785522,-0.730056,0.307809,-0.598186,0.120156
0.104174,0.161443,-0.017453,-3.589234,-8.451449,-0.698704,-0.688695,0.626435,-0.360454,0.057815,-0.019156,0.0,0.002128,-3.195189,-7.532344,3.132322,-0.745428,0.579735,0.013341,-0.328723,0.039377,-0.078753,-0.158571,-7.796016,-5.598141,0.843505,-0.730389,0.308397,-0.597292,0.121067
0.106901,0.226893,0.000545,-3.675375,-8.642876,-0.660419,-0.688382,0.625783,-0.361855,0.059811,0.029799,0.019156,-0.019156,-2.935179,-7.758785,3.503416,-0.745839,0.579347,0.013302,-0.328475,0.021285,-0.038312,-0.093652,-7.835079,-5.68359,0.918579,-0.730578,0.308607,-0.596866,0.121494
0.10772,0.293979,0.012545,-3.866802,-8.843872,-0.535992,-0.687873,0.625023,-0.363732,0.062195,0.04789,0.017028,-0.038312,-2.886351,-8.208003,3.790891,-0.746421,0.578826,0.01337,-0.328069,0.0,-0.001064,-0.058533,-7.930293,-5.800778,0.901489,-0.730433,0.308808,-0.5969,0.121688
0.08563,0.313614,-0.001364,-4.29751,-9.05444,-0.363709,-0.687458,0.624029,-0.365836,0.064373,0.02767,0.001064,-0.044698,-2.926024,-8.707881,4.007566,-0.746905,0.578412,0.013688,-0.327685,-0.010642,0.012771,-0.040441,-7.956538,-5.901486,0.914916,-0.73014,0.30905,-0.597112,0.12179
0.053996,0.25989,-0.02918,-4.52722,-9.408579,-0.306281,-0.687018,0.623384,-0.367419,0.066287,0.008514,-0.015963,-0.021285,-3.054808,-9.069819,4.056394,-0.747199,0.578094,0.014077,-0.327558,-0.021285,0.02767,-0.004257,-8.036494,-6.019894,0.898437,-0.729716,0.309294,-0.597512,0.121748
