0.185714,0.277616,-0.029725,-3.005385,0.047856,8.46102,0.756482,-0.112695,0.153644,0.625635,0.114937,-0.985479,-0.004257,2.383421,0.899047,9.791864,0.75873,0.130855,-0.026962,0.637551,0.278829,-0.619383,-0.023413,2.966917,2.048339,9.017329,0.782592,0.148956,-0.066012,0.60083
0.148626,0.287161,0.005181,-2.574677,0.29671,9.092726,0.756414,-0.112067,0.155443,0.625386,0.143671,-0.865221,-0.243709,2.233886,0.849609,9.426874,0.759892,0.137057,-0.032929,0.634576,0.348004,-0.756669,-0.031927,3.54553,2.037352,8.948359,0.781518,0.156956,-0.070002,0.599739
0.09572,0.320977,-0.004636,-2.641676,0.784846,10.336994,0.756213,-0.111764,0.15752,0.625163,0.139414,-0.694944,-0.307563,2.9364,1.886596,8.909297,0.761363,0.143267,-0.037272,0.631192,0.406537,-1.038691,-0.386316,4.628293,1.820067,9.044795,0.782127,0.167352,-0.075767,0.595417
0.050996,0.260709,-0.010908,-2.852245,1.234697,10.796415,0.756015,-0.111243,0.159218,0.625066,0.058533,-0.456556,-0.340554,2.72888,3.717039,9.28161,0.76326,0.147802,-0.039274,0.627725,0.418243,-0.877992,-0.638539,4.63989,1.292724,8.447261,0.784187,0.176822,-0.080002,0.589387
0.033543,0.036543,0.017726,-2.842673,1.205983,10.327422,0.755959,-0.10939,0.159186,0.625469,0.067047,-0.366096,-0.108552,2.233275,3.849485,9.43664,0.763753,0.151546,-0.040552,0.626149,0.272444,-0.391638,-0.358646,3.743894,1.110839,8.430171,0.785199,0.181548,-0.081536,0.586385
0.029998,-0.188441,0.030816,-2.517249,1.091127,9.609575,0.756191,-0.10618,0.157325,0.626212,0.11068,-0.360775,0.439528,3.260496,2.699584,9.188227,0.760617,0.155346,-0.043292,0.628846,0.133029,-0.069175,0.111744,3.71826,1.228027,9.006953,0.783975,0.182728,-0.082042,0.587584
0.021271,-0.2498,0.024544,-2.421536,0.976272,9.102298,0.756545,-0.102669,0.154907,0.626972,0.104295,-0.352261,0.471455,3.681028,2.305296,8.699336,0.75723,0.159029,-0.046455,0.631781,-0.053212,0.080882,0.478905,3.253782,1.100463,8.576045,0.781091,0.181038,-0.08299,0.5918
0.006818,-0.233165,0.044451,-2.584249,0.746561,9.025727,0.756755,-0.099418,0.152376,0.627863,0.068111,-0.241581,0.390573,3.489378,2.014159,8.977046,0.754491,0.161487,-0.048894,0.634245,-0.195819,0.172406,0.325655,4.093626,1.256103,8.836665,0.779372,0.178291,-0.084087,0.594738
0.002727,-0.217348,0.077994,-2.603391,0.440279,8.920443,0.75681,-0.096624,0.149489,0.628925,0.048955,-0.147928,0.156442,3.328856,1.660766,9.21203,0.753352,0.162947,-0.050443,0.635104,-0.20859,0.038312,0.176663,4.320066,1.354369,9.595331,0.778457,0.176354,-0.08597,0.596242
-0.006818,-0.224984,0.085085,-2.679961,0.334995,8.748159,0.756851,-0.094086,0.146288,0.630012,0.051083,-0.189433,0.009578,3.242186,1.631469,9.077144,0.753132,0.164711,-0.052006,0.634784,-0.120258,-0.125579,-0.001064,4.553831,1.340331,9.798578,0.778293,0.176291,-0.08833,0.59613
-0.015544,-0.232074,0.074176,-2.584249,0.267996,8.75773,0.756973,-0.091767,0.142849,0.630997,0.08301,-0.103231,0.039377,3.431395,1.866454,9.188227,0.752697,0.16633,-0.052694,0.63482,-0.040441,-0.4225,-0.123451,4.37866,1.832274,9.169306,0.77846,0.179077,-0.092044,0.594518
-0.023998,-0.244073,0.090539,-2.545963,0.239282,8.700303,0.756997,-0.089516,0.139221,0.632101,0.087267,-0.31927,0.385252,2.963866,2.062377,9.288935,0.750029,0.169005,-0.055101,0.637064,-0.017028,-0.476776,-0.085139,4.027708,2.141112,8.13293,0.778309,0.182598,-0.095866,0.593038
-0.041997,-0.221984,0.093539,-2.603391,0.392423,8.815159,0.756874,-0.087032,0.13597,0.633301,0.080882,-0.232003,0.262865,2.922362,1.850585,9.165645,0.748215,0.170958,-0.056751,0.638529,-0.004257,-0.344811,0.030863,4.259641,2.075194,8.065181,0.777536,0.185322,-0.098904,0.592709
-0.066268,-0.221984,0.089448,-2.660819,0.555135,9.064013,0.756634,-0.084258,0.133178,0.634556,0.039377,-0.280957,0.348004,3.237303,1.612548,9.124141,0.745841,0.172849,-0.059526,0.640541,-0.009578,-0.148993,0.433143,4.521482,1.803588,8.406367,0.774547,0.18627,-0.101363,0.595902
-0.064632,-0.201531,0.092448,-2.775674,0.535992,9.169296,0.756292,-0.081479,0.130835,0.635812,0.024477,-0.131965,0.277765,3.474119,1.392821,9.200434,0.743999,0.173638,-0.061389,0.642292,-0.008514,-0.050019,0.438464,4.011228,1.140136,9.075923,0.771663,0.185865,-0.103013,0.599475
-0.059996,-0.19335,0.074176,-2.756532,0.287139,9.274581,0.756312,-0.080527,0.127141,0.636659,0.018092,-0.171341,0.133029,2.83264,1.548461,9.397577,0.743227,0.174338,-0.062721,0.642868,-0.029799,-0.00745,0.442721,2.768553,0.853271,9.683832,0.769069,0.184035,-0.103665,0.603249
-0.059996,-0.200167,0.043361,-2.708675,0.191426,9.408579,0.756529,-0.07989,0.123365,0.637223,0.00745,-0.139414,0.048955,3.109129,1.596068,9.504389,0.742991,0.174974,-0.063872,0.642854,-0.056404,-0.242645,0.053212,4.140012,0.975952,9.417719,0.768397,0.184719,-0.106405,0.60342
-0.08563,-0.225529,0.009272,-2.813959,0.258425,9.427721,0.756933,-0.080212,0.119505,0.637439,0.006385,-0.088331,-0.065982,3.112791,1.738891,9.668573,0.743544,0.175386,-0.064314,0.642058,-0.076625,-0.22881,-0.129836,3.987424,1.148681,9.17663,0.768896,0.185448,-0.108642,0.60216
-0.08154,-0.253345,-0.024816,-2.74696,0.258425,9.255438,0.757464,-0.081063,0.116278,0.637297,0.014899,-0.123451,0.001064,3.034666,1.761474,9.603266,0.743637,0.176025,-0.065007,0.641705,-0.113873,-0.093652,-0.100038,3.731077,1.098632,9.102168,0.769459,0.184879,-0.109964,0.601375
-0.064904,-0.286343,-0.05536,-2.622534,0.143569,9.150154,0.75835,-0.080713,0.111913,0.63707,0.043634,-0.093652,-0.04789,2.555541,1.735839,9.396357,0.744098,0.176448,-0.064864,0.641069,-0.184112,0.081946,0.159635,4.30908,1.190185,9.081416,0.768705,0.182803,-0.111114,0.602761
-0.058632,-0.281162,-0.054542,-2.574677,0.105284,9.140582,0.75918,-0.080707,0.107855,0.636781,0.018092,-0.088331,0.188369,3.213499,1.612548,9.424433,0.742962,0.1768,-0.065854,0.642187,-0.186241,0.117066,0.133029,4.254758,1.11206,9.203485,0.768167,0.180452,-0.111929,0.604004
-0.059178,-0.27898,-0.051269,-2.565106,0.200997,9.19801,0.759521,-0.078411,0.107004,0.636805,0.023413,-0.043634,-0.014899,2.882078,1.622924,9.456171,0.74324,0.176807,-0.065832,0.641866,-0.192626,0.046826,-0.025542,3.466185,0.932006,9.233393,0.768629,0.178128,-0.112614,0.603978
-0.047178,-0.282525,-0.067359,-2.354537,0.22014,9.131011,0.760302,-0.075291,0.103684,0.6368,-0.001064,-0.042569,-0.064918,2.734373,1.467284,9.425653,0.743901,0.176448,-0.06587,0.641195,-0.200076,0.097909,-0.072368,3.330076,1.207275,9.144893,0.769474,0.175688,-0.112605,0.603619
-0.033816,-0.313887,-0.11181,-2.37368,0.124427,8.843872,0.761259,-0.075536,0.10153,0.635973,-0.008514,-0.057469,-0.048955,3.014525,1.270751,9.452509,0.744392,0.176157,-0.066448,0.640645,-0.142607,0.109616,-0.052147,3.583982,1.65039,9.493402,0.770103,0.173993,-0.112074,0.603407
-0.029998,-0.285798,-0.158716,-2.354537,0.334995,8.623733,0.762294,-0.073409,0.100881,0.635085,-0.036184,-0.108552,0.098974,3.381956,1.378173,9.320063,0.743877,0.176263,-0.068042,0.641046,-0.064918,-0.141543,-0.205397,3.894041,1.752318,9.389032,0.771187,0.174846,-0.112936,0.601613
-0.023726,-0.201531,-0.172079,-2.344966,0.430708,8.738588,0.763345,-0.071539,0.1008,0.634048,-0.019156,-0.04789,-0.211782,3.07495,1.694335,9.177851,0.745446,0.1764,-0.068079,0.639179,-0.067047,-0.119194,-0.203268,3.842161,1.704711,8.985591,0.772266,0.175594,-0.113697,0.599864
-0.011726,-0.147808,-0.165261,-2.383251,0.440279,8.920443,0.764302,-0.07003,0.101267,0.632989,-0.046826,0.0,-0.197947,2.987669,1.942748,9.266962,0.747027,0.176115,-0.067719,0.637449,-0.078753,0.030863,0.00745,3.549192,1.559447,9.031367,0.772308,0.174855,-0.113587,0.600046
-0.002182,-0.147262,-0.142353,-2.392823,0.29671,8.891729,0.765113,-0.069471,0.101957,0.631959,-0.032991,-0.014899,-0.197947,2.811278,2.062987,9.215082,0.748593,0.176034,-0.067188,0.635688,-0.071304,0.054276,0.112809,3.651731,1.369628,9.078364,0.771709,0.173826,-0.113612,0.601111
-0.006818,-0.207531,-0.129536,-2.268396,0.172283,8.642876,0.766025,-0.069968,0.101288,0.630905,0.005321,-0.050019,-0.089396,3.098753,1.860961,9.027095,0.749293,0.176479,-0.067266,0.634731,-0.037248,-0.00745,0.038312,3.656004,1.204833,8.978267,0.771418,0.173446,-0.113897,0.60154
-0.026998,-0.247891,-0.136899,-2.239682,0.172283,8.384451,0.766957,-0.070046,0.100552,0.629882,0.029799,-0.053212,0.008514,3.383787,1.77185,8.892207,0.749258,0.177199,-0.06768,0.634527,-0.001064,-0.096845,-0.060661,3.793943,0.987548,8.936763,0.771527,0.173928,-0.114713,0.601105
-0.044997,-0.223075,-0.129263,-2.258825,0.181855,8.116454,0.767777,-0.070199,0.100063,0.628943,0.048955,-0.097909,0.061725,3.372801,1.890258,8.760982,0.74883,0.178418,-0.068326,0.634621,-0.002128,-0.187305,-0.002128,3.533934,1.013183,8.817744,0.771226,0.174771,-0.116148,0.600972
-0.052087,-0.171806,-0.132263,-2.316252,0.210568,7.915457,0.768544,-0.070577,0.100017,0.627971,0.075561,-0.129836,-0.122387,3.45825,1.752318,8.621821,0.74948,0.180137,-0.068876,0.633307,0.003193,-0.190498,-0.129836,3.609617,1.161498,8.695064,0.771678,0.176002,-0.117315,0.599805
-0.039543,-0.156807,-0.143172,-2.335395,0.086142,7.63789,0.769418,-0.07143,0.099802,0.626838,0.096845,-0.13835,-0.11068,2.961424,1.682738,8.595576,0.750121,0.181677,-0.069044,0.632089,-0.006385,-0.268187,-0.081946,3.627317,1.219482,8.784175,0.771776,0.177564,-0.119159,0.598853
-0.004636,-0.122446,-0.152444,-2.383251,-0.210568,7.484749,0.770433,-0.072712,0.099295,0.625521,0.117066,-0.316077,0.038312,2.344969,1.323241,8.520503,0.749788,0.183611,-0.070425,0.631773,-0.021285,-0.405473,-0.045762,3.717039,1.02478,8.898311,0.7715,0.179614,-0.122341,0.597956
0.04636,-0.035179,-0.186532,-2.603391,-0.363709,7.503892,0.771605,-0.074178,0.099762,0.623829,0.103231,-0.470391,0.369289,3.272093,1.370849,8.739009,0.747092,0.186766,-0.074354,0.63359,-0.015963,-0.49274,-0.133029,3.38806,0.908203,8.872676,0.771687,0.181992,-0.125767,0.596283
0.075813,-0.010636,-0.257436,-2.699104,-0.59342,7.216753,0.77323,-0.075688,0.100382,0.621531,0.129836,-0.594906,0.095781,3.16345,1.331786,8.65356,0.746037,0.190938,-0.078414,0.6331,0.017028,-0.627897,-0.292664,2.996825,0.872192,8.616939,0.772656,0.185374,-0.129439,0.593192
0.096266,0.044724,-0.269708,-2.708675,-0.535992,6.632905,0.774852,-0.077319,0.101782,0.619078,0.223489,-0.724742,-0.032991,2.105712,1.010131,8.600459,0.745712,0.195736,-0.081889,0.631575,0.054276,-0.783275,-0.243709,3.077391,1.269531,8.46313,0.773054,0.190259,-0.133929,0.590122
0.09872,0.099538,-0.272708,-2.74696,-0.334995,6.135197,0.776379,-0.079073,0.103991,0.616571,0.279893,-0.901405,-0.069175,2.468871,0.418701,8.522334,0.74498,0.201748,-0.086905,0.629874,0.120258,-1.26218,-0.342683,3.68408,1.149291,8.421626,0.773435,0.197609,-0.141348,0.585458
0.099266,0.206985,-0.26889,-3.072384,-0.239282,6.125626,0.777731,-0.081324,0.107239,0.614014,0.275636,-1.072746,0.218168,3.069456,1.431274,8.649287,0.742352,0.208637,-0.093119,0.629845,0.135158,-1.074875,-0.156442,2.846068,1.765136,8.572383,0.772982,0.204576,-0.146853,0.5823
0.109628,0.366519,-0.318523,-3.206382,-0.267996,6.508478,0.779205,-0.084551,0.111709,0.610904,0.301178,-1.204711,0.022349,2.319945,1.591796,8.98376,0.740799,0.217068,-0.099063,0.627914,0.128772,-1.256858,0.130901,3.87451,2.130736,8.544917,0.770487,0.213089,-0.154223,0.580646
0.123809,0.533144,-0.392972,-3.436093,-0.191426,7.034899,0.780908,-0.08869,0.117568,0.607031,0.313949,-1.293042,0.015963,2.938841,1.492919,9.26269,0.739035,0.225948,-0.105859,0.625747,0.125579,-1.466512,0.039377,4.281003,1.32141,8.704829,0.768038,0.221115,-0.163855,0.578246
0.099811,0.646317,-0.441241,-3.751946,0.287139,7.71446,0.782629,-0.093216,0.124513,0.602736,0.308627,-1.598477,0.456556,3.687742,1.412353,9.147334,0.734293,0.236422,-0.116639,0.625544,0.057469,-1.338804,-0.072368,3.56262,0.603027,8.544917,0.766285,0.227901,-0.173039,0.575254
0.154625,0.671679,-0.431969,-3.522235,0.22014,7.71446,0.784238,-0.097441,0.131976,0.598373,0.272444,-1.668716,0.217103,3.275755,1.950072,8.77624,0.731072,0.247469,-0.126695,0.623084,0.012771,-1.436714,-0.111744,4.212034,0.407104,8.789668,0.76447,0.234905,-0.183462,0.571611
0.184078,0.693496,-0.406607,-3.436093,0.239282,7.886744,0.785607,-0.101372,0.13986,0.594118,0.277765,-1.671909,0.03512,4.343259,1.513061,8.742671,0.728639,0.258642,-0.137252,0.619147,0.060661,-1.549522,-0.128772,4.363401,1.480102,8.812251,0.762484,0.243559,-0.193506,0.567313
0.237801,0.705768,-0.427333,-3.426522,0.162712,8.250452,0.787059,-0.105028,0.148088,0.589549,0.209654,-1.828351,0.365032,4.55261,2.182616,8.559566,0.724035,0.270283,-0.149616,0.616707,0.100038,-1.742148,-0.310756,6.027218,2.219237,8.284907,0.760506,0.255257,-0.205122,0.560706
0.252255,0.745856,-0.46224,-3.48395,-0.086142,9.102298,0.789127,-0.10973,0.153824,0.584437,0.243709,-1.749598,0.146864,5.134885,2.422484,8.403316,0.720538,0.282282,-0.160659,0.612635,0.097909,-1.68468,-0.274572,5.990597,1.768798,7.313228,0.758112,0.266345,-0.216694,0.554403
0.242983,0.743947,-0.464421,-3.684947,-0.143569,9.360723,0.791227,-0.114124,0.159099,0.579323,0.225617,-1.636789,0.321398,5.97778,1.915892,8.137813,0.715728,0.293001,-0.172387,0.610048,0.046826,-1.489925,-0.178791,5.339353,1.431274,7.07214,0.75574,0.275014,-0.226867,0.549317
0.20944,0.58714,-0.458694,-3.694518,-0.019143,9.552148,0.793508,-0.115863,0.162751,0.574825,0.235195,-1.530366,0.105359,5.884396,1.638793,7.788692,0.712296,0.30304,-0.182686,0.606151,0.040441,-1.530366,-0.206461,6.839596,1.471557,7.401119,0.753009,0.284196,-0.237926,0.543685
0.194168,0.386972,-0.478602,-3.694518,0.22014,9.265009,0.795936,-0.115508,0.16591,0.570622,0.25648,-1.482476,-0.050019,6.336666,1.831054,7.571407,0.709592,0.313461,-0.192042,0.601111,0.127708,-1.498439,-0.105359,6.577145,1.925658,7.294918,0.749591,0.293655,-0.247888,0.53891
0.171533,0.202349,-0.496601,-3.78066,0.258425,8.968299,0.798515,-0.11424,0.168409,0.566527,0.266058,-1.467576,-0.328848,6.922604,2.037963,7.412715,0.708265,0.324616,-0.200397,0.593986,0.089396,-1.410108,0.192626,6.602169,1.483764,7.120357,0.744729,0.301035,-0.258388,0.536642
0.165534,0.112901,-0.506964,-3.799802,0.287139,8.82473,0.801183,-0.112665,0.170549,0.562421,0.273508,-1.475026,-0.25648,6.60339,2.268065,6.989742,0.706466,0.335647,-0.208611,0.587129,0.018092,-1.516531,-0.021285,6.943966,1.397094,6.818233,0.74071,0.309031,-0.269584,0.532132
0.166079,0.044179,-0.502055,-3.742375,0.277567,8.499306,0.80381,-0.111051,0.172642,0.558339,0.306499,-1.460127,-0.20859,6.328732,2.608641,6.691891,0.704195,0.347189,-0.214667,0.580928,-0.00745,-1.460127,0.072368,7.022091,1.381225,6.750484,0.736508,0.314946,-0.280633,0.528774
0.165806,-0.018544,-0.501782,-3.598805,0.411565,8.16431,0.806552,-0.108939,0.174065,0.554346,0.317141,-1.363282,-0.225617,6.718746,2.697752,6.608883,0.702061,0.358314,-0.219908,0.574764,0.03512,-1.45587,0.040441,6.892696,1.068725,6.652218,0.732236,0.321231,-0.291166,0.525219
0.164715,-0.076631,-0.478602,-3.684947,0.583849,7.829316,0.809142,-0.107123,0.175534,0.550449,0.315013,-1.354768,-0.064918,7.205196,2.621459,6.513058,0.698858,0.369191,-0.22572,0.569506,0.012771,-1.433521,0.005321,7.185665,1.149902,6.270748,0.728022,0.327238,-0.301725,0.521395
0.152171,-0.125991,-0.450513,-3.589234,0.574277,7.628319,0.811629,-0.105098,0.176565,0.546836,0.290535,-1.442035,0.098974,6.643673,2.509154,6.312862,0.694549,0.378261,-0.233393,0.56572,-0.002128,-1.499503,0.030863,6.921993,1.666869,5.928952,0.723991,0.334439,-0.311363,0.516752
0.129536,-0.15817,-0.381245,-3.48395,0.545564,7.427321,0.813752,-0.103004,0.1773,0.543833,0.278829,-1.466512,0.250095,7.078854,2.426756,6.072995,0.689078,0.386625,-0.242324,0.562995,-0.015963,-1.596349,0.040441,7.19421,1.545409,5.831295,0.719422,0.341579,-0.322023,0.511907
0.107174,-0.100356,-0.360247,-3.349952,0.37328,7.34118,0.81561,-0.101587,0.178479,0.540922,0.303306,-1.513338,0.152185,7.16064,2.388304,5.416867,0.682588,0.396218,-0.253246,0.559413,0.013835,-1.592092,-0.065982,7.517086,1.714477,5.274045,0.715214,0.350789,-0.331617,0.505408
0.084539,-0.088085,-0.366246,-3.062813,0.105284,7.34118,0.818217,-0.101255,0.175992,0.537854,0.310756,-1.526109,0.261801,6.909786,2.382201,4.667966,0.675677,0.407582,-0.262957,0.555143,-0.013835,-1.838994,0.100038,7.21313,1.751708,4.387205,0.708458,0.36111,-0.344942,0.498691
0.092175,-0.075267,-0.378518,-2.919244,0.334995,7.41775,0.820632,-0.099123,0.174613,0.535013,0.308627,-1.596349,0.454427,7.717281,2.203978,4.426267,0.666832,0.417948,-0.275042,0.552266,-0.003193,-1.693194,0.022349,7.712398,1.391601,3.963621,0.701686,0.370085,-0.358094,0.492377
0.1309,-0.064086,-0.358883,-2.74696,0.354138,7.475178,0.822988,-0.096831,0.173355,0.532216,0.278829,-1.809195,0.36716,7.745967,2.03247,3.676756,0.657789,0.429468,-0.288147,0.547572,0.029799,-1.947545,0.078753,8.383174,1.857299,3.222654,0.693527,0.380616,-0.372514,0.485157
0.205349,-0.142626,-0.279525,-2.469393,0.985843,7.762317,0.824961,-0.092999,0.172644,0.530072,0.22136,-1.994372,0.473583,8.157954,1.75537,2.864989,0.647556,0.441068,-0.303158,0.542419,0.161763,-1.866664,0.258608,7.760005,1.777343,2.946776,0.68412,0.390953,-0.38607,0.479664
0.277344,-0.315796,-0.15408,-2.239682,0.995414,8.260024,0.826689,-0.08758,0.170612,0.528959,0.218168,-2.052904,0.360775,8.369746,2.233886,2.647093,0.637609,0.453395,-0.317558,0.535759,0.22881,-2.056097,0.223489,8.576045,2.36328,2.144164,0.673654,0.402673,-0.400199,0.473157
0.334885,-0.580595,0.039543,-1.579263,1.091127,8.767303,0.827911,-0.080137,0.166553,0.529521,0.183048,-2.090153,0.329912,8.626704,2.282103,2.362669,0.62758,0.465589,-0.33203,0.528317,0.212846,-1.994372,0.490611,9.799799,2.094115,2.079467,0.661765,0.412516,-0.415158,0.468545
0.3777,-0.834758,0.144262,-1.85683,0.803988,9.944571,0.829013,-0.071066,0.160396,0.530992,0.153249,-1.978408,0.401216,9.862055,1.974486,1.488036,0.617254,0.47635,-0.346369,0.521641,0.117066,-2.151878,0.711971,11.354974,1.670531,1.109008,0.648077,0.421065,-0.43258,0.464292
0.500691,-0.389154,0.242164,-3.48395,1.253839,12.815958,0.828805,-0.062834,0.159014,0.532766,0.034055,-2.020977,0.015963,13.756096,0.438843,0.490112,0.608879,0.4873,-0.359958,0.512081,0.175598,-1.750662,0.919497,14.260245,1.330566,-1.096801,0.63453,0.426954,-0.447874,0.463123
0.736038,0.376609,0.401971,-2.679961,1.282553,14.816358,0.8267,-0.056903,0.16486,0.534923,-0.274572,-1.892205,-0.336297,14.1101,4.678952,1.110839,0.604586,0.497617,-0.371425,0.498887,0.204333,-1.344126,1.564422,15.993643,-0.733642,1.864623,0.619192,0.427047,-0.4634,0.468491
0.690496,-0.719948,0.580049,-1.292124,1.253839,18.558733,0.825348,-0.04546,0.161297,0.539174,-0.382059,-1.349447,0.285214,16.519156,2.601317,0.05249,0.599078,0.501573,-0.383864,0.492109,-0.209654,-0.340554,2.257237,15.863028,-2.714842,3.627928,0.60708,0.415547,-0.476925,0.480945
0.420243,-1.264,0.596957,-1.847259,0.153141,19.582861,0.824534,-0.033849,0.151541,0.544082,-0.164956,-1.07381,0.227746,15.818473,0.535888,1.577758,0.593529,0.504698,-0.393649,0.487889,-0.455491,-1.44842,0.104295,13.170769,-7.757564,0.849609,0.600518,0.41826,-0.489512,0.474138
0.198804,-1.328632,0.258527,-1.378266,-0.459422,17.898314,0.825389,-0.024553,0.139843,0.546411,-0.531052,-1.133407,0.213911,15.908194,1.828612,1.166381,0.589577,0.506354,-0.405277,0.481401,0.325655,-1.186619,-0.875863,17.27416,-3.57971,2.83325,0.596613,0.428959,-0.49241,0.466444
0.059178,-1.859866,-0.202349,1.512264,1.100698,14.529219,0.829107,-0.013284,0.123043,0.545212,-0.410794,-0.638539,-0.855643,15.522452,2.625731,0.933227,0.592197,0.510972,-0.407677,0.471172,0.644925,-0.876927,-1.067425,15.234977,2.684935,0.537719,0.594335,0.443374,-0.490024,0.458317
-0.238892,-1.985312,-0.362156,2.584249,2.239682,10.978271,0.833365,-0.003504,0.103824,0.542865,-0.028734,0.074496,-1.064232,12.601921,3.989255,-0.263061,0.597183,0.5159,-0.402165,0.464192,0.474648,-0.78966,-0.57575,10.184931,2.917479,-1.314086,0.590696,0.453843,-0.490149,0.452604
-0.508054,-2.895883,-0.49251,2.115255,1.148555,4.163511,0.838653,0.008916,0.075536,0.539321,0.028734,-0.569364,-0.52041,7.533565,4.089353,-1.402587,0.596885,0.522078,-0.402698,0.457154,0.151121,-0.168149,0.052147,7.81982,0.894165,-1.300048,0.588198,0.456059,-0.491454,0.452215
-0.247346,-2.2842,-0.302433,1.933401,0.411565,2.766103,0.841804,0.020111,0.053461,0.536745,-0.076625,-0.002128,-0.267122,5.983273,1.768188,-1.513671,0.597734,0.523668,-0.402304,0.454565,0.009578,-0.124515,0.029799,8.127437,1.527099,-0.00061,0.587219,0.457758,-0.492371,0.450771
-0.046906,-0.903481,-0.122173,2.096113,1.885544,4.74736,0.842852,0.026285,0.044733,0.535631,-0.095781,-0.054276,0.4374,8.933101,2.911986,2.054442,0.596989,0.521134,-0.404335,0.456648,0.105359,0.064918,0.105359,8.980708,2.267455,-0.046997,0.586671,0.458888,-0.491772,0.450988
-0.147262,0.08563,-0.041179,0.842274,2.708675,7.896315,0.84298,0.026561,0.0447,0.535419,-0.057469,-0.280957,0.440592,8.136592,3.802488,1.265258,0.594997,0.521121,-0.407335,0.456597,0.095781,-0.026606,0.233067,9.377436,1.796874,-0.442505,0.584704,0.459573,-0.492836,0.451684
-0.092721,0.423788,-0.065177,-0.574277,2.316252,9.236296,0.843053,0.025054,0.049009,0.534998,-0.11068,-0.270315,0.755605,10.648188,3.542478,1.383666,0.591779,0.519573,-0.41223,0.458147,0.010642,0.094717,0.309692,9.142451,1.188964,0.060425,0.583229,0.4587,-0.494103,0.453092
0.06545,0.295888,-0.100902,-1.244268,1.799403,10.384851,0.843339,0.024597,0.053762,0.534111,-0.137286,0.438464,-0.109616,9.811396,3.104246,1.679076,0.595881,0.517318,-0.40839,0.45882,-0.072368,0.243709,0.392702,9.074702,0.476074,1.174316,0.583145,0.45404,-0.494718,0.457203
0.150535,-0.014454,-0.04227,-1.962115,1.378266,10.231709,0.8435,0.025337,0.056355,0.533555,-0.255416,0.517217,-0.213911,9.217524,2.841185,1.937865,0.601304,0.513996,-0.404229,0.459164,-0.075561,0.2767,0.315013,10.364985,0.110474,1.088867,0.58269,0.449592,-0.495755,0.461039
0.127354,-0.283889,0.040633,-1.923829,0.870987,9.705289,0.843421,0.026704,0.056187,0.533631,-0.301178,-0.142607,0.23626,10.255732,2.768553,2.332762,0.601998,0.511152,-0.406903,0.459069,-0.094717,0.338426,0.369289,11.220696,0.252685,1.602782,0.583117,0.444399,-0.49591,0.465349
0.041452,-0.433333,0.104992,-1.502693,0.612563,9.360723,0.84314,0.027776,0.05385,0.534261,-0.150057,0.006385,0.136222,11.110223,2.352293,2.79724,0.602651,0.508617,-0.407929,0.460115,-0.113873,0.191562,0.202204,10.786737,0.508423,2.435912,0.584296,0.441074,-0.495511,0.467453
-0.014999,-0.370337,0.137717,-0.832702,0.066999,9.169296,0.842718,0.027785,0.050076,0.535293,-0.103231,-0.094717,-0.029799,11.05407,1.704101,2.53784,0.602975,0.507323,-0.40907,0.460107,-0.111744,-0.02022,0.185176,10.057367,0.662841,3.483274,0.584556,0.438966,-0.496171,0.468411
-0.011999,-0.25989,0.148626,-0.459422,-0.133998,8.968299,0.842164,0.027506,0.046664,0.536487,-0.098974,-0.079817,-0.064918,9.858393,1.269531,2.285155,0.603398,0.50612,-0.410042,0.460012,-0.005321,-0.189433,0.038312,10.25268,0.878295,3.032225,0.584279,0.439124,-0.496569,0.468186
-0.008999,-0.203167,0.131991,-0.200997,-0.07657,8.958728,0.841649,0.02722,0.043421,0.53758,-0.109616,0.06279,0.003193,9.771112,1.315307,2.230834,0.604149,0.503912,-0.410539,0.461005,0.11068,-0.360775,0.065982,11.284783,0.996704,2.246093,0.582648,0.440868,-0.497377,0.467724
-0.041724,-0.135536,0.102538,0.153141,0.124427,9.111869,0.841235,0.026966,0.040158,0.538493,-0.087267,-0.031927,0.161763,10.750727,1.820678,2.101439,0.603515,0.501608,-0.41248,0.462612,0.233067,-0.321398,0.057469,10.96618,0.750122,0.844116,0.57932,0.444471,-0.498836,0.466892
-0.049906,-0.017181,0.05536,0.708275,0.287139,9.255438,0.840984,0.02687,0.037749,0.539065,-0.02022,-0.074496,0.076625,11.064446,1.936034,1.924437,0.602434,0.50034,-0.414303,0.463765,0.259673,-0.389509,-0.230938,11.462396,0.756836,0.900268,0.576914,0.45,-0.499211,0.464167
-0.070086,0.10172,0.010636,0.81356,0.488136,9.408579,0.840914,0.026318,0.036315,0.5393,-0.060661,-0.197947,-0.00745,10.677485,1.958617,1.848754,0.601501,0.499712,-0.416553,0.463638,0.26393,-0.337362,-0.229874,10.559687,0.671997,0.996704,0.575494,0.455526,-0.498378,0.461426
-0.092721,0.17426,0.01609,0.478565,0.870987,9.293723,0.84076,0.025873,0.035734,0.539599,-0.167084,-0.282022,0.008514,10.379633,1.932982,1.874389,0.601006,0.498706,-0.419483,0.46272,0.238388,-0.343747,-0.050019,9.935907,0.403442,0.985717,0.572594,0.45744,-0.499466,0.461964
-0.090539,0.177805,0.046088,0.07657,1.129412,9.140582,0.840397,0.026122,0.036312,0.540114,-0.252223,-0.340554,-0.002128,10.18371,2.125243,1.152953,0.599976,0.499427,-0.423558,0.459557,0.254352,-0.285214,0.191562,9.718622,0.307617,0.731201,0.568063,0.458451,-0.501986,0.463821
-0.061087,0.134718,0.08563,-0.114855,1.196411,9.159725,0.839814,0.02688,0.037411,0.540909,-0.227746,-0.272444,-0.259673,9.81933,2.306517,1.030273,0.600652,0.501473,-0.42528,0.45483,0.258608,-0.22881,0.154314,10.417475,0.343628,0.315552,0.564012,0.460506,-0.503847,0.464709
-0.049906,0.072813,0.095448,-0.239282,0.880559,9.178867,0.8392,0.028089,0.037534,0.54179,-0.245838,-0.264994,-0.197947,10.263666,2.41516,1.595458,0.602693,0.501816,-0.425827,0.451226,0.223489,-0.254352,0.113873,10.089716,0.015869,0.19165,0.560041,0.462305,-0.505972,0.465416
-0.041452,0.027271,0.054269,-0.22014,0.66999,9.341579,0.838975,0.026677,0.035768,0.542329,-0.259673,-0.30437,-0.041505,10.318598,2.161864,1.323852,0.601799,0.501485,-0.429956,0.448866,0.19369,-0.092588,0.282022,10.172113,-0.220947,0.484009,0.556314,0.461523,-0.508037,0.468404
-0.057541,-0.007909,0.007363,-0.143569,0.535992,9.475577,0.839016,0.025346,0.033608,0.542468,-0.167084,-0.044698,-0.211782,10.350336,2.818602,1.774901,0.604467,0.501609,-0.428654,0.446381,0.186241,-0.028734,0.353325,9.899286,-0.444946,0.518188,0.552694,0.45988,-0.509992,0.472165
-0.067632,-0.067632,-0.005727,-0.114855,0.545564,9.341579,0.839135,0.024515,0.030785,0.542489,-0.1458,-0.113873,-0.152185,10.176386,2.996825,1.747436,0.606459,0.502123,-0.427919,0.443798,0.137286,0.086203,0.25648,9.799189,-0.513916,0.371704,0.550196,0.45811,-0.511216,0.475467
-0.050178,-0.047451,0.011999,-0.172283,0.363709,9.102298,0.839166,0.022897,0.028753,0.542624,-0.125579,-0.199011,-0.019156,9.802851,3.146971,1.553344,0.607307,0.502949,-0.428283,0.441345,0.096845,0.181984,0.134093,10.136713,-0.797119,0.306396,0.548924,0.456331,-0.511564,0.478266
0.01009,0.020998,0.034088,-0.172283,0.181855,9.169296,0.83904,0.021311,0.027743,0.542936,-0.056404,-0.148993,0.103231,9.54101,3.111571,1.549682,0.607513,0.503348,-0.428641,0.440258,0.031927,0.366096,0.024477,10.266718,-1.126098,0.534057,0.549562,0.453607,-0.510549,0.481201
0.053178,0.059996,0.032452,-0.191426,0.200997,9.379865,0.838902,0.019843,0.027333,0.543226,0.00745,-0.073432,0.046826,9.779657,2.858885,1.420287,0.607946,0.504129,-0.427982,0.439407,-0.065982,0.56085,-0.041505,10.159906,-1.343993,0.643921,0.551987,0.449685,-0.508586,0.484174
0.074449,0.04636,0.004363,-0.181855,0.306281,9.41815,0.838913,0.018741,0.026784,0.543275,0.024477,0.002128,0.002128,10.015253,2.543944,1.376952,0.608898,0.50423,-0.42662,0.439297,-0.128772,0.57575,-0.075561,10.097651,-1.150512,0.896606,0.555056,0.445392,-0.506546,0.486767
0.071177,0.015817,-0.019908,-0.153141,0.440279,9.485149,0.839051,0.018363,0.025519,0.543135,0.034055,0.025542,-0.008514,10.193476,2.237548,1.278686,0.60791,0.503667,-0.427571,0.440386,-0.139414,0.587456,-0.088331,10.139765,-0.76477,1.394652,0.558872,0.440922,-0.503777,0.489337
0.077722,-0.012272,-0.053723,-0.057428,0.430708,9.332008,0.839357,0.018938,0.023856,0.542718,-0.006385,0.092588,-0.164956,10.214228,1.870116,1.191406,0.608094,0.503236,-0.42751,0.440685,-0.123451,0.476776,0.014899,10.32165,-0.332031,1.574096,0.562005,0.436719,-0.501473,0.491877
0.092448,-0.013635,-0.077994,-0.009571,0.430708,9.226724,0.839782,0.019837,0.022262,0.542096,-0.015963,0.179855,-0.128772,10.075068,1.79077,1.253051,0.608635,0.502043,-0.427069,0.441723,-0.044698,0.654503,0.012771,10.429071,0.049438,1.671142,0.566207,0.432611,-0.497149,0.495067
0.087812,-0.026998,-0.070086,-0.07657,0.612563,9.217153,0.840092,0.022685,0.022257,0.541504,-0.003193,0.122387,0.005321,10.5487,2.065428,1.491088,0.608544,0.500343,-0.427344,0.443508,-0.077689,0.484226,0.088331,10.411982,0.159912,1.907958,0.569391,0.428921,-0.49415,0.497623
0.062177,-0.034907,-0.050178,-0.22014,0.59342,9.035298,0.840362,0.022811,0.024226,0.540996,0.030863,0.147928,-0.017028,10.403437,2.322997,1.604003,0.609283,0.498726,-0.426289,0.445326,-0.127708,0.415051,0.104295,10.372919,0.112305,1.9458,0.57234,0.425187,-0.491847,0.499721
0.052633,-0.027543,-0.045815,-0.277567,0.622134,9.169296,0.84061,0.022698,0.026163,0.540525,0.057469,0.177727,0.114937,9.912104,2.431029,1.861571,0.610085,0.497123,-0.424678,0.447554,-0.139414,0.316077,0.091524,10.49682,0.0,2.18933,0.574772,0.421729,-0.490242,0.501435
0.038452,-0.010363,-0.041724,-0.258425,0.650848,9.360723,0.840823,0.022618,0.028239,0.540091,0.084074,0.163892,0.076625,10.27038,2.327879,2.395628,0.610699,0.495702,-0.423074,0.449807,-0.150057,0.294792,0.011707,10.598749,0.283203,2.744749,0.577658,0.418937,-0.488314,0.502339
0.033816,-0.013908,-0.054542,-0.239282,0.727418,9.485149,0.841048,0.024308,0.029787,0.539584,0.111744,0.122387,0.017028,10.215448,2.149657,2.309569,0.611131,0.494753,-0.421487,0.451751,-0.158571,0.019156,0.023413,10.908807,0.339355,2.536009,0.579272,0.417664,-0.487938,0.501905
0.033816,-0.034634,-0.060541,-0.210568,0.880559,9.360723,0.841299,0.02651,0.030649,0.539041,0.078753,0.028734,0.030863,10.53161,2.135009,1.967162,0.610825,0.493725,-0.421272,0.453486,-0.187305,-0.050019,0.022349,11.051629,0.759887,3.382566,0.580635,0.416522,-0.488141,0.50108
0.053451,-0.038724,-0.055905,-0.095713,0.928415,9.236296,0.841517,0.029143,0.030738,0.53856,0.05534,0.025542,-0.088331,10.129999,2.011107,1.754149,0.610687,0.493075,-0.421162,0.45448,-0.140479,-0.171341,0.076625,10.533442,0.646362,2.479247,0.581055,0.416412,-0.4889,0.499945
0.063541,-0.022089,-0.042815,-0.009571,0.880559,9.217153,0.841665,0.031616,0.030113,0.538224,0.001064,0.012771,-0.050019,9.806513,1.931151,1.534423,0.609985,0.49257,-0.42216,0.455045,-0.058533,-0.204333,-0.117066,10.292963,0.684204,1.614989,0.5814,0.419019,-0.489274,0.49699
0.05945,-0.009545,-0.02918,-0.028714,0.947558,9.178867,0.84172,0.034144,0.030163,0.53798,-0.026606,0.025542,0.024477,9.943842,2.162474,1.505736,0.609129,0.492566,-0.423342,0.455097,-0.039377,-0.144736,-0.136222,9.882807,0.749511,1.515502,0.582089,0.421513,-0.489072,0.494266
0.052905,-0.017999,-0.006272,-0.028714,0.985843,9.207582,0.841649,0.036677,0.030272,0.537919,-0.041505,0.064918,0.070239,10.133051,2.406615,1.473998,0.609055,0.49294,-0.42349,0.454654,-0.002128,-0.081946,-0.071304,9.74975,0.699462,1.455688,0.582552,0.423602,-0.48865,0.492349
0.032725,0.005454,0.013363,0.047856,0.995414,9.178867,0.841475,0.038821,0.029864,0.538063,-0.052147,0.108552,-0.02022,10.147699,2.549437,1.587523,0.610405,0.493394,-0.42205,0.453688,0.021285,-0.045762,0.003193,9.887079,0.615844,1.126098,0.582115,0.425191,-0.488934,0.491213
0.035725,0.011454,0.018817,0.028714,0.918844,9.140582,0.841292,0.040479,0.028734,0.538289,-0.028734,0.16602,-0.048955,9.763788,2.796019,1.766356,0.612452,0.493291,-0.419598,0.453316,0.03512,0.010642,0.018092,10.180658,0.429687,1.253661,0.581671,0.426414,-0.489062,0.490551
0.03218,0.031089,0.021817,0.124427,0.823131,9.217153,0.84115,0.040711,0.027168,0.538574,0.005321,0.205397,0.073432,9.869989,2.86743,1.932982,0.613993,0.492463,-0.41733,0.454225,0.032991,0.05534,-0.00745,10.479731,0.151977,1.45996,0.581074,0.427005,-0.489432,0.490376
0.025635,0.045269,0.026998,0.22014,0.909273,9.351151,0.840933,0.041702,0.025954,0.538897,0.026606,0.211782,0.031927,10.384516,2.637938,1.627807,0.614474,0.492794,-0.415922,0.454507,0.015963,0.040441,-0.005321,10.589594,-0.08728,1.756591,0.580743,0.425593,-0.489685,0.491741
0.036816,0.049087,0.046633,0.229711,0.937986,9.293723,0.84059,0.042998,0.024978,0.539376,-0.019156,0.152185,-0.024477,10.521845,2.440184,0.807495,0.61453,0.492896,-0.415715,0.45451,0.013835,0.051083,0.032991,10.475458,-0.202026,1.834105,0.580449,0.423915,-0.489853,0.493367
0.047997,0.04636,0.067359,0.181855,0.918844,9.513863,0.840155,0.043872,0.023729,0.540041,-0.004257,0.246902,-0.073432,10.313105,2.772825,3.149412,0.616745,0.491408,-0.412981,0.455611,0.004257,0.058533,0.052147,10.355829,-0.233154,1.9635,0.580455,0.422117,-0.489727,0.495024
0.037634,0.018544,0.052633,-0.181855,0.698704,9.408579,0.839946,0.042166,0.024541,0.540465,0.136222,0.015963,0.032991,11.48803,2.955321,3.262327,0.616797,0.49134,-0.411598,0.456864,-0.012771,0.028734,0.008514,10.231318,-0.179443,2.011107,0.580821,0.420691,-0.489411,0.496119
0.008727,0.04227,0.027816,-0.287139,0.564706,9.274581,0.839876,0.040063,0.025315,0.540698,0.189433,-0.093652,0.064918,11.021722,2.578734,2.597044,0.615837,0.491752,-0.411041,0.458215,-0.018092,-0.040441,-0.009578,10.084223,-0.20874,1.950683,0.580827,0.419589,-0.489604,0.496854
0.003818,0.05945,-0.008181,-0.354138,0.641276,9.226724,0.839987,0.037951,0.026656,0.540612,0.168149,-0.065982,0.120258,10.20141,2.315672,1.983641,0.61415,0.491305,-0.411617,0.460436,-0.001064,-0.052147,-0.015963,10.123285,-0.118408,1.834716,0.580624,0.418623,-0.489883,0.497631
0.007636,0.045542,-0.027271,-0.29671,0.660419,9.188439,0.840203,0.035897,0.027801,0.540361,0.100038,-0.088331,0.061725,9.345697,1.886596,1.493529,0.611945,0.492025,-0.41332,0.461079,0.02022,-0.036184,-0.001064,10.353388,-0.012207,1.780394,0.580934,0.42025,-0.489315,0.496456
0.017726,0.011181,-0.024816,-0.162712,0.641276,9.341579,0.840416,0.034014,0.027672,0.540157,0.028734,-0.094717,0.028734,9.430536,1.583861,1.445922,0.610233,0.492083,-0.415285,0.461519,0.03512,-0.018092,-0.014899,10.34057,0.046997,1.748046,0.58095,0.421955,-0.488967,0.495333
0.013363,-0.003272,0.002182,-0.095713,0.631705,9.379865,0.840478,0.032448,0.026674,0.540207,-0.03512,-0.034055,0.048955,9.951166,1.624755,1.450194,0.608975,0.49146,-0.417269,0.462055,0.032991,-0.013835,-0.017028,10.27038,0.023193,1.77307,0.58101,0.421103,-0.488601,0.496346
0.012545,-0.022362,0.005454,0.038285,0.650848,9.322437,0.840476,0.032261,0.024601,0.54032,-0.079817,0.017028,0.012771,10.083612,1.734008,1.344604,0.608303,0.490821,-0.418905,0.462139,0.038312,-0.00745,-0.005321,10.250238,0.006714,1.771239,0.580702,0.420057,-0.488598,0.497595
0.008727,-0.028907,0.01009,0.066999,0.679562,9.312865,0.840427,0.03257,0.022407,0.540473,-0.095781,0.068111,0.011707,10.169062,2.003783,1.56494,0.607942,0.489919,-0.420267,0.462336,0.043634,-0.014899,-0.029799,10.236811,-0.00061,1.678466,0.579781,0.42106,-0.489306,0.497126
0.008181,-0.027543,0.01309,0.114855,0.756132,9.284152,0.840307,0.034108,0.020714,0.540632,-0.081946,0.087267,-0.050019,10.332636,2.310179,1.819457,0.609954,0.489784,-0.418519,0.461411,0.041505,-0.038312,-0.051083,10.280756,0.041504,1.753539,0.58076,0.42206,-0.487817,0.496598
0.011181,-0.014726,0.003272,0.057428,0.89013,9.178867,0.840212,0.036167,0.021295,0.540623,-0.057469,0.079817,-0.084074,10.294794,2.603758,2.014769,0.612013,0.489703,-0.416536,0.460566,0.039377,-0.024477,-0.021285,10.243525,0.08606,1.729735,0.580846,0.423866,-0.487348,0.495419
0.011726,0.002727,-0.001364,0.009571,0.937986,9.236296,0.840151,0.037769,0.022669,0.540553,-0.037248,0.068111,-0.042569,10.277704,2.828978,2.163085,0.613725,0.489603,-0.414736,0.460017,0.039377,-0.022349,-0.022349,10.274652,0.196533,1.687621,0.581078,0.425667,-0.486703,0.494235
0.007636,0.011181,-0.007909,-0.057428,0.9667,9.245867,0.840147,0.038714,0.024562,0.540409,-0.006385,0.021285,0.008514,10.284418,2.891234,2.182006,0.614847,0.489758,-0.413322,0.459626,0.029799,-0.014899,-0.031927,10.256342,0.234375,1.654052,0.581288,0.427416,-0.486188,0.492983
0.001909,0.009817,-0.007909,-0.095713,1.081556,9.322437,0.840136,0.039756,0.026329,0.540268,0.018092,0.009578,0.022349,10.167841,2.872923,2.117919,0.615715,0.490188,-0.411929,0.459257,0.022349,-0.013835,-0.02767,10.30578,0.292969,1.658324,0.581765,0.42908,-0.48542,0.49173
-0.004909,-0.004091,-0.000545,-0.172283,1.062413,9.255438,0.840115,0.040249,0.028194,0.54017,0.028734,-0.006385,0.00745,10.100092,2.776488,1.989745,0.616436,0.491106,-0.410559,0.458536,0.019156,0.00745,-0.010642,10.313715,0.27832,1.691283,0.5828,0.430024,-0.484006,0.491073
-0.001364,-0.02018,0.002182,-0.124427,1.024128,9.19801,0.84007,0.041033,0.029885,0.540089,0.025542,-0.018092,-0.003193,9.999384,2.540282,1.882933,0.616937,0.492423,-0.409434,0.457454,0.015963,0.008514,0.014899,10.27099,0.311279,1.726073,0.583755,0.430068,-0.482696,0.49119
-0.003818,-0.006272,0.012545,0.0,0.899701,9.226724,0.840015,0.040944,0.027815,0.540293,0.011707,-0.021285,-0.004257,10.004877,2.337645,1.80664,0.615751,0.492505,-0.410823,0.457718,0.009578,0.013835,0.025542,10.271601,0.316772,1.716308,0.584679,0.430755,-0.481445,0.490717
-0.006545,-0.007909,0.013908,-0.153141,0.861416,9.303294,0.840026,0.039236,0.028753,0.540353,0.001064,-0.008514,-0.009578,10.051874,2.182006,1.838378,0.614928,0.491681,-0.412057,0.4586,0.003193,0.008514,0.015963,10.274652,0.242309,1.723632,0.583806,0.429506,-0.482453,0.49186
0.003818,0.000545,0.014726,-0.172283,0.756132,9.245867,0.840039,0.037289,0.028995,0.540458,-0.010642,0.004257,-0.005321,10.153193,2.208251,1.879271,0.61432,0.490564,-0.413164,0.459614,0.004257,0.002128,0.021285,10.224604,0.207519,1.732787,0.583111,0.428111,-0.483233,0.493133
-0.008454,-0.009545,0.019635,-0.095713,0.746561,9.274581,0.840025,0.035472,0.02802,0.540653,-0.013835,0.00745,0.017028,10.168451,2.296751,1.950683,0.614527,0.489131,-0.413323,0.46072,-0.002128,-0.004257,0.030863,10.230097,0.100098,1.754149,0.582335,0.426674,-0.484151,0.494393
-0.007363,-0.007636,0.013363,-0.028714,0.784846,9.274581,0.839983,0.03504,0.025961,0.54085,-0.011707,0.011707,0.03512,10.195917,2.412718,1.995848,0.615493,0.488663,-0.412262,0.460878,0.0,-0.013835,0.02022,10.336908,0.009766,1.762694,0.581394,0.425441,-0.485254,0.495481
-0.011726,-0.001364,0.012272,0.009571,0.775275,9.322437,0.839923,0.035005,0.023887,0.541041,-0.003193,0.004257,0.029799,10.2008,2.41638,1.961058,0.616363,0.489132,-0.411046,0.460303,0.002128,-0.010642,0.012771,10.352167,-0.011597,1.770019,0.580539,0.424205,-0.48624,0.496576
-0.017999,-0.006272,0.011999,0.114855,0.765703,9.322437,0.839834,0.035635,0.021879,0.541222,-0.006385,-0.001064,0.004257,10.164789,2.416991,1.975097,0.617426,0.489149,-0.409779,0.45999,0.005321,0.0,0.02767,10.237421,-0.010986,1.712035,0.579371,0.423208,-0.48753,0.497525
-0.014181,-0.015272,0.014181,0.038285,0.736989,9.245867,0.839801,0.034671,0.019906,0.541412,-0.004257,0.0,-0.005321,10.20019,2.324217,1.968383,0.61663,0.488256,-0.411025,0.460894,0.005321,-0.012771,0.02022,10.292963,-0.024414,1.712646,0.578136,0.422422,-0.488906,0.498278
-0.014454,-0.007363,0.01309,-0.009571,0.746561,9.293723,0.839778,0.033604,0.021498,0.541454,-0.004257,-0.006385,-0.021285,10.192255,2.287596,1.958617,0.615841,0.487517,-0.412263,0.461625,0.002128,-0.002128,0.021285,10.294184,-0.007324,1.734618,0.577797,0.420994,-0.489249,0.499541
-0.017999,-0.015817,0.017453,0.028714,0.698704,9.351151,0.83973,0.03257,0.019521,0.541668,-0.009578,-0.003193,-0.02022,10.190424,2.255858,1.94702,0.615046,0.486796,-0.413541,0.462302,0.001064,-0.004257,0.014899,10.283197,-0.015259,1.758422,0.578626,0.420644,-0.48823,0.499874
-0.004909,-0.01909,0.003818,-0.066999,0.66999,9.370294,0.839779,0.030938,0.02039,0.541656,-0.010642,-0.006385,-0.059597,10.25268,2.245482,2.05017,0.615597,0.485786,-0.413306,0.462842,0.0,0.014899,0.005321,10.446772,0.009155,1.73828,0.578242,0.42155,-0.488678,0.499118
0.008181,-0.024271,-0.011454,-0.009571,0.698704,9.399008,0.839862,0.030569,0.02215,0.541478,-0.012771,-0.044698,-0.087267,10.28808,2.422484,2.002562,0.616619,0.487297,-0.412064,0.460997,0.001064,0.013835,-0.056404,10.405878,0.019531,1.802977,0.579547,0.421535,-0.487215,0.499045
0.009817,-0.044451,-0.002454,-0.095713,0.708275,9.226724,0.839905,0.030147,0.023684,0.541369,-0.02022,-0.038312,-0.065982,9.964594,2.525023,2.088622,0.617915,0.487772,-0.410732,0.459945,0.001064,0.031927,0.0,10.341791,0.078125,1.80725,0.58078,0.421977,-0.485737,0.49868
0.023726,-0.013908,-0.012272,0.066999,0.631705,9.303294,0.839971,0.030486,0.021704,0.541332,-0.017028,-0.09046,-0.02767,10.223383,2.454222,2.075804,0.618731,0.487837,-0.410106,0.459337,0.002128,-0.018092,-0.023413,10.49682,0.17456,1.773681,0.581074,0.423549,-0.485396,0.497335
0.041179,0.016908,-0.011181,0.105284,0.555135,9.245867,0.840033,0.030317,0.020122,0.541306,0.003193,-0.085139,-0.059597,10.293573,2.406004,2.098387,0.619084,0.487376,-0.410041,0.45941,0.011707,-0.031927,-0.075561,10.454706,0.053101,1.793822,0.580247,0.423231,-0.486395,0.497594
0.035179,0.035725,0.000273,0.028714,0.631705,9.169296,0.840028,0.030024,0.018656,0.541382,0.015963,-0.074496,0.014899,10.213007,2.365721,2.041625,0.618415,0.48646,-0.411077,0.460354,0.015963,-0.045762,-0.023413,10.247797,0.153809,1.838378,0.581119,0.423719,-0.48524,0.497288
0.035997,0.078813,-0.000545,-0.019143,0.727418,9.064013,0.83996,0.031127,0.021084,0.541336,0.028734,-0.104295,-0.005321,10.32165,2.404173,1.993407,0.617086,0.487899,-0.412359,0.459469,0.015963,-0.117066,-0.064918,10.259394,0.200806,1.857299,0.581874,0.424882,-0.484295,0.496335
0.025635,0.105811,0.006,-0.143569,0.775275,8.958728,0.839885,0.030951,0.024098,0.541337,0.041505,-0.104295,0.058533,10.118402,2.506712,1.984252,0.617138,0.489067,-0.411759,0.458694,0.010642,-0.117066,-0.025542,10.155024,0.219116,1.80664,0.582472,0.425958,-0.483523,0.495463
0.019635,0.138263,0.012817,-0.22014,0.880559,9.035298,0.839745,0.030883,0.027288,0.541407,0.050019,-0.102166,0.098974,9.927973,2.507323,1.863402,0.616519,0.490638,-0.411741,0.457865,0.001064,-0.131965,-0.025542,10.138544,0.272827,1.715697,0.58246,0.428076,-0.483552,0.493621
