0.011181,-0.014726,0.003272,0.057428,0.89013,9.178867,0.840212,0.036167,0.021295,0.540623,-0.057469,0.079817,-0.084074,10.294794,2.603758,2.014769,0.612013,0.489703,-0.416536,0.460566,0.039377,-0.024477,-0.021285,10.243525,0.08606,1.729735,0.580846,0.423866,-0.487348,0.495419
0.011726,0.002727,-0.001364,0.009571,0.937986,9.236296,0.840151,0.037769,0.022669,0.540553,-0.037248,0.068111,-0.042569,10.277704,2.828978,2.163085,0.613725,0.489603,-0.414736,0.460017,0.039377,-0.022349,-0.022349,10.274652,0.196533,1.687621,0.581078,0.425667,-0.486703,0.494235
0.007636,0.011181,-0.007909,-0.057428,0.9667,9.245867,0.840147,0.038714,0.024562,0.540409,-0.006385,0.021285,0.008514,10.284418,2.891234,2.182006,0.614847,0.489758,-0.413322,0.459626,0.029799,-0.014899,-0.031927,10.256342,0.234375,1.654052,0.581288,0.427416,-0.486188,0.492983
0.001909,0.009817,-0.007909,-0.095713,1.081556,9.322437,0.840136,0.039756,0.026329,0.540268,0.018092,0.009578,0.022349,10.167841,2.872923,2.117919,0.615715,0.490188,-0.411929,0.459257,0.022349,-0.013835,-0.02767,10.30578,0.292969,1.658324,0.581765,0.42908,-0.48542,0.49173
-0.004909,-0.004091,-0.000545,-0.172283,1.062413,9.255438,0.840115,0.040249,0.028194,0.54017,0.028734,-0.006385,0.00745,10.100092,2.776488,1.989745,0.616436,0.491106,-0.410559,0.458536,0.019156,0.00745,-0.010642,10.313715,0.27832,1.691283,0.5828,0.430024,-0.484006,0.491073
-0.001364,-0.02018,0.002182,-0.124427,1.024128,9.19801,0.84007,0.041033,0.029885,0.540089,0.025542,-0.018092,-0.003193,9.999384,2.540282,1.882933,0.616937,0.492423,-0.409434,0.457454,0.015963,0.008514,0.014899,10.27099,0.311279,1.726073,0.583755,0.430068,-0.482696,0.49119
-0.003818,-0.006272,0.012545,0.0,0.899701,9.226724,0.840015,0.040944,0.027815,0.540293,0.011707,-0.021285,-0.004257,10.004877,2.337645,1.80664,0.615751,0.492505,-0.410823,0.457718,0.009578,0.013835,0.025542,10.271601,0.316772,1.716308,0.584679,0.430755,-0.481445,0.490717
-0.006545,-0.007909,0.013908,-0.153141,0.861416,9.303294,0.840026,0.039236,0.028753,0.540353,0.001064,-0.008514,-0.009578,10.051874,2.182006,1.838378,0.614928,0.491681,-0.412057,0.4586,0.003193,0.008514,0.015963,10.274652,0.242309,1.723632,0.583806,0.429506,-0.482453,0.49186
0.003818,0.000545,0.014726,-0.172283,0.756132,9.245867,0.840039,0.037289,0.028995,0.540458,-0.010642,0.004257,-0.005321,10.153193,2.208251,1.879271,0.61432,0.490564,-0.413164,0.459614,0.004257,0.002128,0.021285,10.224604,0.207519,1.732787,0.583111,0.428111,-0.483233,0.493133
-0.008454,-0.009545,0.019635,-0.095713,0.746561,9.274581,0.840025,0.035472,0.02802,0.540653,-0.013835,0.00745,0.017028,10.168451,2.296751,1.950683,0.614527,0.489131,-0.413323,0.46072,-0.002128,-0.004257,0.030863,10.230097,0.100098,1.754149,0.582335,0.426674,-0.484151,0.494393
-0.007363,-0.007636,0.013363,-0.028714,0.784846,9.274581,0.839983,0.03504,0.025961,0.54085,-0.011707,0.011707,0.03512,10.195917,2.412718,1.995848,0.615493,0.488663,-0.412262,0.460878,0.0,-0.013835,0.02022,10.336908,0.009766,1.762694,0.581394,0.425441,-0.485254,0.495481
-0.011726,-0.001364,0.012272,0.009571,0.775275,9.322437,0.839923,0.035005,0.023887,0.541041,-0.003193,0.004257,0.029799,10.2008,2.41638,1.961058,0.616363,0.489132,-0.411046,0.460303,0.002128,-0.010642,0.012771,10.352167,-0.011597,1.770019,0.580539,0.424205,-0.48624,0.496576
-0.017999,-0.006272,0.011999,0.114855,0.765703,9.322437,0.839834,0.035635,0.021879,0.541222,-0.006385,-0.001064,0.004257,10.164789,2.416991,1.975097,0.617426,0.489149,-0.409779,0.45999,0.005321,0.0,0.02767,10.237421,-0.010986,1.712035,0.579371,0.423208,-0.48753,0.497525
-0.014181,-0.015272,0.014181,0.038285,0.736989,9.245867,0.839801,0.034671,0.019906,0.541412,-0.004257,0.0,-0.005321,10.20019,2.324217,1.968383,0.61663,0.488256,-0.411025,0.460894,0.005321,-0.012771,0.02022,10.292963,-0.024414,1.712646,0.578136,0.422422,-0.488906,0.498278
-0.014454,-0.007363,0.01309,-0.009571,0.746561,9.293723,0.839778,0.033604,0.021498,0.541454,-0.004257,-0.006385,-0.021285,10.192255,2.287596,1.958617,0.615841,0.487517,-0.412263,0.461625,0.002128,-0.002128,0.021285,10.294184,-0.007324,1.734618,0.577797,0.420994,-0.489249,0.499541
-0.017999,-0.015817,0.017453,0.028714,0.698704,9.351151,0.83973,0.03257,0.019521,0.541668,-0.009578,-0.003193,-0.02022,10.190424,2.255858,1.94702,0.615046,0.486796,-0.413541,0.462302,0.001064,-0.004257,0.014899,10.283197,-0.015259,1.758422,0.578626,0.420644,-0.48823,0.499874
-0.004909,-0.01909,0.003818,-0.066999,0.66999,9.370294,0.839779,0.030938,0.02039,0.541656,-0.010642,-0.006385,-0.059597,10.25268,2.245482,2.05017,0.615597,0.485786,-0.413306,0.462842,0.0,0.014899,0.005321,10.446772,0.009155,1.73828,0.578242,0.42155,-0.488678,0.499118
0.008181,-0.024271,-0.011454,-0.009571,0.698704,9.399008,0.839862,0.030569,0.02215,0.541478,-0.012771,-0.044698,-0.087267,10.28808,2.422484,2.002562,0.616619,0.487297,-0.412064,0.460997,0.001064,0.013835,-0.056404,10.405878,0.019531,1.802977,0.579547,0.421535,-0.487215,0.499045
0.009817,-0.044451,-0.002454,-0.095713,0.708275,9.226724,0.839905,0.030147,0.023684,0.541369,-0.02022,-0.038312,-0.065982,9.964594,2.525023,2.088622,0.617915,0.487772,-0.410732,0.459945,0.001064,0.031927,0.0,10.341791,0.078125,1.80725,0.58078,0.421977,-0.485737,0.49868
0.023726,-0.013908,-0.012272,0.066999,0.631705,9.303294,0.839971,0.030486,0.021704,0.541332,-0.017028,-0.09046,-0.02767,10.223383,2.454222,2.075804,0.618731,0.487837,-0.410106,0.459337,0.002128,-0.018092,-0.023413,10.49682,0.17456,1.773681,0.581074,0.423549,-0.485396,0.497335
0.041179,0.016908,-0.011181,0.105284,0.555135,9.245867,0.840033,0.030317,0.020122,0.541306,0.003193,-0.085139,-0.059597,10.293573,2.406004,2.098387,0.619084,0.487376,-0.410041,0.45941,0.011707,-0.031927,-0.075561,10.454706,0.053101,1.793822,0.580247,0.423231,-0.486395,0.497594
0.035179,0.035725,0.000273,0.028714,0.631705,9.169296,0.840028,0.030024,0.018656,0.541382,0.015963,-0.074496,0.014899,10.213007,2.365721,2.041625,0.618415,0.48646,-0.411077,0.460354,0.015963,-0.045762,-0.023413,10.247797,0.153809,1.838378,0.581119,0.423719,-0.48524,0.497288
0.035997,0.078813,-0.000545,-0.019143,0.727418,9.064013,0.83996,0.031127,0.021084,0.541336,0.028734,-0.104295,-0.005321,10.32165,2.404173,1.993407,0.617086,0.487899,-0.412359,0.459469,0.015963,-0.117066,-0.064918,10.259394,0.200806,1.857299,0.581874,0.424882,-0.484295,0.496335
0.025635,0.105811,0.006,-0.143569,0.775275,8.958728,0.839885,0.030951,0.024098,0.541337,0.041505,-0.104295,0.058533,10.118402,2.506712,1.984252,0.617138,0.489067,-0.411759,0.458694,0.010642,-0.117066,-0.025542,10.155024,0.219116,1.80664,0.582472,0.425958,-0.483523,0.495463
0.019635,0.138263,0.012817,-0.22014,0.880559,9.035298,0.839745,0.030883,0.027288,0.541407,0.050019,-0.102166,0.098974,9.927973,2.507323,1.863402,0.616519,0.490638,-0.411741,0.457865,0.001064,-0.131965,-0.025542,10.138544,0.272827,1.715697,0.58246,0.428076,-0.483552,0.493621
0.014454,0.173169,0.004636,-0.105284,0.89013,9.064013,0.839589,0.031794,0.029813,0.541463,0.04789,-0.120258,0.108552,9.895014,2.48474,1.759032,0.615247,0.492319,-0.412542,0.457049,0.002128,-0.148993,-0.026606,10.275873,0.233154,1.553954,0.581196,0.429724,-0.48506,0.492197
0.02018,0.19635,0.012272,-0.038285,0.9667,9.064013,0.839369,0.032893,0.031694,0.541632,0.03512,-0.095781,0.094717,9.891962,2.440794,1.572875,0.613702,0.493624,-0.413852,0.456535,0.005321,-0.130901,-0.04789,10.197748,0.230713,1.448974,0.580076,0.431362,-0.486388,0.490772
0.023998,0.237528,0.016908,0.038285,0.957129,9.016156,0.839116,0.03368,0.033106,0.541891,0.014899,-0.056404,0.06279,9.897455,2.405394,1.530761,0.6125,0.494694,-0.414947,0.455996,-0.005321,-0.073432,0.013835,10.144648,0.193481,1.378783,0.57885,0.432168,-0.487848,0.490062
0.01909,0.290161,0.016635,0.114855,0.842274,9.044869,0.838887,0.033375,0.033972,0.54221,-0.004257,-0.03512,0.081946,9.829706,2.299193,1.449584,0.611194,0.495232,-0.416389,0.45585,-0.008514,-0.030863,0.022349,10.090326,0.136108,1.384887,0.577641,0.432369,-0.489305,0.489857
0.024271,0.346339,0.019908,0.066999,0.736989,9.140582,0.838658,0.032015,0.035032,0.542578,-0.005321,-0.001064,0.079817,9.927973,2.236327,1.372069,0.609958,0.495472,-0.417754,0.455995,-0.021285,0.012771,0.048955,10.126337,0.046997,1.403808,0.57645,0.431581,-0.490834,0.490424
0.023998,0.37361,0.012817,-0.038285,0.679562,9.19801,0.838486,0.029868,0.036327,0.542882,0.006385,0.038312,0.094717,9.92309,2.235106,1.363525,0.608789,0.495591,-0.418853,0.456421,-0.030863,0.019156,0.012771,10.14831,-0.05249,1.456908,0.575626,0.4303,-0.492088,0.491261
0.011454,0.427333,0.014454,-0.258425,0.708275,9.284152,0.838329,0.026042,0.038795,0.54315,0.029799,0.122387,0.103231,10.074457,2.338255,1.453246,0.60801,0.495691,-0.419084,0.457138,-0.032991,0.040441,0.005321,10.306391,-0.155029,1.566772,0.5753,0.428604,-0.492795,0.492415
-0.009817,0.445877,0.014181,-0.51685,0.803988,9.399008,0.838084,0.022396,0.044109,0.543287,0.031927,0.186241,0.08301,10.346674,2.315062,1.621093,0.607253,0.495021,-0.419342,0.458631,-0.030863,0.056404,0.045762,10.26977,-0.198974,1.550902,0.574731,0.426699,-0.493698,0.493827
-0.025362,0.409334,0.010363,-0.650848,0.870987,9.552148,0.837815,0.019383,0.049304,0.54337,0.015963,0.184112,0.034055,10.386957,2.347411,1.768188,0.608627,0.493446,-0.417459,0.460221,-0.029799,0.057469,0.051083,10.447382,-0.126343,1.625365,0.574454,0.42465,-0.494239,0.495372
-0.034088,0.337067,0.003272,-0.746561,0.909273,9.466006,0.837571,0.017136,0.053924,0.543383,0.006385,0.18092,-0.002128,10.386347,2.357787,1.9281,0.610167,0.491935,-0.415498,0.461573,-0.02022,0.044698,0.026606,10.49621,-0.010986,1.613769,0.57562,0.424012,-0.493039,0.49576
-0.03627,0.254709,0.000818,-0.736989,0.918844,9.504292,0.837327,0.016308,0.057647,0.543402,0.001064,0.130901,-0.019156,10.221552,2.39868,2.127684,0.611666,0.490809,-0.41367,0.462428,-0.031927,0.05534,-0.001064,10.544428,0.088501,1.680907,0.577105,0.424272,-0.491621,0.49522
-0.025362,0.213803,-0.020726,-0.842274,0.899701,9.341579,0.837244,0.014741,0.061277,0.543177,0.012771,0.111744,-0.052147,10.484003,2.471312,2.412108,0.613126,0.489892,-0.411821,0.463117,-0.034055,0.029799,0.022349,10.457758,0.169678,1.740722,0.578382,0.424261,-0.490426,0.494925
-0.029998,0.209712,-0.025635,-0.880559,0.851845,9.303294,0.837237,0.012153,0.064473,0.542882,0.018092,0.070239,-0.029799,10.442499,2.532347,2.543334,0.614308,0.489154,-0.410266,0.46371,-0.037248,0.001064,-0.036184,10.249018,0.193481,1.848143,0.579726,0.424103,-0.489274,0.494628
-0.026453,0.21353,-0.029452,-0.937986,0.832702,9.265009,0.837254,0.009328,0.067508,0.542543,0.00745,0.014899,0.026606,10.490107,2.441405,2.43286,0.614965,0.48823,-0.409515,0.464476,-0.036184,-0.029799,-0.030863,10.332636,0.314941,1.813353,0.580974,0.424706,-0.488209,0.493698
-0.034361,0.189805,-0.021817,-1.024128,0.880559,9.111869,0.837131,0.00821,0.070877,0.542322,-0.002128,-0.08301,0.019156,10.319208,2.327269,2.279052,0.615169,0.487569,-0.409577,0.464847,-0.031927,-0.073432,-0.029799,10.280146,0.423584,1.818236,0.581968,0.425678,-0.487396,0.492492
-0.039543,0.214348,-0.006818,-1.100698,0.851845,9.169296,0.836951,0.005881,0.074254,0.542178,-0.02022,-0.134093,0.080882,10.208735,2.27661,2.045287,0.614156,0.486436,-0.411415,0.465748,-0.032991,-0.093652,-0.032991,10.320429,0.480346,1.769408,0.582813,0.427001,-0.48677,0.490964
-0.034088,0.220348,-0.013908,-0.9667,0.870987,9.245867,0.836886,0.005773,0.07449,0.542246,-0.025542,-0.140479,0.051083,10.419916,2.240599,2.095946,0.613343,0.485421,-0.413085,0.466401,-0.03512,-0.139414,-0.045762,10.42724,0.405273,1.625365,0.582879,0.429053,-0.487091,0.488773
-0.030543,0.188168,-0.012272,-0.947558,0.650848,9.140582,0.836953,0.003853,0.07403,0.542223,-0.050019,-0.22136,0.057469,10.410151,2.202147,2.113036,0.612574,0.484658,-0.415015,0.466491,-0.017028,-0.133029,-0.046826,10.441889,0.280151,1.716308,0.583481,0.429545,-0.486644,0.488067
-0.031089,0.166079,-0.027543,-0.9667,0.535992,9.092726,0.837124,0.001678,0.073543,0.542036,-0.053212,-0.273508,0.075561,10.219721,2.144774,1.781615,0.610479,0.485918,-0.418226,0.465058,0.0,-0.155378,-0.030863,10.212397,0.169067,1.673583,0.582547,0.429108,-0.487838,0.488376
-0.036543,0.177805,-0.033816,-1.052842,0.555135,9.05444,0.83732,-0.000927,0.073345,0.541762,-0.052147,-0.194755,0.122387,9.458002,2.037963,1.731566,0.609484,0.48729,-0.419805,0.4635,0.022349,-0.137286,-0.042569,10.228266,0.120239,1.689452,0.581822,0.428789,-0.488572,0.488787
-0.021544,0.227711,-0.031634,-0.947558,0.545564,9.140582,0.837456,-0.002666,0.073184,0.541568,-0.013835,-0.103231,0.106423,9.373163,2.023925,1.798095,0.609483,0.48661,-0.420106,0.463944,0.02767,-0.181984,-0.041505,10.173944,0.169678,1.541747,0.57996,0.429989,-0.490549,0.487964
-0.01309,0.232074,-0.021817,-1.004985,0.717847,9.169296,0.837447,-0.002721,0.073583,0.541528,0.046826,-0.064918,0.107487,10.452875,2.116698,1.648559,0.607571,0.487276,-0.421803,0.464213,0.03512,-0.174534,-0.065982,10.482782,0.192871,1.437987,0.578483,0.431961,-0.492009,0.486504
0.000818,0.238347,0.007909,-0.9667,0.775275,9.131011,0.837238,-0.00236,0.074461,0.541733,0.088331,-0.100038,0.204333,10.550531,2.512816,1.669921,0.605896,0.488716,-0.422571,0.46419,0.02767,-0.163892,-0.073432,10.540155,0.180664,1.283569,0.577093,0.433831,-0.493436,0.485043
-0.009817,0.266981,0.01909,-0.861416,0.832702,9.025727,0.836939,-0.002207,0.075562,0.542042,0.111744,-0.104295,0.109616,10.493158,2.550047,1.858519,0.605306,0.490238,-0.421954,0.463915,0.014899,-0.127708,-0.09046,10.373529,0.045776,1.197509,0.575792,0.435034,-0.494904,0.484016
-0.007363,0.36052,0.011454,-0.736989,0.650848,8.9013,0.836684,-0.003349,0.076764,0.542261,0.131965,-0.095781,0.094717,10.220942,2.357787,1.895751,0.604882,0.491182,-0.421078,0.464265,0.00745,-0.088331,-0.064918,10.100092,-0.022583,1.099243,0.574551,0.435728,-0.496333,0.483402
-0.005727,0.476966,-0.010908,-0.775275,0.583849,8.930014,0.836476,-0.005403,0.078841,0.542268,0.139414,-0.063854,0.108552,10.345453,2.092284,1.82556,0.603551,0.490616,-0.421455,0.46625,0.0,-0.057469,-0.02767,10.055536,-0.079956,1.037597,0.573297,0.435973,-0.497797,0.483165
0.020453,0.622319,-0.025089,-0.918844,0.440279,8.949157,0.836255,-0.008786,0.082193,0.542067,0.134093,-0.071304,0.120258,10.296625,1.823119,1.59851,0.600969,0.490838,-0.423209,0.467761,-0.02022,-0.018092,0.0,10.260004,-0.100098,0.90454,0.572243,0.436009,-0.499187,0.482947
0.038452,0.763582,-0.040088,-1.100698,0.411565,8.882157,0.835991,-0.013199,0.086894,0.541651,0.129836,-0.072368,0.142607,10.198359,1.715697,1.503905,0.598278,0.491033,-0.425088,0.469299,-0.031927,0.008514,-0.041505,10.344233,-0.164795,0.995483,0.57151,0.435753,-0.500375,0.482817
0.059723,0.910571,-0.040633,-1.282553,0.421137,8.863015,0.835574,-0.01845,0.093014,0.541124,0.109616,-0.06279,0.137286,10.209345,1.673583,1.444091,0.595739,0.491186,-0.426959,0.470669,-0.053212,0.071304,-0.03512,10.344233,-0.26123,1.212768,0.571339,0.43423,-0.501133,0.483605
0.069268,1.06656,-0.061905,-1.512264,0.478565,8.863015,0.835073,-0.024762,0.100624,0.540283,0.079817,-0.077689,0.183048,10.159296,1.652831,1.298827,0.593098,0.491393,-0.429163,0.471782,-0.074496,0.054276,-0.040441,10.381464,-0.274658,1.364745,0.571575,0.432446,-0.501647,0.484391
0.081812,1.162553,-0.074449,-1.732404,0.555135,8.738588,0.834451,-0.03192,0.109442,0.539154,0.054276,-0.038312,0.164956,10.025019,1.65039,1.198119,0.590908,0.491578,-0.431027,0.472638,-0.091524,0.06279,-0.065982,10.417475,-0.194702,1.531982,0.572612,0.430697,-0.501447,0.48493
0.100629,1.354539,-0.080721,-1.990828,0.583849,8.537591,0.833163,-0.039206,0.123031,0.537734,0.02022,0.021285,0.131965,9.99206,1.662597,1.159667,0.589366,0.491569,-0.432426,0.473294,-0.084074,0.05534,-0.087267,10.396723,-0.125732,1.575927,0.573884,0.429229,-0.500932,0.485261
0.079085,1.557979,-0.086176,-2.37368,0.803988,8.633304,0.831369,-0.046383,0.138213,0.536249,-0.005321,0.06279,0.09046,10.13061,1.669311,1.176757,0.588341,0.491416,-0.433475,0.473769,-0.08301,0.050019,-0.113873,10.268549,0.119629,1.416015,0.576067,0.428982,-0.499389,0.484482
0.047451,1.708241,-0.064086,-2.507678,0.756132,8.60459,0.829048,-0.05352,0.153605,0.534987,-0.025542,0.168149,0.044698,10.133051,1.770019,1.178588,0.588317,0.491158,-0.433454,0.474084,-0.072368,0.048955,-0.108552,10.192865,0.370483,1.14685,0.577147,0.430146,-0.498976,0.482588
0.073086,1.886592,-0.067359,-3.024528,0.937986,8.642876,0.826072,-0.062341,0.171324,0.533252,-0.05534,0.19369,0.053212,10.117182,1.934813,1.258544,0.589027,0.490916,-0.432801,0.474051,-0.071304,0.054276,-0.100038,10.227655,0.494384,1.196899,0.578501,0.431311,-0.498216,0.480708
0.06245,1.913317,-0.027816,-3.378666,1.100698,8.441878,0.822475,-0.07112,0.18907,0.531715,-0.065982,0.174534,0.064918,9.949945,1.995238,1.246948,0.589805,0.490695,-0.432176,0.473882,-0.061725,0.102166,-0.080882,10.275263,0.569458,1.198119,0.579985,0.432206,-0.497177,0.47919
0.057269,2.018855,0.008999,-3.531806,1.167697,8.441878,0.818218,-0.079637,0.206887,0.53044,-0.084074,0.156442,0.139414,10.052485,2.228392,1.237182,0.59043,0.490152,-0.431879,0.473937,-0.060661,0.116001,-0.101102,10.134272,0.596923,1.340942,0.582113,0.432964,-0.495403,0.47776
0.046906,2.049671,0.029452,-3.818945,1.234697,8.059027,0.813355,-0.088483,0.225026,0.529131,-0.081946,0.213911,0.092588,10.368647,2.273558,1.315307,0.591527,0.48955,-0.430984,0.474006,-0.067047,0.1458,-0.124515,10.1831,0.476074,1.157226,0.583455,0.433643,-0.4946,0.476337
0.013635,2.128756,0.067086,-4.364509,1.196411,8.068598,0.807594,-0.098399,0.243954,0.527814,-0.039377,0.210718,0.142607,10.068964,2.167357,1.137084,0.591816,0.488952,-0.430564,0.474644,-0.075561,0.220296,-0.136222,9.915766,0.331421,1.248168,0.584696,0.433388,-0.494007,0.475662
-0.018817,2.227749,0.093539,-4.498507,1.024128,7.609176,0.800954,-0.109194,0.263478,0.526422,-0.002128,0.295857,0.084074,10.086054,2.097167,1.178588,0.592499,0.488397,-0.429258,0.475545,-0.081946,0.146864,-0.091524,9.716791,0.049438,0.952148,0.585157,0.432703,-0.494349,0.475363
-0.008181,2.284745,0.125173,-4.728218,0.976272,8.001599,0.794434,-0.119976,0.280439,0.525192,0.019156,0.323527,0.181984,10.206903,2.041625,1.123657,0.592518,0.487305,-0.428429,0.477385,-0.095781,0.272444,-0.205397,10.058588,-0.145264,0.890502,0.586801,0.431751,-0.493578,0.475004
-0.016635,2.282018,0.04227,-5.436493,0.803988,8.930014,0.788108,-0.131699,0.296846,0.522891,0.073432,0.619383,0.404408,10.819086,2.513426,0.512695,0.592462,0.484182,-0.426666,0.482188,-0.107487,0.158571,-0.526795,11.514886,-0.15686,0.99121,0.589463,0.43291,-0.492125,0.472152
-0.041179,2.191752,-0.080721,-6.805188,0.985843,9.523434,0.78235,-0.143635,0.312109,0.519496,0.058533,0.910983,0.404408,11.788323,3.138426,0.134888,0.59375,0.479593,-0.423145,0.488254,-0.008514,0.247966,-0.65131,12.668449,-0.115356,1.296386,0.592677,0.434584,-0.489171,0.469654
-0.007363,2.00222,-0.231529,-7.111469,0.784846,9.303294,0.777748,-0.154968,0.325729,0.514766,0.155378,1.509082,0.056404,13.402092,2.994993,0.55603,0.598599,0.473987,-0.41404,0.495559,0.096845,0.266058,-1.113187,12.19909,0.489502,0.768432,0.597892,0.439879,-0.483234,0.46423
-0.009545,1.947406,-0.273526,-7.771888,1.119841,9.150154,0.773147,-0.1652,0.339006,0.509921,0.421436,1.505889,-0.682173,10.744013,2.857054,1.100463,0.605969,0.473098,-0.399649,0.499251,0.258608,-0.240517,-1.691065,12.14782,1.118774,0.822143,0.602698,0.451495,-0.476645,0.453552
-0.118355,1.672244,-0.271344,-8.384451,1.100698,8.566305,0.767987,-0.176025,0.352244,0.505102,0.380995,1.654881,-0.561915,11.638177,0.957031,2.41516,0.612492,0.468736,-0.386417,0.505781,0.174534,0.866285,-1.132343,12.076409,1.555175,1.080322,0.610533,0.454925,-0.466041,0.450656
-0.240801,1.292907,-0.241619,-9.370294,0.784846,8.087741,0.763823,-0.186481,0.361393,0.501185,0.084074,1.114251,0.728999,14.931632,2.384642,4.221799,0.612124,0.459514,-0.38348,0.516803,-0.002128,1.042948,-0.7141,12.334588,1.151122,1.705932,0.61755,0.452864,-0.45771,0.451706
-0.302978,0.971658,-0.198531,-9.973285,0.89013,7.724031,0.760204,-0.195237,0.368085,0.498475,0.274572,1.572935,0.112809,10.830683,2.538451,3.593748,0.617228,0.452929,-0.371464,0.525253,-0.045762,1.042948,-0.687494,10.749506,1.802977,2.18872,0.626572,0.450734,-0.447157,0.451983
-0.378791,0.559323,-0.219802,-10.08814,0.746561,6.987042,0.757973,-0.202565,0.371187,0.496645,0.285214,1.450549,0.085139,9.2456,0.892944,2.877196,0.61989,0.445994,-0.362789,0.534042,-0.02767,1.378181,-0.455491,11.381829,2.403563,2.514037,0.635853,0.446844,-0.435199,0.45455
-0.407971,0.070086,-0.184078,-10.135997,0.468993,6.709475,0.757327,-0.207678,0.370393,0.496111,0.23626,1.466512,-0.196883,11.090692,1.022338,4.887692,0.625149,0.43893,-0.351724,0.54112,-0.053212,1.516531,-0.403344,11.329949,2.457884,3.037108,0.645448,0.441316,-0.422631,0.45827
-0.442605,-0.197986,-0.116173,-9.753145,0.306281,6.786045,0.757292,-0.211589,0.367424,0.496721,0.022349,1.10893,0.197947,11.110833,1.561278,5.845334,0.628242,0.431172,-0.345105,0.547993,-0.107487,1.43565,-0.432078,10.288691,2.581175,2.941893,0.654801,0.436534,-0.410548,0.460559
-0.421333,-0.196622,-0.035179,-8.920443,0.047856,6.881758,0.757174,-0.21551,0.364099,0.497661,-0.040441,1.177041,-0.152185,9.365839,0.817871,4.802854,0.63328,0.42357,-0.337468,0.552859,-0.056404,1.612312,-0.350132,10.510859,2.48474,3.193968,0.663938,0.43112,-0.397423,0.464078
-0.368701,-0.404971,-0.032998,-7.972885,0.124427,7.245467,0.758701,-0.216378,0.357608,0.499661,-0.179855,0.836487,-0.163892,10.452875,1.636962,4.331663,0.636899,0.418806,-0.333725,0.554599,-0.025542,1.559101,-0.391638,10.059809,1.926268,3.289183,0.671107,0.424495,-0.386859,0.468776
-0.331067,-0.645772,-0.015272,-7.704889,0.29671,7.235896,0.760897,-0.214957,0.349768,0.502477,-0.234131,1.0057,-0.360775,9.407343,2.177123,4.124753,0.6432,0.414362,-0.326827,0.554774,-0.059597,1.523981,-0.302242,9.637445,1.819457,3.494871,0.677818,0.417159,-0.376931,0.473767
-0.316614,-0.935933,0.022089,-7.704889,0.478565,7.063612,0.763387,-0.21092,0.340911,0.506483,-0.266058,1.245152,-0.471455,9.252314,2.552489,4.978635,0.651779,0.407837,-0.316778,0.555425,-0.122387,1.468641,-0.455491,9.385981,2.03308,3.722532,0.685023,0.41074,-0.367097,0.476726
-0.303796,-0.989384,0.076085,-7.676175,0.315853,6.910472,0.765032,-0.208072,0.333509,0.510094,-0.325655,1.239831,-0.380995,8.881831,2.45117,5.295407,0.659972,0.400102,-0.307386,0.556651,-0.191562,1.44842,-0.403344,8.911738,2.208861,4.176633,0.693772,0.403354,-0.355249,0.47935
-0.290979,-0.831486,0.130627,-7.685746,0.401994,7.015756,0.765834,-0.205543,0.327514,0.513787,-0.294792,1.228124,-0.278829,8.607173,2.460326,5.541378,0.667282,0.392118,-0.298256,0.558582,-0.245838,1.36541,-0.37461,8.945918,2.483519,4.488523,0.702215,0.396646,-0.343893,0.480931
-0.2498,-0.689678,0.174806,-7.360322,0.325424,7.551748,0.766991,-0.202038,0.320437,0.517896,-0.305435,1.281336,-0.338426,8.32458,2.117308,5.781857,0.674853,0.383187,-0.288876,0.56061,-0.283086,1.470769,-0.294792,8.524165,2.586668,4.749753,0.710595,0.388668,-0.332206,0.483346
-0.189259,-0.709313,0.18735,-7.140183,0.344566,7.503892,0.768105,-0.197709,0.313782,0.521975,-0.299049,1.307942,-0.451235,8.102412,2.261962,5.971676,0.683013,0.374633,-0.27859,0.561714,-0.279893,1.477155,-0.24903,8.682246,2.476195,5.079343,0.718526,0.379928,-0.320702,0.486329
-0.1279,-0.792216,0.176715,-6.585048,0.315853,7.743174,0.769826,-0.192979,0.306204,0.525697,-0.308627,1.336676,-0.522538,7.496944,2.186278,5.99609,0.691491,0.365847,-0.267876,0.562343,-0.24903,1.525045,-0.189433,8.331904,2.402342,5.009152,0.724971,0.372746,-0.310225,0.489112
-0.085903,-0.872665,0.149717,-6.269196,0.478565,7.609176,0.771807,-0.18722,0.298471,0.52931,-0.337362,1.356896,-0.467198,7.446895,2.119139,5.991818,0.699635,0.356488,-0.257304,0.563217,-0.238388,1.565486,-0.224553,8.111567,2.203368,5.10986,0.73091,0.363972,-0.300735,0.492792
-0.061632,-0.923116,0.126536,-5.742774,0.497707,7.685746,0.774083,-0.181174,0.290249,0.532652,-0.369289,1.39308,-0.529988,7.288204,2.439574,6.092526,0.708114,0.348032,-0.246077,0.562926,-0.188369,1.624019,-0.131965,7.692867,2.344359,5.368649,0.737672,0.355797,-0.28775,0.496427
-0.067904,-0.925843,0.129263,-5.398208,0.535992,7.695318,0.776251,-0.175111,0.281947,0.535974,-0.421436,1.405851,-0.411858,7.165523,2.565917,6.068112,0.715551,0.33954,-0.23601,0.56302,-0.211782,1.631468,-0.136222,7.714229,2.24243,5.082395,0.743032,0.34736,-0.27737,0.500301
-0.060814,-0.939478,0.081267,-5.34078,0.535992,7.475178,0.778571,-0.168863,0.273639,0.538911,-0.42995,1.416493,-0.300114,7.07275,2.686766,5.9082,0.721867,0.330761,-0.227004,0.563886,-0.227746,1.613376,0.015963,7.561641,2.15515,5.130002,0.747449,0.338328,-0.267751,0.505129
-0.073086,-0.874301,0.04636,-5.474778,0.66999,7.580462,0.780539,-0.16279,0.266445,0.541532,-0.444849,1.447356,-0.147928,6.9165,2.407225,5.815426,0.727005,0.321143,-0.219017,0.565999,-0.246902,1.618697,-0.150057,7.5592,2.078856,5.563351,0.752578,0.329297,-0.257735,0.508679
-0.07254,-0.798761,0.063268,-5.235496,0.650848,7.781459,0.7823,-0.157182,0.259419,0.544054,-0.408665,1.45587,-0.036184,6.604,2.670897,6.010739,0.731479,0.311603,-0.210491,0.568795,-0.242645,1.597413,-0.080882,6.987301,2.270507,5.933224,0.757285,0.320716,-0.247502,0.512245
-0.109083,-0.863393,0.139354,-4.871787,0.583849,7.953743,0.78384,-0.151569,0.251327,0.547219,-0.378867,1.569743,-0.078753,6.362301,2.714232,6.231076,0.736242,0.301683,-0.20058,0.571572,-0.289471,1.496311,-0.03512,7.434078,2.481078,6.228634,0.761494,0.312131,-0.238385,0.515622
-0.16417,-1.148372,0.18026,-4.709075,0.555135,7.704889,0.785641,-0.144585,0.240857,0.55122,-0.368224,1.577192,0.017028,6.213376,2.691649,6.678463,0.740316,0.291541,-0.190597,0.574979,-0.254352,1.630404,0.159635,6.243893,2.938231,6.60339,0.765707,0.302422,-0.226244,0.520613
-0.18326,-1.305997,0.239437,-4.986642,0.459422,7.331609,0.786657,-0.138528,0.231618,0.555271,-0.340554,1.53888,0.00745,5.781857,2.559813,7.235713,0.744483,0.281278,-0.179689,0.578214,-0.355454,1.644239,0.278829,6.303707,2.65808,7.184444,0.769512,0.291054,-0.2146,0.526381
-0.21353,-1.31336,0.291797,-4.833502,0.411565,7.427321,0.787295,-0.132873,0.22209,0.559624,-0.318205,1.510146,0.097909,6.063229,2.526244,7.935176,0.747806,0.270197,-0.170452,0.581995,-0.413986,1.782589,0.526795,4.377439,2.026976,7.728878,0.772184,0.276225,-0.203078,0.53496
-0.244073,-1.272727,0.316341,-5.082355,0.162712,7.379465,0.787697,-0.128293,0.212256,0.563927,-0.300114,1.766626,-0.178791,6.372066,2.837523,8.789668,0.752885,0.258306,-0.158335,0.584264,-0.417179,1.970958,0.306499,4.125974,1.816405,8.676143,0.776064,0.26051,-0.189515,0.542159
-0.28198,-1.084013,0.308432,-5.34078,-0.37328,7.379465,0.787706,-0.125406,0.203233,0.567874,-0.202204,2.311513,-0.569364,6.061398,2.946776,10.100092,0.760689,0.244059,-0.140036,0.584953,-0.407601,1.803874,0.478905,4.176633,1.760863,9.131465,0.778275,0.245332,-0.177623,0.550038
-0.255527,-0.991838,0.264799,-4.986642,-0.861416,7.140183,0.787823,-0.123086,0.194584,0.571238,0.00745,1.894334,-1.103609,4.146726,2.249755,11.97265,0.770245,0.233074,-0.121747,0.581006,-0.326719,1.659138,0.295857,3.558347,1.500243,8.891597,0.780729,0.23178,-0.165914,0.556061
-0.234801,-0.914934,0.269708,-4.52722,-1.052842,6.431907,0.787717,-0.121045,0.186594,0.574478,-0.036184,1.10893,0.870542,1.979979,1.278686,10.457148,0.767078,0.22363,-0.114428,0.590321,-0.220296,1.641046,0.139414,2.612914,1.510619,8.926387,0.783546,0.219435,-0.153172,0.560744
-0.309251,-1.062469,0.311432,-3.962514,-0.803988,6.479764,0.787499,-0.118685,0.176889,0.578327,-0.02022,0.885441,0.329912,5.275876,0.783691,9.05395,0.765835,0.217044,-0.110243,0.595169,-0.16602,1.565486,0.310756,3.474119,1.359252,8.502192,0.784855,0.207542,-0.14137,0.566511
-0.34443,-1.135009,0.185987,-3.809374,-0.708275,6.297909,0.787925,-0.116357,0.166475,0.581303,-0.246902,0.770504,1.21961,4.312742,-0.83496,7.78442,0.759657,0.207985,-0.109945,0.606273,-0.077689,1.402658,0.158571,3.402098,0.858764,8.728023,0.786283,0.197064,-0.13057,0.570849
-0.320977,-0.912207,-0.064086,-4.211368,-0.009571,6.958328,0.789137,-0.114886,0.158723,0.582118,-0.315013,0.710907,1.426071,2.697142,-1.738891,6.998898,0.752271,0.198065,-0.11037,0.618602,-0.019156,1.316455,0.045762,2.828367,0.386963,8.506465,0.787915,0.187553,-0.12009,0.574094
-0.454058,-1.041743,0.339521,-3.914658,-0.717847,6.288338,0.788112,-0.113596,0.148941,0.586331,-0.154314,0.728999,0.904598,2.789915,-0.592651,6.929317,0.747653,0.189741,-0.108581,0.627069,-0.013835,1.220675,0.188369,3.503416,-0.006104,8.552852,0.788222,0.178485,-0.111728,0.578236
-0.385881,-0.849484,0.146171,-4.07737,-0.9667,6.786045,0.787941,-0.113232,0.140717,0.588658,0.081946,0.739641,0.021285,2.506712,0.45166,7.434688,0.748304,0.183866,-0.102453,0.62907,-0.026606,1.19194,0.555529,2.830809,0.081787,8.875728,0.786414,0.168894,-0.103664,0.585042
-0.376064,-0.392972,0.215166,-3.081956,-1.464407,6.881758,0.78689,-0.115423,0.135007,0.590971,0.299049,0.836487,-0.573621,2.306517,0.738525,7.562862,0.752431,0.179727,-0.092596,0.626868,-0.041505,0.928011,0.4374,3.323362,0.766601,8.959346,0.78483,0.16091,-0.09808,0.590357
-0.353975,-0.311705,0.323431,-3.273381,-0.842274,7.235896,0.784944,-0.117842,0.130901,0.593997,0.313949,1.102545,-0.285214,1.940917,0.856933,7.215572,0.754907,0.173837,-0.080914,0.627169,0.054276,0.906726,0.673659,3.277586,1.054077,8.633418,0.781384,0.154258,-0.093379,0.597424
-0.302978,-0.560142,0.481874,-2.699104,-1.052842,7.513463,0.782641,-0.117723,0.123953,0.598533,0.188369,1.415429,0.36716,1.777343,0.557861,7.356563,0.753859,0.164517,-0.069466,0.632295,0.09046,0.752412,0.660888,3.065794,1.366576,8.666987,0.778031,0.149996,-0.087881,0.603687
-0.192804,-0.642499,0.625319,-2.986243,-1.004985,7.302895,0.779467,-0.116512,0.118138,0.604062,0.050019,1.462255,0.638539,2.38037,-0.910034,7.945552,0.750838,0.153672,-0.060244,0.639523,0.133029,0.660888,0.588521,3.306273,1.537475,9.103389,0.77488,0.146887,-0.082822,0.609195
-0.063268,-0.448059,0.74122,-3.474379,-0.928415,7.178468,0.775286,-0.115214,0.115735,0.610127,-0.030863,1.178105,0.454427,2.514647,-1.712646,8.625484,0.748755,0.144164,-0.053517,0.644756,0.154314,0.585328,0.758798,3.068236,1.28662,8.976436,0.77054,0.144031,-0.078543,0.615911
0.030816,-0.083994,0.842394,-3.445665,-1.052842,7.618747,0.770168,-0.115368,0.116553,0.616392,-0.031927,0.647053,0.618319,4.590451,-0.769043,10.378412,0.745162,0.138991,-0.051378,0.650206,0.285214,0.320334,1.392016,2.373656,0.184936,9.746698,0.761866,0.141896,-0.0765,0.627348
-0.00709,0.176987,0.826577,-3.369094,-1.033699,8.288737,0.764819,-0.117472,0.118705,0.622216,-0.03512,0.405473,0.833294,5.917965,2.166137,11.725457,0.740006,0.136628,-0.050628,0.656623,0.326719,0.564043,0.766247,2.009276,0.109253,9.869989,0.757199,0.13883,-0.07121,0.634269
-0.050178,0.23671,0.653135,-3.828516,-1.18684,9.379865,0.760407,-0.120468,0.120719,0.626648,-0.037248,0.370353,-1.633597,-2.139891,0.183716,9.427485,0.751241,0.133112,-0.044792,0.644905,0.275636,0.327784,0.320334,2.678832,0.328369,9.573969,0.755118,0.137815,-0.067891,0.637328
-0.058087,0.07854,0.407971,-4.240082,-1.024128,9.801002,0.757611,-0.122802,0.121657,0.629394,-0.126644,0.946103,-0.282022,1.538085,-0.240478,10.244135,0.75382,0.12463,-0.038465,0.643999,0.189433,0.472519,0.085139,2.301024,0.43457,10.157465,0.754788,0.135148,-0.063321,0.638759
-0.047451,-0.20644,0.278435,-3.598805,-0.392423,9.245867,0.755835,-0.123048,0.121214,0.631563,0.010642,0.688558,-0.240517,0.72998,2.190551,9.380487,0.755858,0.120153,-0.03158,0.642834,0.154314,0.506575,-0.077689,1.912841,0.482177,10.258173,0.755567,0.131976,-0.058266,0.638983
0.013635,-0.375519,0.235074,-3.215954,-0.133998,8.365308,0.754483,-0.120293,0.120667,0.633811,0.02767,0.709843,-0.448042,1.727904,2.93762,8.529048,0.758983,0.116854,-0.024654,0.640058,0.129836,0.517217,0.075561,2.048339,1.185302,10.359491,0.755366,0.129052,-0.053228,0.640255
0.108265,-0.370337,0.261527,-3.416951,-0.248854,7.877172,0.753137,-0.118034,0.12029,0.635905,0.017028,1.150435,0.345876,0.396728,2.758787,9.674677,0.757139,0.109575,-0.014831,0.643822,0.130901,0.554465,0.184112,2.069091,2.318724,10.637812,0.754451,0.126612,-0.047585,0.642262
0.145899,-0.202622,0.358338,-3.512664,-0.181855,8.154739,0.751,-0.11634,0.121612,0.638488,0.136222,0.937589,0.244773,0.453491,2.379149,9.961542,0.755663,0.104441,-0.005961,0.646546,0.106423,0.362903,0.270315,2.428587,2.650755,10.223383,0.752832,0.125623,-0.043866,0.644617
0.09572,-0.123809,0.455695,-3.302095,0.287139,8.556734,0.748031,-0.113663,0.123671,0.642049,0.293728,0.860964,-0.312884,1.309203,1.683349,8.969111,0.757441,0.10133,0.002963,0.64498,0.164956,0.104295,0.124515,2.929686,2.550658,9.693598,0.751876,0.127054,-0.041953,0.645578
0.058632,-0.169079,0.483511,-3.168097,0.602991,8.681161,0.744939,-0.110274,0.12484,0.645997,0.292664,1.070618,-0.459748,1.231078,1.774291,9.055171,0.760014,0.096898,0.013557,0.642494,0.20114,-0.036184,0.235195,2.976073,2.907103,9.422602,0.750075,0.129757,-0.040926,0.647201
0.085903,-0.140444,0.495783,-2.919244,0.622134,8.690732,0.741814,-0.106444,0.125949,0.650007,0.172406,1.014213,-0.144736,1.322631,1.887816,9.024043,0.760516,0.092147,0.022457,0.642349,0.225617,-0.09046,0.275636,2.911375,2.604979,8.886714,0.747925,0.13293,-0.040321,0.64908
0.145899,-0.093266,0.46333,-2.708675,0.59342,8.566305,0.73895,-0.102313,0.127322,0.653656,0.054276,0.827973,0.105359,0.36438,1.636962,9.528193,0.759533,0.087017,0.029305,0.64395,0.234131,-0.11068,0.344811,2.751463,2.559203,8.545527,0.745293,0.136233,-0.039854,0.651447
0.174533,-0.089994,0.410425,-2.804388,0.401994,8.518449,0.736405,-0.098101,0.128986,0.65684,-0.011707,0.647053,0.205397,0.674438,1.882323,9.687494,0.757913,0.08298,0.034062,0.646154,0.210718,-0.086203,0.538502,2.702025,2.069701,8.516841,0.741413,0.138883,-0.039827,0.655305
0.152171,-0.11781,0.353429,-2.718246,0.162712,8.60459,0.734655,-0.09507,0.127703,0.65949,0.034055,0.510832,0.100038,0.867919,2.225341,9.503168,0.756916,0.080511,0.038158,0.647404,0.197947,-0.097909,0.643861,2.421263,1.641234,8.511348,0.736863,0.141076,-0.040171,0.659932
0.123264,-0.170715,0.317977,-2.603391,0.086142,8.738588,0.733184,-0.092366,0.125677,0.661896,0.114937,0.431014,-0.022349,0.420532,2.022704,9.226679,0.756669,0.078857,0.042408,0.647632,0.205397,-0.053212,0.57575,2.03247,1.461791,8.587031,0.732818,0.142639,-0.039848,0.664105
0.128173,-0.23371,0.287161,-2.545963,0.344566,8.700303,0.731823,-0.087933,0.124026,0.664313,0.163892,0.36716,-0.300114,0.262451,1.592406,9.329218,0.758193,0.077515,0.046501,0.645728,0.218168,-0.014899,0.341619,1.951293,1.521606,8.751216,0.730347,0.144047,-0.038706,0.666587
0.16717,-0.211894,0.254709,-2.545963,0.602991,8.709874,0.730441,-0.083054,0.124153,0.666435,0.135158,0.355454,-0.224553,0.311279,1.683959,9.331049,0.759206,0.076178,0.050205,0.644418,0.224553,0.088331,0.143671,1.868895,1.684569,8.864741,0.729239,0.1449,-0.036329,0.667748
0.180533,-0.171806,0.241892,-2.526821,0.708275,8.719446,0.729046,-0.078419,0.124929,0.668376,0.074496,0.242645,-0.171341,-0.235596,2.038573,9.533686,0.759966,0.075059,0.053063,0.643424,0.209654,0.207525,0.013835,1.85913,1.713256,8.926387,0.72905,0.144882,-0.033007,0.66813
0.163625,-0.125173,0.194986,-2.459822,0.880559,8.815159,0.727879,-0.074269,0.125873,0.669943,0.050019,0.243709,-0.175598,-0.306396,2.229613,9.456781,0.76074,0.073849,0.055857,0.642412,0.169213,0.296921,-0.057469,2.100829,1.815184,9.19372,0.729372,0.144143,-0.02936,0.668109
0.144535,-0.146444,0.138808,-2.536392,0.660419,8.776874,0.7271,-0.070156,0.126397,0.671133,0.076625,0.335233,-0.218168,-0.559082,2.406004,9.537348,0.761698,0.072213,0.059694,0.641116,0.121322,0.088331,0.019156,2.487792,2.008666,9.303583,0.729117,0.144736,-0.027863,0.668323
0.141535,-0.122173,0.095993,-2.603391,0.641276,8.82473,0.726474,-0.068817,0.128321,0.671584,0.052147,0.114937,0.074496,-0.577392,2.238158,9.388422,0.760909,0.071914,0.061391,0.641927,0.093652,0.483162,-0.190498,2.095336,2.236937,9.38415,0.730445,0.142447,-0.023022,0.667549
0.146444,-0.131991,0.106629,-2.632105,0.756132,8.738588,0.725745,-0.066528,0.130332,0.672216,0.070239,0.282022,-0.026606,-0.536499,1.878051,9.359735,0.760656,0.070429,0.064347,0.642102,0.045762,0.593842,-0.105359,2.13684,2.255248,9.279779,0.731236,0.139143,-0.017918,0.667536
0.160898,-0.094084,0.1219,-2.74696,0.909273,8.719446,0.724877,-0.064539,0.132727,0.672876,0.063854,0.456556,-0.080882,-0.276489,1.838988,9.344477,0.76061,0.067873,0.068402,0.642011,0.006385,0.52041,0.037248,2.273558,2.385252,9.376825,0.731056,0.136169,-0.013911,0.668441
0.164715,-0.008454,0.143172,-2.679961,0.880559,8.671589,0.723765,-0.063283,0.135763,0.673588,0.044698,0.443785,-0.091524,-0.524292,1.883544,9.338984,0.760638,0.065183,0.072351,0.641824,-0.001064,0.40228,0.142607,2.022094,2.38037,9.427485,0.730162,0.133823,-0.010869,0.669947
0.144262,0.019362,0.156807,-2.536392,0.832702,8.671589,0.722859,-0.060605,0.13585,0.674788,0.028734,0.368224,-0.046826,-0.515136,1.920775,9.371943,0.760417,0.06295,0.075538,0.641942,0.003193,0.301178,0.22136,1.884154,2.305296,9.42016,0.728719,0.132105,-0.008639,0.671889
0.121355,0.030271,0.14808,-2.565106,0.765703,8.671589,0.722084,-0.061572,0.136256,0.675447,0.024477,0.359711,-0.120258,-0.671997,2.010497,9.433588,0.760658,0.060684,0.078752,0.641489,0.021285,0.181984,0.17347,1.935424,2.249144,9.355463,0.727545,0.131357,-0.007183,0.673323
0.103356,0.077176,0.131718,-2.498107,0.784846,8.681161,0.721444,-0.061773,0.135757,0.676213,0.021285,0.31182,-0.147928,-0.951538,2.030028,9.353632,0.761106,0.058592,0.081724,0.64078,0.045762,0.09046,0.107487,1.951903,2.208251,9.414667,0.726773,0.131391,-0.006191,0.67416
0.102538,0.100356,0.123809,-2.555535,0.803988,8.729017,0.720787,-0.063061,0.135991,0.676748,0.011707,0.280957,-0.091524,-0.559692,1.869506,9.321894,0.761192,0.056803,0.084022,0.640541,0.06279,0.034055,0.129836,1.924437,2.194213,9.530024,0.725828,0.131877,-0.005527,0.675088
0.099266,0.131172,0.129536,-2.555535,0.794417,8.767303,0.720086,-0.063836,0.135913,0.677436,0.001064,0.303306,0.013835,-0.62561,1.838378,9.366449,0.760583,0.054848,0.086341,0.641126,0.079817,0.011707,0.072368,2.034301,2.12097,9.429316,0.725234,0.132671,-0.004949,0.675575
0.100356,0.14808,0.136354,-2.526821,0.765703,8.786445,0.719311,-0.064188,0.135845,0.67824,-0.008514,0.168149,0.098974,-0.623169,1.94702,9.411005,0.759536,0.053846,0.087536,0.642289,0.089396,-0.006385,0.011707,2.297362,2.060546,9.425043,0.725008,0.133743,-0.004551,0.67561
0.09572,0.152444,0.132809,-2.498107,0.736989,8.815159,0.718545,-0.064461,0.135766,0.679041,0.004257,0.124515,0.073432,-0.593872,1.77307,9.551386,0.758692,0.053111,0.088356,0.643235,0.094717,-0.088331,-0.00745,2.29431,1.966552,9.371943,0.724893,0.13535,-0.004743,0.675411
0.096266,0.165534,0.112356,-2.565106,0.746561,8.910872,0.717911,-0.065219,0.135814,0.67963,0.013835,0.154314,0.078753,-0.356445,1.878661,9.594721,0.757769,0.052446,0.089358,0.644238,0.088331,-0.060661,0.010642,2.226561,1.884154,9.327387,0.724667,0.136632,-0.004809,0.675395
0.089994,0.175078,0.070359,-2.660819,0.746561,9.044869,0.717538,-0.06678,0.136119,0.679811,0.018092,0.093652,0.065982,-0.24292,2.147216,9.584345,0.756965,0.052398,0.089991,0.645099,0.080882,-0.041505,0.006385,2.374876,1.875609,9.382318,0.724465,0.137766,-0.004865,0.675381
0.09163,0.154625,0.034361,-2.565106,0.756132,9.111869,0.717406,-0.066698,0.136026,0.679977,0.034055,0.017028,0.11068,-0.03479,2.070922,9.717402,0.755938,0.053045,0.089951,0.646255,0.072368,-0.044698,0.015963,2.308348,1.853026,9.443354,0.724219,0.138783,-0.00499,0.675436
0.085903,0.083176,0.031907,-2.574677,0.794417,9.111869,0.717355,-0.065871,0.135481,0.68022,0.071304,-0.044698,0.070239,0.042725,1.943969,9.538568,0.755214,0.054313,0.089623,0.64704,0.064918,-0.070239,0.045762,2.276,1.819457,9.370722,0.723783,0.139883,-0.005393,0.675673
0.072268,0.053996,0.031907,-2.459822,0.842274,9.064013,0.71726,-0.064413,0.13496,0.680564,0.070239,-0.046826,0.037248,-0.12146,2.208861,9.492792,0.754698,0.055605,0.089521,0.647547,0.065982,-0.074496,0.008514,2.369994,1.939696,9.230341,0.723586,0.141149,-0.005745,0.675618
0.063814,0.035997,0.058087,-2.440679,0.976272,8.930014,0.716825,-0.062219,0.13528,0.681162,0.079817,-0.119194,-0.074496,-0.303345,2.109984,9.365229,0.754972,0.057195,0.08907,0.647152,0.060661,-0.087267,-0.005321,2.369383,2.064208,9.187616,0.72349,0.142521,-0.006131,0.675429
0.052905,0.021817,0.068722,-2.325824,1.014557,8.939586,0.71637,-0.060091,0.135139,0.681859,0.075561,-0.123451,-0.076625,-0.471191,2.081908,9.36767,0.755266,0.058657,0.088648,0.646736,0.042569,-0.077689,0.001064,2.385863,1.999511,9.186396,0.723372,0.143651,-0.006618,0.675311
0.043361,0.000273,0.049906,-2.364109,0.947558,8.863015,0.716126,-0.058125,0.134389,0.682434,0.064918,-0.096845,-0.011707,-0.441894,2.098387,9.343256,0.755117,0.059931,0.08832,0.646837,0.026606,-0.071304,0.058533,2.400511,1.978759,9.19311,0.722887,0.144596,-0.007262,0.675623
0.034361,-0.01609,0.034634,-2.45025,0.794417,8.863015,0.716217,-0.058417,0.132719,0.682641,0.056404,-0.102166,0.084074,-0.355835,2.133178,9.382929,0.754354,0.061299,0.087807,0.647668,0.010642,-0.068111,0.142607,2.36328,2.034301,9.199213,0.721864,0.145393,-0.008049,0.676536
0.031361,-0.018271,0.043361,-2.402394,0.870987,8.910872,0.716159,-0.057201,0.131105,0.683116,0.053212,-0.087267,0.128772,-0.579834,1.943969,9.295038,0.753312,0.062353,0.087418,0.648832,0.005321,-0.072368,0.128772,2.322386,2.026366,9.244379,0.720956,0.146133,-0.008848,0.677334
