-0.047178,-0.553051,0.107992,-3.081956,-1.043271,11.016556,0.756405,0.143922,0.113541,-0.627884,0.435271,-2.51691,0.57575,2.697142,1.102294,14.627677,0.94208,-0.022293,-0.119448,-0.312588,0.561915,1.148307,0.510832,0.005493,0.429077,8.015742,0.739221,-0.027185,-0.141037,-0.657961
-0.061632,-0.358065,0.154898,-3.799802,-0.459422,11.887543,0.757862,0.141011,0.111099,-0.627224,0.669402,-2.472212,-0.388445,6.918941,2.220458,17.931509,0.937692,-0.023141,-0.14524,-0.314794,0.584264,1.33774,1.197261,2.424925,-0.072021,9.473871,0.749066,-0.016049,-0.13439,-0.648516
-0.076631,-0.210803,0.094084,-3.445665,0.181855,12.547962,0.758822,0.13885,0.109755,-0.626782,1.158949,-2.570121,0.584264,0.598144,1.557616,13.643791,0.935728,-0.020993,-0.172467,-0.306951,0.468262,1.666588,1.471833,2.163695,-3.120726,10.241083,0.760782,-0.003999,-0.124411,-0.636952
-0.030816,-0.428969,-0.146717,-2.038685,0.612563,11.868401,0.758461,0.135492,0.106642,-0.628488,1.090838,-2.240209,-0.119194,0.39978,0.606079,10.458368,0.931503,-0.017345,-0.19639,-0.305652,0.316077,2.092281,1.007828,1.2854,-3.838499,10.77453,0.769655,0.010216,-0.110144,-0.628798
0.033816,-0.885482,-0.473966,-1.177269,0.07657,10.547563,0.756387,0.129363,0.10014,-0.63333,1.069554,-1.946481,-0.300114,1.517333,-0.152588,7.873531,0.926797,-0.012809,-0.217433,-0.305938,0.274572,2.108244,0.175598,1.870116,-3.302,11.301263,0.772922,0.025078,-0.095399,-0.626781
-0.01609,-1.069832,-0.635136,-0.325424,-0.89013,9.332008,0.753428,0.121464,0.092836,-0.639504,1.017406,-1.749598,0.207525,2.771605,0.493774,5.841061,0.923574,-0.009564,-0.236752,-0.30143,0.37461,1.987986,-0.2916,2.868651,-0.654297,10.986321,0.772773,0.040309,-0.082251,-0.628031
-0.116992,-1.328359,-0.650135,-0.880559,-0.976272,8.336594,0.750579,0.111091,0.084313,-0.645889,1.078067,-1.299428,1.214289,2.821043,0.612793,2.744749,0.923978,-0.006461,-0.252178,-0.287439,0.574686,1.816645,-0.354389,5.346066,0.438843,14.132683,0.771694,0.056084,-0.071842,-0.629423
-0.078813,-1.45435,-0.388336,-0.430708,0.105284,8.355737,0.749336,0.100463,0.074095,-0.650311,1.096159,-0.555529,0.967387,-0.510254,-2.593993,-1.107177,0.925364,-0.000725,-0.260283,-0.275582,0.682173,1.057847,-0.213911,9.931025,2.063597,15.955801,0.770685,0.067877,-0.068132,-0.62991
0.405244,-1.524709,0.218439,-3.790231,1.292124,5.072784,0.751356,0.094079,0.059984,-0.650389,0.737513,0.261801,-1.668716,-10.14831,-2.601317,-4.151609,0.921367,0.011182,-0.259573,-0.289087,0.526795,0.059597,1.722992,11.068719,4.564817,14.451285,0.781109,0.070926,-0.072493,-0.616096
0.937296,-0.907026,1.21464,-6.52762,2.59382,1.617548,0.758768,0.096283,0.046101,-0.642547,0.611934,1.051462,-0.989736,-1.810302,-4.245603,-1.024169,0.921127,0.022133,-0.251337,-0.296407,0.481033,-2.175291,0.511896,6.025387,8.200679,7.747798,0.782123,0.060962,-0.093172,-0.613089
1.079104,-0.458149,1.002746,-2.37368,2.574677,-1.138984,0.764271,0.102368,0.034746,-0.635763,0.1458,0.669402,1.257923,10.776972,-3.410032,9.265131,0.926403,0.021956,-0.246031,-0.284177,1.561229,-4.713485,-2.132722,-6.515499,3.244627,2.550658,0.762572,0.046539,-0.13791,-0.630311
0.593685,-0.84703,1.091376,-1.464407,-0.870987,0.325424,0.770774,0.101932,0.023773,-0.628446,-1.145114,-0.609805,0.297985,-6.20422,-9.773554,10.63476,0.926003,0.008697,-0.248177,-0.284327,1.105737,-4.263315,0.654503,-4.155881,-2.992552,7.47253,0.759592,0.027152,-0.177147,-0.625214
-0.340885,-0.283071,0.983384,-5.982057,-2.536392,5.905486,0.777289,0.09779,0.023125,-0.621061,-0.627897,1.388823,1.157885,-3.793943,-0.687866,18.300161,0.932705,0.003961,-0.233242,-0.275019,0.656631,-3.148,2.734013,2.53784,2.101439,16.528921,0.770311,0.007486,-0.205378,-0.603636
-0.923661,0.915752,1.218731,-8.365308,-1.052842,18.061026,0.785387,0.096612,0.035176,-0.6104,-0.044698,0.286279,-4.696458,-6.924435,9.277338,19.564808,0.919479,0.015506,-0.229732,-0.318642,0.675788,-2.792546,0.91524,-2.705687,5.112912,19.999378,0.769726,-0.005819,-0.230642,-0.595218
-0.497146,0.730857,0.678224,-6.929615,2.718246,24.464218,0.789658,0.097638,0.043604,-0.60415,0.62364,1.203647,2.521166,3.469236,5.939328,12.423089,0.929784,0.019654,-0.220866,-0.29381,-0.101102,-3.143742,1.100416,-2.270507,4.556882,19.189442,0.76863,-0.027634,-0.253741,-0.586559
0.339248,0.593685,1.115102,-5.283352,1.205983,21.650259,0.795701,0.104344,0.045545,-0.594886,0.385252,1.19939,-0.142607,1.993407,1.319579,12.386468,0.931934,0.027092,-0.210443,-0.294059,-0.517217,-2.587149,1.553779,0.679931,2.55432,14.797355,0.770734,-0.050566,-0.269726,-0.575022
1.005746,-0.212439,1.610339,-2.555535,0.277567,12.155539,0.804176,0.111505,0.036452,-0.582693,0.063854,1.512274,0.234131,5.391843,1.636352,12.19909,0.935703,0.031251,-0.196637,-0.291218,-0.151121,-2.419,0.866285,-0.789184,0.059204,11.034539,0.768938,-0.067877,-0.286651,-0.567406
1.193096,0.062723,1.419716,-2.804388,1.722832,5.139783,0.810913,0.122311,0.028582,-0.57152,0.147928,1.51866,-0.266058,8.171992,0.987548,14.553824,0.937746,0.037269,-0.182988,-0.292832,0.279893,-2.366853,0.13835,-0.933837,1.577147,8.656611,0.762973,-0.079351,-0.305988,-0.563861
0.993747,0.550324,1.186006,-3.321238,2.15354,2.287539,0.81616,0.134188,0.026067,-0.561416,0.594906,0.725807,0.537437,12.122796,2.841185,15.768424,0.940327,0.043855,-0.178467,-0.286363,0.791789,-1.904976,-0.526795,1.676635,1.486816,5.592038,0.754687,-0.082216,-0.325081,-0.563917
0.759764,1.126828,0.652589,-0.976272,0.526421,1.789831,0.818361,0.147159,0.03037,-0.554706,0.770504,-0.860964,0.547015,8.982539,-1.849364,11.022943,0.939935,0.047332,-0.189215,-0.280126,0.968451,-1.204711,-1.239831,4.045408,1.300658,1.179809,0.744344,-0.07778,-0.340887,-0.568938
0.471784,1.127101,0.340612,2.029114,-3.072384,0.153141,0.81919,0.156991,0.036481,-0.550402,0.464005,-2.056097,1.421815,-0.097656,-2.539671,3.540648,0.939576,0.042931,-0.210225,-0.266742,0.273508,-0.642796,-1.346254,0.27832,-1.028442,-1.707763,0.734607,-0.075124,-0.348423,-0.577322
0.154625,0.340885,-0.223075,5.273781,-5.302495,0.114855,0.817636,0.159691,0.038703,-0.551782,0.750284,-1.834737,-1.212161,1.088867,-3.043211,2.372435,0.931968,0.04725,-0.228807,-0.277203,-0.722614,-0.959938,-1.462255,-0.941772,-5.104978,-0.806274,0.722249,-0.081116,-0.352164,-0.589702
-0.11481,-0.242437,-0.339521,5.541777,0.401994,2.469393,0.816094,0.157069,0.037582,-0.554886,1.338804,-0.964195,-0.293728,2.631835,1.419677,-0.092163,0.928097,0.05779,-0.241684,-0.277268,-1.213225,-2.373238,-0.865221,5.784298,-5.121457,-4.078977,0.707535,-0.101131,-0.362843,-0.597916
-0.013363,-0.232892,0.136081,1.081556,4.335794,2.584249,0.816974,0.155916,0.035201,-0.554073,1.155756,-0.782211,-1.529302,-4.566648,0.596923,-2.828978,0.921122,0.070257,-0.250972,-0.289141,-0.565107,-2.000757,0.150057,9.898676,-3.338011,-4.646604,0.700418,-0.1179,-0.373587,-0.596606
0.598593,0.132536,0.047724,0.937986,5.12064,3.78066,0.816258,0.161759,0.032556,-0.553614,0.719421,0.113873,-2.025234,0.856323,-0.717773,-2.968748,0.914768,0.082175,-0.250895,-0.305762,0.494868,0.218168,1.026984,3.027952,4.234617,-2.828978,0.707753,-0.116898,-0.374112,-0.587752
1.109648,0.017726,0.34443,1.875973,3.991228,4.929214,0.816346,0.171072,0.025609,-0.551044,0.259673,-0.600227,-1.871985,5.755612,2.005614,-1.016235,0.907067,0.087393,-0.25595,-0.322603,0.954616,-0.030863,-0.589585,2.113036,4.115598,-0.054932,0.705093,-0.107918,-0.3809,-0.588305
1.227457,-0.660225,0.540507,0.363709,1.866402,4.354937,0.817351,0.177525,0.012139,-0.547966,-0.252223,-1.009957,-0.727935,7.413326,-0.675048,-0.198364,0.902239,0.083524,-0.263966,-0.330609,0.486354,0.500189,0.306499,2.53662,2.644042,-2.412718,0.70917,-0.102695,-0.380231,-0.584763
1.164735,-0.499055,-0.070631,-2.555535,0.162712,5.589633,0.814867,0.184187,0.002182,-0.549594,-0.483162,-0.509767,0.327784,3.444212,0.0,4.872434,0.902402,0.076235,-0.267298,-0.329244,-0.029799,1.563357,-0.984415,-3.626707,5.627438,-2.288207,0.709092,-0.089684,-0.370054,-0.593461
0.665134,0.136899,-0.064632,-4.661219,-1.416551,9.111869,0.813251,0.190202,0.000118,-0.549943,-0.555529,-0.989736,-3.063925,9.67956,4.76196,10.087885,0.889551,0.076045,-0.272262,-0.358862,0.084074,1.754919,-3.143742,-2.799071,2.166137,1.391601,0.696529,-0.066702,-0.360587,-0.61674
0.195804,0.247346,0.5026,-5.436493,-0.497707,8.796016,0.815598,0.193084,0.000483,-0.545445,-0.240517,-1.131279,-1.154692,6.380611,-2.157592,15.904531,0.882487,0.072669,-0.280378,-0.37056,0.924818,1.635725,-1.574,2.072142,0.275268,10.645136,0.693223,-0.044466,-0.355542,-0.625337
-0.091084,0.073358,0.757582,-5.685347,2.258825,6.52762,0.819812,0.192945,0.000441,-0.53914,0.245838,-1.810259,-0.507639,11.99157,1.398925,10.140375,0.875185,0.069257,-0.297084,-0.375483,2.234888,1.078067,0.375674,-2.539671,9.722895,19.999378,0.700193,-0.023316,-0.36155,-0.615191
-0.19035,0.359701,1.155463,-8.288737,6.202196,4.182654,0.826271,0.193654,0.002347,-0.528923,0.072368,-1.915618,-0.436335,-3.005369,-2.566527,7.061153,0.867734,0.063898,-0.313462,-0.380379,2.219989,-0.514024,-1.002507,17.346792,9.262079,19.664295,0.692531,-0.007664,-0.37901,-0.613746
0.021544,0.984475,1.933498,-6.470192,-2.584249,6.029913,0.836205,0.198976,0.007008,-0.510991,-0.048955,-2.116758,0.20859,-0.48584,-2.817991,7.852779,0.861836,0.054601,-0.331434,-0.380002,2.191255,-3.174605,2.166777,12.44201,8.402705,16.953726,0.693426,-0.020433,-0.41367,-0.589586
0.173988,0.845939,2.180843,-7.992028,-5.149354,8.60459,0.846696,0.204713,0.009212,-0.491025,0.576814,-1.674038,1.591027,-0.453491,2.261351,10.910638,0.861862,0.047975,-0.348521,-0.365263,3.805695,-3.51516,-4.306949,-7.825923,-3.950193,7.462764,0.652857,0.003094,-0.460103,-0.601719
0.362429,0.539143,1.493075,-4.508078,-8.776874,10.614561,0.853147,0.210262,0.009186,-0.477323,1.273886,-1.036562,1.873049,-2.565306,-5.341184,3.690183,0.864322,0.048457,-0.362667,-0.345057,2.719114,-1.660203,5.259437,-4.127195,-0.466308,4.406126,0.675566,-0.01323,-0.486351,-0.553977
0.506691,0.079085,0.449968,-3.85723,-5.072784,8.863015,0.854224,0.21473,0.006752,-0.473432,0.897148,-0.376738,0.073432,1.830443,-1.588134,5.053098,0.862853,0.054416,-0.368822,-0.341299,1.898591,-1.434585,-0.81733,0.351562,-10.457148,2.858275,0.664224,-0.00456,-0.506384,-0.549866
0.784035,-0.177533,-0.379064,-2.15354,3.474379,1.837688,0.850652,0.220915,0.002358,-0.477046,0.794982,-0.24903,-0.507639,0.745239,1.455688,4.793698,0.859818,0.062362,-0.373097,-0.342949,0.955681,-2.00395,1.105737,6.69128,1.904906,-5.484005,0.659897,-0.014929,-0.525025,-0.537265
1.003292,-0.034088,-0.633773,-1.646262,6.317052,-2.74696,0.84529,0.229615,-0.001404,-0.482443,0.902469,-0.390573,-0.506575,1.595458,-0.455932,8.056636,0.856129,0.070553,-0.378945,-0.344177,1.10148,-0.104295,0.120258,0.120239,-12.752068,6.459957,0.660245,-0.008997,-0.531442,-0.53062
1.098739,0.665679,-0.431969,-2.230111,5.819345,-1.454836,0.840544,0.242457,-0.000142,-0.48445,1.038691,-0.271379,-1.973087,-0.748901,4.013669,4.958493,0.847384,0.086208,-0.383128,-0.35737,0.567236,-0.535309,-2.191255,-1.952514,-2.197264,6.609493,0.645745,0.003545,-0.537848,-0.541951
1.131464,0.819214,0.133899,-4.508078,7.446464,2.766103,0.838285,0.256265,0.000948,-0.481245,1.364346,0.31182,-1.856021,-0.676269,9.252314,9.99267,0.840544,0.106232,-0.383443,-0.367646,0.400151,-1.232381,-2.642489,5.146482,15.939932,5.869748,0.624355,0.013992,-0.547663,-0.556814
1.181097,1.076923,1.323178,-7.724031,10.834701,6.077769,0.841343,0.271648,0.000954,-0.467269,1.744277,0.48529,-1.475026,0.844726,11.225579,11.367181,0.834886,0.128582,-0.3839,-0.372886,1.528238,-1.678294,-3.19589,4.129026,19.188221,6.599728,0.596538,0.031999,-0.565767,-0.568347
1.604612,1.231821,1.608975,-8.451449,11.590833,7.752745,0.844109,0.291157,-0.000477,-0.450222,2.239145,0.332041,-1.012085,4.404294,12.139276,13.945305,0.829247,0.15261,-0.387824,-0.372349,1.717671,-2.033748,-2.178484,8.04687,19.385975,9.048457,0.571639,0.043294,-0.586539,-0.572117
2.180298,1.084831,1.257728,-7.34118,10.490134,8.709874,0.843004,0.314644,-0.004706,-0.436249,2.789353,0.038312,-0.923754,5.582272,12.305902,14.154045,0.821351,0.179612,-0.396056,-0.369127,1.134472,-1.300492,1.204711,6.066891,16.560659,8.137202,0.57021,0.035521,-0.600726,-0.559213
2.421644,1.596431,1.131737,-8.365308,10.595419,11.782259,0.839871,0.342074,-0.005163,-0.421387,3.198018,-0.262865,-0.910983,8.663325,13.445427,16.741934,0.810824,0.208468,-0.407867,-0.364339,0.989736,-1.547394,1.626147,6.121212,10.922845,6.617428,0.569498,0.022891,-0.615293,-0.544568
2.70526,1.595067,1.239456,-8.384451,11.428121,18.281164,0.835442,0.371111,-0.007064,-0.405283,3.410865,-0.432078,-0.659824,10.759272,15.264884,15.094596,0.799129,0.23716,-0.421876,-0.356594,0.798174,-1.148307,1.079132,9.428705,3.087767,9.755854,0.568201,0.014419,-0.626157,-0.533722
2.61663,0.65368,1.411262,-7.312466,11.064412,23.401806,0.831209,0.395057,-0.017346,-0.390784,3.956816,-0.395894,-0.699201,12.31994,14.882804,14.124138,0.785102,0.269867,-0.437005,-0.34613,0.748155,-1.33774,-1.022727,9.948114,3.988035,11.932366,0.554315,0.017848,-0.637319,-0.535007
1.567251,-0.268072,1.411262,-5.235496,10.652846,18.309879,0.830407,0.406417,-0.031217,-0.379823,4.601741,-0.126644,-1.559101,11.389764,9.873652,12.573845,0.765993,0.31175,-0.449121,-0.338154,1.236638,-1.730442,-3.734391,10.187983,8.471675,6.888424,0.522755,0.039146,-0.652068,-0.547716
0.468512,-0.688314,1.380719,-2.871387,14.404793,12.720245,0.833472,0.407214,-0.044682,-0.370804,4.783725,0.286279,-2.379624,9.352411,13.334953,8.746943,0.743431,0.359304,-0.454953,-0.333498,1.826223,-1.258987,-3.631161,5.547482,15.405265,2.211303,0.493298,0.065715,-0.666604,-0.55495
0.976566,-0.391336,1.427897,-2.526821,16.807186,9.542577,0.834404,0.413437,-0.057572,-0.359884,4.590034,0.51296,-2.147621,8.48083,12.65258,4.84802,0.721227,0.404184,-0.45839,-0.326095,1.698515,-0.448042,-1.550587,9.410395,19.999378,-0.183105,0.480213,0.082169,-0.677143,-0.551465
1.403626,0.08563,2.037672,-2.488536,15.553348,4.862216,0.835613,0.424428,-0.070426,-0.34153,3.919568,0.83223,-2.414743,5.845334,6.870113,-0.932617,0.700466,0.445751,-0.455185,-0.321639,1.929453,0.271379,-0.240517,9.351801,19.96764,-0.789794,0.4788,0.094776,-0.686265,-0.53926
1.520345,0.28498,2.162845,-0.641276,12.710674,6.575477,0.836371,0.436635,-0.082617,-0.320935,2.864913,0.947167,-1.909233,4.384153,7.213741,0.924072,0.68544,0.477138,-0.449243,-0.317306,2.156135,0.473583,0.288407,7.434688,18.366077,-1.125488,0.481187,0.105909,-0.695805,-0.522579
1.922589,-0.070086,1.897227,2.0004,9.915857,3.63709,0.833651,0.450898,-0.097919,-0.303514,2.01672,0.633218,-1.505889,3.490599,8.431392,-0.025635,0.673531,0.499643,-0.444187,-0.315283,2.255109,0.825844,1.416493,6.148678,12.922356,-4.415891,0.491543,0.111302,-0.705029,-0.498921
2.155209,0.305705,1.691333,2.689533,9.178867,2.813959,0.829,0.46808,-0.109802,-0.285649,1.532495,0.253287,-2.117822,0.457763,8.616328,-2.682494,0.659869,0.520226,-0.436631,-0.321377,2.188062,0.703458,1.609119,4.747312,8.34167,-5.245358,0.501703,0.114254,-0.714207,-0.47449
2.479458,-0.224984,1.833959,4.804788,9.523434,2.182254,0.821957,0.485824,-0.127601,-0.268461,1.676166,0.005321,-2.192319,-0.619506,12.405999,-3.843992,0.643647,0.540916,-0.430423,-0.328414,2.329605,0.615126,-0.073432,6.492306,4.70947,-3.908079,0.502878,0.129248,-0.722095,-0.457142
2.725168,-0.10172,1.721876,5.426922,10.451849,2.517249,0.812756,0.505545,-0.144373,-0.250998,1.947545,-0.068111,-1.899655,-1.611938,14.912711,-2.528685,0.626118,0.561446,-0.426743,-0.332621,2.640361,0.701329,-1.288785,6.95129,4.921262,-0.107422,0.498635,0.154716,-0.728639,-0.443287
2.874612,0.748583,1.645791,2.59382,6.144769,5.34078,0.803115,0.527886,-0.15391,-0.229448,1.796424,0.038312,-1.39308,-1.852416,13.405144,-1.958007,0.611179,0.578855,-0.424426,-0.333529,4.337811,1.746405,0.017028,8.96667,9.395136,8.487544,0.504326,0.183716,-0.738241,-0.40853
2.700624,0.868029,1.83805,4.096512,2.325824,4.74736,0.794094,0.548223,-0.162886,-0.205733,1.562293,0.452299,-0.918433,-0.658569,10.064692,-1.348266,0.60066,0.593937,-0.421365,-0.329985,3.767383,0.320334,-3.049026,-7.033077,-5.618893,-11.715081,0.486535,0.226353,-0.745704,-0.394924
1.895046,-0.958568,1.859594,2.019542,7.858029,3.627519,0.785774,0.557863,-0.184762,-0.192881,1.605927,0.739641,-0.327784,1.341552,11.583856,-0.643921,0.593252,0.607143,-0.420114,-0.320819,1.970958,-0.908854,-0.141543,5.689084,13.515007,-9.816889,0.474371,0.233488,-0.757563,-0.382812
1.439897,-1.61852,1.399263,0.449851,9.906285,1.694118,0.777014,0.563522,-0.20801,-0.18819,1.504825,1.181298,-0.105359,1.427611,10.319208,-0.412597,0.588852,0.619996,-0.417198,-0.30789,3.108623,0.354389,-2.223181,7.57751,10.546869,-1.334228,0.46114,0.266169,-0.761889,-0.368811
1.288817,-1.060833,1.234002,0.009571,12.078969,0.937986,0.769517,0.5691,-0.225537,-0.181914,1.355832,1.450549,-0.495932,2.072753,9.572748,-1.023559,0.585016,0.634213,-0.409868,-0.295855,3.655638,1.31007,-1.639982,4.564817,9.116206,4.516599,0.455066,0.300072,-0.764159,-0.344855
0.990747,-0.709313,1.69106,0.842274,14.079369,1.272982,0.765004,0.571742,-0.242338,-0.170717,1.364346,1.465448,-0.572557,1.130981,10.076288,-1.694945,0.580383,0.64886,-0.401753,-0.284116,3.469398,0.005321,0.753477,1.458129,11.600335,4.865109,0.447086,0.309951,-0.77775,-0.314867
0.926661,-0.565323,1.805598,2.325824,14.280366,-1.387837,0.761061,0.573587,-0.258586,-0.157829,1.671909,1.4282,-0.462941,0.81726,12.65258,-1.80664,0.573853,0.664306,-0.394888,-0.271008,3.283157,-0.259673,1.200454,3.339231,10.138544,-0.93872,0.438464,0.314334,-0.792347,-0.284818
0.638409,-0.271344,2.283927,2.775674,14.012369,-1.454836,0.759895,0.57217,-0.274756,-0.140292,1.919875,1.536752,-0.269251,0.460815,13.471062,-1.836547,0.566348,0.6803,-0.389167,-0.254917,2.964952,-0.279893,1.349447,3.937376,10.184931,-3.973997,0.430501,0.315804,-0.805708,-0.256442
0.38779,-0.215439,2.341468,2.632105,14.31865,-0.794417,0.75996,0.568459,-0.290278,-0.122664,1.912426,1.499503,-0.264994,-0.721435,14.512931,-1.350707,0.55841,0.695739,-0.383442,-0.238933,2.344504,-0.380995,1.985858,5.581662,8.019404,-6.849361,0.424636,0.308892,-0.819346,-0.230073
0.425697,-0.209167,2.198842,3.694518,13.533805,-0.229711,0.759246,0.565137,-0.304865,-0.105897,1.909233,1.296235,-0.375674,-1.420287,13.527214,-2.305296,0.549057,0.710764,-0.377836,-0.224907,2.05929,-0.737513,2.19019,4.682004,6.121823,-9.483027,0.41679,0.297929,-0.833722,-0.205972
0.384791,-0.389972,2.105576,4.479364,12.758531,0.047856,0.757743,0.561304,-0.320139,-0.090918,1.808131,1.02592,-0.653439,-1.06079,14.38903,-2.059325,0.538568,0.725256,-0.371355,-0.214556,2.005014,-0.955681,1.668716,5.424801,4.550169,-10.230097,0.405873,0.290321,-0.846633,-0.184895
0.220893,-0.488147,2.205933,4.259224,12.050255,0.689133,0.756566,0.555568,-0.336338,-0.076292,1.749598,0.779018,0.03512,-0.370483,12.971794,-1.629638,0.528893,0.736003,-0.370961,-0.202365,1.88582,-0.849257,1.286657,4.651486,5.9613,-8.632808,0.395154,0.285536,-0.857155,-0.166131
0.143717,-0.722948,2.076124,4.546363,10.796415,-0.086142,0.754546,0.54921,-0.353423,-0.064138,1.643175,0.858836,0.415051,0.241089,10.928338,-1.9635,0.5209,0.744659,-0.372613,-0.187877,1.638918,-0.813074,1.014213,3.681028,5.542599,-7.512203,0.38479,0.282051,-0.865868,-0.150494
0.01309,-0.583594,1.829323,4.661219,9.628718,-0.736989,0.753251,0.542579,-0.3679,-0.053503,1.523981,0.781147,0.605548,0.815429,9.543451,-2.029418,0.513716,0.751566,-0.375766,-0.173309,1.472898,-0.837551,0.716228,2.299193,4.297483,-6.744381,0.374068,0.280346,-0.873258,-0.137445
-0.266163,-0.473148,1.751329,4.096512,8.039884,-0.612563,0.75357,0.534007,-0.380833,-0.043888,1.314327,0.701329,1.028049,2.11975,9.531855,-1.99829,0.508405,0.755399,-0.382089,-0.157783,1.426071,-0.901405,0.688558,1.488647,3.511961,-6.11694,0.362748,0.278514,-0.880454,-0.125046
-0.530416,-0.502055,1.898046,4.029513,6.82433,-0.287139,0.754975,0.522657,-0.394535,-0.034301,1.172784,0.472519,1.137664,2.929075,9.289545,-2.469481,0.503311,0.757496,-0.390098,-0.14385,1.437778,-1.007828,0.767312,1.365966,3.518675,-5.782467,0.350443,0.275801,-0.887944,-0.112565
-0.704677,-0.484329,1.954769,3.866802,6.699903,0.334995,0.757076,0.509593,-0.408068,-0.024975,1.139793,0.418243,1.211096,3.247679,8.5852,-2.622069,0.498212,0.758843,-0.398787,-0.13001,1.444163,-1.002507,0.964195,1.345824,3.723753,-5.625607,0.338287,0.271259,-0.895602,-0.099342
-0.910844,-0.335703,2.084032,3.952943,6.709475,0.51685,0.760528,0.494244,-0.420823,-0.014803,1.252602,0.320334,1.678294,3.713987,8.190303,-2.883909,0.492279,0.758483,-0.411521,-0.114045,1.377117,-0.937589,1.381374,1.716918,3.825681,-5.072019,0.327246,0.262693,-0.903682,-0.085168
-1.07365,-0.179442,2.270019,4.67079,7.015756,0.066999,0.765001,0.476597,-0.43314,-0.003058,1.386695,0.213911,1.854957,3.379515,8.505244,-3.088988,0.484868,0.757566,-0.42601,-0.097481,1.349447,-0.997186,1.730442,1.997069,3.385618,-4.604489,0.315929,0.250681,-0.912362,-0.070249
-1.225548,-0.040633,2.568634,4.910072,7.389036,-0.153141,0.77027,0.456171,-0.445493,0.010951,1.496311,0.021285,2.143364,3.137205,8.54919,-3.117674,0.475794,0.755323,-0.443411,-0.080527,1.264308,-0.823716,2.148685,3.283079,2.6416,-4.308469,0.306795,0.234479,-0.920838,-0.05427
-1.374174,0.019362,2.870521,4.737789,5.962914,0.421137,0.775766,0.432843,-0.458371,0.026869,1.454806,-0.177727,2.339183,3.063963,8.710933,-3.234251,0.46596,0.751337,-0.462848,-0.064326,1.132343,-0.642796,2.274265,2.533568,1.815795,-4.167478,0.299285,0.216708,-0.928416,-0.038731
-1.446987,-0.022635,3.027328,4.843073,4.661219,0.9667,0.780518,0.407767,-0.471826,0.043476,1.418622,-0.287343,2.487111,3.092039,8.466792,-3.433226,0.455614,0.745853,-0.483496,-0.048404,1.041883,-0.708779,2.327476,2.060546,0.811157,-4.373167,0.290899,0.197907,-0.935759,-0.023596
-1.442896,-0.069268,3.113504,5.407779,4.45065,0.899701,0.784089,0.381829,-0.485523,0.06058,1.486733,-0.376738,2.407294,3.189085,8.009639,-3.445433,0.443917,0.740426,-0.503586,-0.033151,1.023792,-0.742834,2.345568,2.629393,-0.093384,-5.809323,0.28209,0.178653,-0.942565,-0.008421
-1.358084,-0.105538,3.042327,7.034899,4.498507,0.775275,0.7863,0.3564,-0.498711,0.077401,1.536752,-0.515088,2.423257,2.62451,7.201534,-3.550413,0.43077,0.734523,-0.523982,-0.018639,1.01847,-0.660888,2.232759,3.704221,-0.140381,-7.792964,0.273854,0.160324,-0.948288,0.006529
-1.217367,-0.007363,2.848159,9.868001,2.59382,2.096113,0.787949,0.332241,-0.509833,0.09389,1.47609,-0.716228,2.455184,2.261351,6.253048,-3.903196,0.416612,0.727574,-0.545002,-0.005843,1.03337,-0.628961,1.881563,4.08386,-0.22522,-9.686884,0.265707,0.145289,-0.952816,0.020615
-1.042834,0.083449,2.449188,11.437693,1.646262,2.833102,0.789215,0.311085,-0.518283,0.108349,1.495247,-0.984415,2.349825,1.91223,4.793698,-5.083615,0.400178,0.720773,-0.565963,0.004606,0.9908,-0.401216,1.714478,5.328977,-0.743408,-11.798089,0.259722,0.131594,-0.956059,0.034216
-0.854393,-0.003,2.348013,11.351551,0.344566,3.369094,0.78905,0.2918,-0.526502,0.12264,1.298363,-1.099352,2.354082,2.644652,4.477537,-7.332759,0.384024,0.712532,-0.587058,0.013319,0.909919,-0.171341,1.392016,6.721188,-2.025145,-12.659904,0.256215,0.120595,-0.957928,0.04665
-0.699768,0.080721,2.28529,11.217552,-0.468993,3.665804,0.788481,0.273776,-0.533341,0.137416,1.013149,-1.086581,2.185933,4.116819,3.922727,-9.520868,0.369677,0.703577,-0.606558,0.019957,0.954616,0.16602,1.283464,7.664791,-3.955686,-13.177483,0.255972,0.110552,-0.958483,0.059649
-0.584413,0.016362,2.178662,12.624533,-1.11027,3.63709,0.786936,0.257171,-0.53997,0.151718,0.892891,-0.899276,1.729378,5.192868,2.270507,-10.813593,0.357195,0.696449,-0.621858,0.025599,1.096159,0.399087,1.278143,7.509151,-4.080808,-13.313591,0.257706,0.10075,-0.958081,0.074229
-0.577049,-0.091902,1.771509,13.399807,-1.196411,3.63709,0.785042,0.242875,-0.546171,0.162509,0.829037,-0.913111,1.591027,4.530027,1.993407,-11.40014,0.344925,0.689666,-0.635978,0.030184,1.279207,0.491675,1.24728,7.499996,-3.894651,-12.573845,0.260111,0.09161,-0.956944,0.090552
-0.527417,-0.190895,1.482439,11.830115,-1.435694,3.598805,0.782734,0.230621,-0.552165,0.171014,0.732192,-0.816266,1.280272,4.464109,2.503661,-11.943353,0.333901,0.684264,-0.647417,0.033691,1.379245,0.49274,1.187683,7.45605,-4.199216,-11.388543,0.26246,0.08327,-0.955294,0.107634
-0.427878,-0.223893,1.438806,11.102697,-1.962115,3.522235,0.779902,0.219383,-0.557993,0.179609,0.573621,-0.438464,1.02592,4.619138,3.469236,-11.404412,0.32642,0.679707,-0.65575,0.037841,1.338804,0.556594,1.023792,7.915645,-4.774167,-10.261225,0.265628,0.076311,-0.953029,0.123873
-0.313887,-0.135808,1.455714,10.767702,-3.26381,2.718246,0.777061,0.208741,-0.562875,0.18912,0.555529,-0.054276,0.890763,4.663083,3.444212,-10.031122,0.321594,0.675731,-0.661829,0.04404,1.31007,0.609805,0.702393,7.272945,-4.887692,-8.96667,0.269646,0.072255,-0.95013,0.138981
-0.211348,-0.029998,1.371447,9.533006,-3.952943,1.914258,0.774573,0.199134,-0.566463,0.198728,0.660888,0.25648,0.726871,4.077146,2.542113,-9.290766,0.318143,0.67296,-0.66569,0.052519,1.399466,0.475712,0.501253,6.641842,-5.121457,-8.309321,0.272498,0.070511,-0.947082,0.154276
-0.136899,0.012817,1.193369,8.652447,-3.235096,1.875973,0.772398,0.190988,-0.569113,0.207428,0.842872,0.498061,0.455491,3.146971,1.510009,-9.17663,0.315168,0.672375,-0.666792,0.062944,1.439906,0.467198,0.624704,6.815792,-5.105588,-7.661739,0.275023,0.067717,-0.943819,0.170215
-0.107174,0.016635,0.934569,8.068598,-2.038685,1.569692,0.770601,0.184536,-0.571142,0.214262,1.047205,0.738577,0.54063,1.972655,1.525878,-8.895869,0.312326,0.671633,-0.667459,0.076499,1.466512,0.433143,0.690687,6.289059,-4.799191,-6.712032,0.277034,0.064421,-0.940378,0.186503
-0.06845,0.077722,0.750492,8.087741,-0.775275,1.320838,0.769365,0.17941,-0.572296,0.219904,1.147242,0.905662,0.475712,1.431274,2.182616,-8.684077,0.309951,0.671383,-0.666927,0.091517,1.413301,0.34694,0.727935,5.673214,-4.315183,-5.894162,0.278138,0.060781,-0.937029,0.202271
-0.059996,0.094084,0.757309,7.322037,-0.411565,1.40698,0.768142,0.1743,-0.573288,0.22563,1.201518,1.299428,0.004257,1.634521,2.194213,-7.633663,0.310214,0.673903,-0.661775,0.108016,1.344126,0.140479,0.5683,5.174558,-3.330687,-5.609738,0.27769,0.058891,-0.934052,0.216698
-0.034088,0.063814,0.762763,7.647461,-0.468993,1.828117,0.766655,0.169349,-0.574413,0.231523,1.265372,1.645303,-0.022349,1.203002,2.662962,-6.992184,0.312318,0.676187,-0.655036,0.127073,1.319648,0.015963,0.088331,4.508665,-3.723142,-5.867306,0.27688,0.061596,-0.931034,0.229589
0.011726,0.016908,0.747492,7.800602,-0.430708,1.923829,0.764804,0.164967,-0.575738,0.237442,1.288785,1.946481,-0.077689,0.846557,2.6416,-6.633297,0.316174,0.678201,-0.64664,0.148073,1.217482,0.009578,0.17347,4.983518,-3.751219,-5.78735,0.275997,0.0633,-0.928133,0.24162
0.103356,0.040906,0.697314,8.595019,-0.066999,1.722832,0.763036,0.161742,-0.57653,0.243352,1.249409,2.317898,-0.140479,0.850219,2.690428,-6.036984,0.32263,0.679537,-0.636302,0.17103,1.113187,-0.019156,-0.018092,5.894162,-3.725584,-6.127926,0.275448,0.066644,-0.92532,0.251914
0.220075,0.037634,0.70304,9.762716,-0.019143,1.569692,0.761014,0.159394,-0.577037,0.249942,1.16427,2.623333,-0.338426,0.517578,2.864378,-5.801388,0.331722,0.680827,-0.623297,0.194747,0.909919,-0.134093,-0.167084,5.728756,-4.091794,-7.129512,0.27433,0.071162,-0.923184,0.259617
0.3747,0.010908,0.544597,9.657433,-0.918844,1.167697,0.758921,0.159071,-0.577115,0.25625,1.035498,2.970273,-0.386316,0.526733,2.372435,-5.728146,0.343605,0.680703,-0.608523,0.219703,0.739641,-0.131965,-0.220296,5.71716,-3.715208,-8.145137,0.273111,0.075661,-0.921542,0.265402
0.442332,0.060541,0.538325,9.475577,-1.828117,1.387837,0.756984,0.159036,-0.576604,0.263061,0.853514,3.326791,-0.435271,1.225585,1.815184,-5.666501,0.358589,0.678731,-0.591956,0.245598,0.744963,-0.142607,-0.474648,5.894162,-5.482785,-8.632197,0.272141,0.082339,-0.919655,0.2709
0.564778,0.107174,0.470421,9.044869,-1.330409,1.588834,0.755261,0.160228,-0.575283,0.27009,0.827973,3.38958,-0.313949,6.13342,2.313231,-4.740598,0.373866,0.674859,-0.575125,0.272052,0.670466,0.005321,-0.310756,5.875851,-5.930172,-8.09814,0.272254,0.086853,-0.917534,0.27651
0.593685,0.301342,0.352611,9.523434,1.196411,2.210968,0.75508,0.162179,-0.571963,0.27641,1.671909,2.095474,0.708779,19.999378,11.283563,1.987914,0.372767,0.671025,-0.567205,0.298397,0.619383,-0.124515,-0.843936,5.857541,-5.338132,-7.199703,0.272919,0.096529,-0.915281,0.280088
0.564778,0.340612,0.528508,10.662417,1.359123,3.349952,0.754718,0.162775,-0.568563,0.283957,2.67548,0.929075,2.922382,19.968861,15.861197,7.702632,0.351257,0.66107,-0.574798,0.330461,0.302242,-0.039377,-0.969516,4.595334,-3.676756,-6.214596,0.27482,0.106379,-0.913681,0.279886
0.342521,0.074722,0.959386,11.964113,-1.119841,3.579663,0.751641,0.159593,-0.568798,0.293302,1.942224,-0.883313,5.263693,17.755728,-0.593261,-2.193602,0.315537,0.639402,-0.605261,0.35391,0.189433,-0.09046,-0.965259,4.08386,-3.345945,-7.305904,0.27625,0.115977,-0.912464,0.278632
0.079085,-0.017999,1.194732,11.571691,-3.110669,3.885944,0.747781,0.153119,-0.57063,0.302905,0.203268,-1.314327,4.29737,17.407217,-19.080189,-9.354242,0.290578,0.617928,-0.635623,0.360144,0.254352,-0.114937,0.03512,7.482296,-1.481933,-10.662226,0.274835,0.116807,-0.912197,0.280554
-0.169351,0.14099,1.06956,11.236695,-4.910072,4.364509,0.745509,0.145001,-0.571718,0.310357,-0.147928,-1.08871,0.164956,13.531487,-15.856314,-8.008418,0.283763,0.620209,-0.640388,0.353148,0.54063,-0.044698,0.676852,8.850093,-3.112181,-12.627556,0.271895,0.112362,-0.911653,0.286928
-0.395426,0.369246,0.584413,10.82513,-4.776074,5.235496,0.746365,0.137278,-0.570962,0.313188,-0.051083,-0.467198,-2.546708,9.124751,-10.395502,-6.851192,0.289759,0.637698,-0.625993,0.34279,0.819459,0.11068,1.094031,9.117427,-5.471798,-10.906365,0.268961,0.104438,-0.910194,0.297138
-0.432514,0.309523,0.128445,10.030712,-3.503092,5.48435,0.748388,0.13213,-0.570033,0.312266,0.211782,-0.05534,-3.024549,5.535885,-1.867675,-5.260007,0.297952,0.657092,-0.606038,0.334909,0.866285,0.353325,1.170656,8.079219,-6.679073,-8.607173,0.268028,0.095084,-0.907664,0.308638
-0.226893,0.08863,-0.057814,8.595019,-2.172683,4.728218,0.749492,0.130346,-0.569808,0.310777,0.170277,-0.150057,-3.518352,3.038328,1.901854,-5.626828,0.307477,0.67917,-0.582453,0.323922,0.807752,0.46507,0.969516,7.921748,-7.949824,-6.70776,0.268607,0.086971,-0.904643,0.319215
0.014726,0.046633,0.099538,7.360322,-1.177269,3.120241,0.74959,0.129719,-0.56931,0.311714,-0.139414,-0.028734,-3.059668,0.765991,2.700194,-6.261593,0.317938,0.696502,-0.561976,0.31301,0.766247,0.567236,0.454427,7.33459,-7.849727,-4.573972,0.271743,0.083075,-0.900901,0.32806
0.149171,0.171533,0.202076,7.054041,-0.851845,2.258825,0.749758,0.129463,-0.567848,0.314074,-0.438464,0.133029,-1.06104,0.762329,4.549558,-6.096798,0.32505,0.700777,-0.555471,0.307729,0.538502,0.500189,-0.210718,7.214351,-6.77795,-3.421019,0.27666,0.084794,-0.897454,0.332921
0.205349,0.243528,0.202622,6.948757,-1.598405,2.584249,0.750231,0.128786,-0.565584,0.317291,-0.566172,0.320334,1.006764,1.614379,3.988645,-5.336301,0.327706,0.692483,-0.563149,0.309728,0.128772,0.524667,-0.30437,7.487789,-5.66589,-3.801267,0.282501,0.086173,-0.895178,0.333788
0.241619,0.205894,0.128445,6.987042,-2.124826,2.632105,0.750612,0.128898,-0.563464,0.320105,-0.395894,0.765183,1.80281,2.789915,2.716063,-4.794309,0.329125,0.678709,-0.574209,0.318288,-0.217103,0.445913,-0.376738,5.421139,-4.938962,-4.428709,0.288152,0.08746,-0.894169,0.331319
0.268072,0.244346,0.048815,7.312466,-2.679961,2.995814,0.751438,0.129535,-0.560836,0.322515,-0.17347,1.225996,1.651689,4.631345,0.791015,-4.822385,0.331861,0.664756,-0.581879,0.33072,-0.468262,0.368224,-0.323527,5.90881,-5.33508,-4.666135,0.293125,0.087789,-0.894225,0.326687
0.288525,0.154898,0.01609,7.810173,-2.957529,2.756532,0.751763,0.130805,-0.558869,0.324652,0.003193,1.736827,0.634282,5.879513,-0.535278,-5.087277,0.339469,0.655235,-0.580394,0.344329,-0.62364,0.321398,-0.275636,6.365353,-6.224362,-5.324094,0.297571,0.087331,-0.894928,0.320811
0.284161,0.10772,-0.074176,8.681161,-3.302095,2.775674,0.752087,0.132726,-0.557196,0.325995,0.147928,2.290228,-0.186241,6.118161,-0.867919,-5.355222,0.352022,0.648784,-0.570918,0.359449,-0.642796,0.195819,-0.633218,5.701291,-6.190793,-5.930783,0.301813,0.090311,-0.895753,0.313642
0.253891,0.109356,-0.216803,9.466006,-3.85723,3.04367,0.752922,0.135203,-0.555409,0.3261,0.178791,2.658453,-0.428886,6.132199,-0.512085,-5.095822,0.36716,0.642133,-0.558103,0.375993,-0.597034,0.114937,-0.846065,6.720577,-6.541744,-6.817013,0.305966,0.09559,-0.89639,0.306143
0.224438,-0.004636,-0.352611,9.657433,-3.407379,3.014956,0.753582,0.138606,-0.554412,0.324839,0.172406,2.873427,-0.348004,6.458126,0.430298,-5.137326,0.383053,0.633777,-0.544556,0.393762,-0.577878,0.09046,-0.972708,6.723629,-6.704708,-7.746578,0.310001,0.10209,-0.896941,0.298271
0.181078,-0.218166,-0.381791,10.298709,-2.900101,2.9671,0.753178,0.14261,-0.55516,0.322761,0.073432,3.169284,-0.104295,8.172603,0.950927,-3.977659,0.400076,0.62203,-0.53118,0.413349,-0.606613,0.139414,-1.038691,7.059322,-6.355587,-8.278804,0.314616,0.108974,-0.897295,0.28982
0.23671,-0.289343,-0.432514,10.317851,-2.37368,2.612962,0.752437,0.147639,-0.556198,0.320433,-0.056404,3.449177,-0.327784,9.929193,1.069335,-2.273558,0.420064,0.608832,-0.515112,0.433037,-0.649182,0.220296,-1.157885,7.258907,-5.89111,-9.050899,0.32033,0.116621,-0.897278,0.280484
0.349339,-0.284434,-0.548415,10.758131,-2.354537,2.019542,0.751898,0.154184,-0.556647,0.317825,-0.297985,3.704593,-0.949295,10.994256,1.030883,-0.748901,0.444915,0.595869,-0.494566,0.449874,-0.781147,0.31182,-1.180234,7.504879,-4.959714,-9.439081,0.327094,0.123843,-0.897139,0.269826
0.548961,-0.238619,-0.798761,9.571291,-1.962115,1.770689,0.752045,0.163467,-0.555689,0.314496,-0.185176,3.373617,-0.965259,12.663567,2.261962,1.264648,0.466941,0.58418,-0.474194,0.464577,-0.968451,0.444849,-1.231317,7.288204,-4.816892,-8.679194,0.335289,0.130487,-0.896794,0.257502
0.736038,-0.165534,-0.908117,9.332008,-0.535992,3.292524,0.752827,0.17486,-0.552978,0.311258,0.300114,2.748912,-0.127708,14.059441,3.687132,2.621459,0.478825,0.573114,-0.458874,0.481346,-1.14405,0.602356,-1.415429,6.204831,-5.110471,-7.362056,0.34546,0.137623,-0.895797,0.243425
0.835849,-0.215439,-0.736856,8.719446,-0.488136,4.173083,0.752585,0.185872,-0.550439,0.309961,0.553401,2.02417,1.288785,17.784414,2.304076,3.59802,0.478737,0.559799,-0.45364,0.501635,-1.270694,0.836487,-1.550587,5.2655,-4.544675,-6.182248,0.358124,0.144898,-0.893727,0.228026
0.737947,-0.247346,-0.532325,9.111869,-1.043271,4.163511,0.751586,0.194949,-0.548824,0.309672,0.398023,0.772633,2.144428,19.999378,-2.482298,4.166257,0.46914,0.547745,-0.459828,0.518105,-1.309006,1.039755,-1.447356,5.199582,-3.04138,-7.102046,0.372207,0.150698,-0.890822,0.212557
0.40688,-0.346339,-0.419424,9.312865,-2.067399,4.709075,0.750239,0.201132,-0.549237,0.30825,0.017028,-1.0057,0.380995,19.996326,-4.836423,4.20593,0.46239,0.551041,-0.466558,0.514651,-1.248345,1.103609,-0.764119,6.22131,-0.685424,-7.927852,0.385324,0.150595,-0.888182,0.199927
-0.034634,-0.307069,-0.566959,10.279566,-1.272982,5.359923,0.750471,0.204759,-0.550329,0.30331,-0.189433,-1.260051,-1.919875,17.566519,-3.054198,2.088622,0.467277,0.565248,-0.462703,0.498041,-1.188748,1.251537,-0.009578,7.965693,-0.027466,-7.532344,0.398199,0.143741,-0.885636,0.190832
-0.190077,-0.415879,-0.619046,11.073983,-1.177269,4.498507,0.7505,0.207751,-0.552639,0.296936,-0.237324,-1.230253,-2.433899,12.797844,-0.672607,1.140746,0.474897,0.581115,-0.4557,0.478651,-1.165334,1.238766,0.241581,10.150141,-1.976928,-6.538082,0.410609,0.134652,-0.883017,0.183144
-0.082085,-0.550324,-0.808851,11.523834,-1.196411,2.823531,0.749816,0.213085,-0.555549,0.289358,-0.197947,-1.535687,-2.228503,10.227655,1.253661,-0.366211,0.479702,0.597331,-0.450694,0.4582,-1.177041,1.309006,-0.131965,11.843255,-3.85803,-5.697018,0.424141,0.12852,-0.879358,0.174092
0.036543,-0.626682,-1.006019,10.767702,-0.746561,2.239682,0.74893,0.220677,-0.558209,0.280714,-0.028734,-1.485669,-1.96138,8.909907,2.995604,-1.368407,0.482183,0.612841,-0.445915,0.439405,-1.112123,1.278143,-0.669402,11.843865,-3.51074,-5.529782,0.438118,0.127397,-0.87474,0.163229
0.125173,-0.544325,-1.124101,10.030712,-0.59342,2.632105,0.748566,0.229167,-0.559612,0.27195,0.046826,-1.205775,-1.532495,8.228145,2.648924,-2.046508,0.483176,0.625294,-0.441984,0.424488,-0.835422,1.127022,-0.385252,9.351801,-1.450194,-4.859616,0.449891,0.125289,-0.870442,0.155638
0.198258,-0.515418,-1.207004,8.805588,-0.066999,2.603391,0.748444,0.238487,-0.560136,0.26305,0.011707,-0.891827,-1.19939,7.165523,2.06848,-2.31079,0.484082,0.63455,-0.438748,0.41292,-0.849257,0.863092,-0.307563,9.031978,0.354004,-3.433836,0.459154,0.122884,-0.867308,0.147802
0.194713,-0.58414,-1.255273,7.800602,0.239282,2.163112,0.747922,0.248186,-0.560993,0.253562,-0.064918,-0.654503,-1.063168,6.617428,1.909179,-2.034911,0.485833,0.641724,-0.435476,0.403124,-0.742834,0.594906,-0.299049,8.836055,0.643921,-2.653807,0.465884,0.121261,-0.865142,0.140601
0.14508,-0.571323,-1.207004,7.207182,0.660419,1.818545,0.747213,0.257639,-0.562009,0.243787,-0.227746,-0.564043,-0.933332,7.644039,2.342528,-1.389159,0.488793,0.646822,-0.432957,0.394008,-0.580007,0.330976,-0.814138,7.921138,0.59143,-2.520751,0.470806,0.125215,-0.863257,0.132065
0.109628,-0.457058,-1.161462,7.140183,1.617548,1.655833,0.747176,0.266377,-0.562026,0.234286,-0.308627,-0.591713,-0.818395,7.966914,2.249144,-1.845092,0.491187,0.651065,-0.431979,0.385014,-0.496997,0.164956,-0.857771,6.324459,0.732421,-2.671507,0.474175,0.130183,-0.861912,0.123735
0.083994,-0.333249,-1.036017,7.695318,2.679961,1.684547,0.747508,0.273886,-0.56142,0.225871,-0.398023,-0.578942,-0.937589,7.818599,1.828612,-2.296751,0.494586,0.655343,-0.430448,0.374988,-0.416115,0.142607,-0.635347,6.119381,1.04187,-2.893065,0.476897,0.133658,-0.860809,0.117063
0.079085,-0.270799,-0.898845,7.992028,3.330809,1.521835,0.747793,0.280421,-0.560693,0.218597,-0.580007,-0.576814,-0.986543,7.546993,2.169799,-2.260741,0.499298,0.658856,-0.42919,0.363865,-0.334169,0.067047,-0.779018,6.439205,1.699828,-3.322142,0.478945,0.13886,-0.859746,0.110259
0.063814,-0.178624,-0.740129,8.681161,3.349952,1.512264,0.748211,0.28573,-0.559736,0.212666,-0.774761,-0.643861,-1.062104,6.978146,3.056029,-2.110595,0.505457,0.662017,-0.428092,0.350678,-0.285214,0.11813,-0.892891,7.031246,2.240599,-4.103391,0.481399,0.145222,-0.858181,0.103361
0.056178,-0.160352,-0.628864,9.590433,2.775674,1.48355,0.748395,0.290274,-0.559051,0.207606,-0.903533,-0.600227,-1.225996,7.041622,4.51721,-2.457884,0.513205,0.66489,-0.425953,0.3363,-0.275636,0.183048,-0.865221,8.023067,2.285765,-5.086057,0.484278,0.151319,-0.856276,0.096747
0.06845,-0.160352,-0.507236,10.107283,2.785246,1.426122,0.748224,0.294182,-0.558726,0.203556,-0.980158,-0.482097,-1.298363,7.189937,5.383298,-3.153074,0.522004,0.667111,-0.422898,0.321907,-0.268187,0.31927,-0.851386,9.248652,2.061766,-5.484005,0.488286,0.157186,-0.853625,0.09047
0.118901,-0.093266,-0.362974,10.863415,2.957529,1.311267,0.747943,0.297483,-0.558244,0.201096,-1.009957,-0.337362,-1.224931,7.335811,6.715694,-3.082884,0.531289,0.668186,-0.419507,0.308651,-0.28415,0.424629,-0.775825,9.050288,1.934203,-5.661007,0.493048,0.162229,-0.850544,0.084572
0.21053,-0.058632,-0.344975,10.997413,2.469393,1.18684,0.747496,0.301191,-0.557434,0.199479,-0.883313,-0.243709,-1.04614,8.191524,8.502803,-2.930907,0.539492,0.6687,-0.416294,0.297455,-0.321398,0.455491,-0.7141,9.563593,1.747436,-5.728146,0.498047,0.166525,-0.847358,0.078708
0.242983,-0.046633,-0.3777,10.863415,2.708675,1.387837,0.747079,0.305333,-0.556338,0.197798,-0.644925,-0.114937,-0.785403,9.316401,9.800409,-3.015745,0.545793,0.668912,-0.413347,0.289486,-0.310756,0.453363,-0.784339,10.539545,1.240234,-5.303952,0.503207,0.171382,-0.843871,0.072699
0.212439,0.013635,-0.308705,11.026127,2.909672,1.770689,0.746956,0.308778,-0.555022,0.196608,-0.413986,-0.06279,-0.395894,10.109247,10.440668,-3.198851,0.549597,0.668574,-0.412021,0.284924,-0.288407,0.461877,-0.647053,10.645746,1.811522,-5.323483,0.508216,0.175202,-0.840507,0.067528
0.202349,-0.070904,-0.272435,10.920842,3.158526,1.674976,0.746335,0.312151,-0.554422,0.19533,-0.203268,-0.004257,-0.234131,10.32226,9.705194,-3.502806,0.55173,0.668571,-0.410853,0.282484,-0.313949,0.398023,-0.449106,10.853875,2.412718,-5.397946,0.512533,0.17728,-0.837797,0.063005
0.154898,-0.09463,-0.244073,10.490134,3.081956,1.607977,0.745664,0.315053,-0.554175,0.193927,-0.001064,0.071304,-0.194755,10.015253,8.68896,-2.9364,0.552741,0.669274,-0.408942,0.281617,-0.289471,0.318205,-0.390573,10.93139,2.714842,-5.205686,0.516086,0.179031,-0.835542,0.058852
0.152716,-0.1309,-0.209985,10.183853,3.148955,1.445265,0.74473,0.317826,-0.554296,0.192642,0.113873,0.103231,-0.197947,9.881586,7.426143,-2.593993,0.553157,0.670486,-0.406496,0.281456,-0.219232,0.237324,-0.255416,10.676874,3.047484,-4.769895,0.518754,0.180049,-0.833876,0.055852
0.165806,-0.102811,-0.21653,9.820144,2.603391,1.378266,0.743863,0.320535,-0.554261,0.191605,0.167084,0.028734,-0.109616,8.923945,6.184079,-2.731322,0.552513,0.671953,-0.404971,0.281421,-0.141543,0.219232,-0.121322,9.946283,2.998045,-4.543455,0.521029,0.180372,-0.832499,0.054146
0.163897,-0.041179,-0.253345,9.332008,2.555535,1.272982,0.743408,0.323327,-0.55364,0.190468,0.164956,0.015963,-0.087267,8.5675,5.121457,-2.635497,0.551469,0.673249,-0.404012,0.281751,-0.060661,0.135158,-0.009578,9.421991,2.90222,-4.705197,0.522333,0.180258,-0.831747,0.053507
0.152171,-0.014454,-0.243255,9.245867,2.852245,1.18684,0.74314,0.326007,-0.552813,0.189345,0.079817,-0.059597,-0.068111,8.152461,4.497678,-2.376708,0.550673,0.67407,-0.40389,0.281519,-0.011707,0.126644,0.003193,8.734736,2.531737,-4.470823,0.523445,0.180305,-0.83105,0.053319
0.178351,0.027816,-0.263981,8.796016,2.67039,1.18684,0.743042,0.328891,-0.551568,0.188373,-0.013835,-0.127708,-0.183048,7.581172,4.545896,-2.108763,0.550672,0.674933,-0.403583,0.279889,0.037248,0.122387,-0.085139,8.506465,1.9458,-4.407346,0.524448,0.181351,-0.830206,0.053064
