-0.742583,1.587159,-0.055632,-0.650848,0.564706,-2.833102,0.203359,0.201142,0.002403,-0.958213,-0.370353,-1.472898,1.243023,8.432002,-4.608151,1.038207,0.29605,-0.021073,-0.128235,-0.946286,-1.569743,-1.414365,2.439221,-6.370846,-1.478881,-0.358276,0.172577,-0.032177,-0.022692,-0.984205
-0.7644,2.205114,0.246255,-1.397408,0.650848,-0.028714,0.207155,0.222449,0.013254,-0.952586,-0.891827,-1.654881,-1.004635,1.470336,-9.695429,-1.6864,0.284364,-0.039002,-0.123185,-0.949965,-1.598477,-1.429264,1.828351,-3.192137,0.424804,1.621703,0.189637,-0.047412,-0.008712,-0.980666
-0.760309,1.652609,0.261799,-0.9667,-0.124427,2.986243,0.210959,0.235007,0.024183,-0.948512,-1.416493,-1.559101,-0.387381,-3.618162,-5.083615,-0.871582,0.278207,-0.056748,-0.112486,-0.952218,-1.481412,-1.43565,0.186241,-0.101318,2.019042,1.56433,0.190509,-0.063687,0.001282,-0.979612
-0.694314,1.042289,0.226075,0.66999,-0.047856,3.072384,0.21457,0.241747,0.032237,-0.945764,-0.964195,-1.007828,-1.281336,-1.212157,0.664672,-0.332641,0.264056,-0.065679,-0.107372,-0.956255,-1.425007,-1.137664,-0.22136,0.622558,1.812743,0.845947,0.187293,-0.077701,0.010942,-0.979161
-0.535052,0.936478,0.171806,1.493121,0.105284,3.129812,0.21731,0.247834,0.038524,-0.943325,-0.739641,-0.676852,-1.642111,-0.219726,3.935545,0.50415,0.24687,-0.071622,-0.104984,-0.960674,-1.27495,-0.845001,-0.006385,-0.378418,0.308838,-0.088501,0.186288,-0.086641,0.020879,-0.97844
-0.422697,0.581958,0.176987,0.880559,-0.172283,1.40698,0.219868,0.250787,0.043206,-0.941748,-0.890763,-0.642796,-1.340933,-0.256958,3.826902,0.686645,0.232409,-0.07786,-0.100796,-0.964238,-1.065297,-0.538502,0.427821,-0.38269,-1.437987,-1.399535,0.189799,-0.093963,0.032651,-0.976766
-0.395972,0.510782,0.189805,-0.172283,-0.440279,-0.507278,0.221967,0.255768,0.049245,-0.939617,-1.10148,-0.689623,-0.197947,-0.455932,1.571044,-0.450439,0.228685,-0.085972,-0.093693,-0.965156,-0.897148,-0.212846,0.683237,-0.664672,-2.256469,-1.483764,0.195852,-0.09755,0.043636,-0.974789
-0.432242,0.721039,0.136081,-0.9667,-0.574277,-1.789831,0.223707,0.263251,0.05551,-0.936784,-1.201518,-0.502318,0.731128,0.718383,-0.564575,-0.651245,0.2344,-0.096141,-0.082058,-0.963884,-0.875863,-0.2767,0.467198,-1.159667,-2.231444,-1.163329,0.199852,-0.101379,0.054036,-0.973064
-0.519781,0.731675,0.10472,-1.349552,-0.957129,-1.761117,0.225306,0.270454,0.062876,-0.933879,-1.08126,-0.423564,0.622576,1.158447,-0.385742,0.278931,0.23913,-0.105199,-0.071746,-0.962597,-0.869478,-0.343747,0.078753,-0.779419,-2.004393,-0.36438,0.200106,-0.106136,0.06385,-0.971909
-0.591503,0.66268,0.083994,-0.89013,-1.081556,-1.627119,0.226858,0.276626,0.071039,-0.931106,-0.886506,-0.432078,0.409729,2.261351,0.246582,1.237792,0.241828,-0.113607,-0.064391,-0.961488,-0.792853,-0.22881,-0.243709,0.001831,-0.977172,-0.021973,0.197177,-0.110473,0.072762,-0.971398
-0.649862,0.965385,-0.101175,-0.765703,-1.234697,-1.320838,0.226544,0.285094,0.081115,-0.927799,-0.708779,-0.436335,0.356518,3.601682,0.88684,1.917724,0.244103,-0.121443,-0.059119,-0.960293,-0.767312,-0.368224,-0.350132,0.450439,-0.152588,0.442505,0.192999,-0.11775,0.079031,-0.970893
-0.766309,1.326177,-0.459512,-1.981257,-1.397408,-0.248854,0.222928,0.296349,0.093939,-0.92393,-0.522538,-0.68643,0.528924,4.642941,1.967772,2.74536,0.248002,-0.131092,-0.056362,-0.958188,-0.711971,-0.746027,-0.565107,1.156005,-1.205444,0.950927,0.187202,-0.12836,0.084932,-0.970184
-0.912207,1.168553,-0.708222,-1.502693,-0.641276,0.928415,0.217513,0.305393,0.108478,-0.920678,-0.385252,-1.031241,1.528238,5.555417,2.714232,3.07617,0.261342,-0.144134,-0.054556,-0.952859,-0.572557,-1.032305,-1.392016,2.823485,-3.657835,1.245727,0.173804,-0.141999,0.088039,-0.9705
-1.114556,0.894209,-0.520326,1.923829,0.449851,2.29711,0.215288,0.309251,0.121668,-0.918261,-0.072368,-2.646746,3.329983,10.608515,5.026242,2.9895,0.291051,-0.172575,-0.057244,-0.939267,-0.671531,-2.123144,-0.760926,5.305173,-4.136961,2.996214,0.167201,-0.166058,0.090605,-0.967601
-1.302179,-0.306251,-0.190623,2.287539,0.057428,3.952943,0.218007,0.301947,0.133101,-0.918464,0.904598,-2.189126,-1.46332,-17.536001,1.11206,-7.022701,0.277567,-0.187899,-0.074252,-0.939217,-0.956745,-3.272515,1.597413,11.033319,1.254272,0.831909,0.183573,-0.199526,0.09632,-0.957708
-1.180006,0.334612,-0.471784,-8.154739,0.622134,4.680361,0.21697,0.303476,0.14581,-0.916274,0.006385,-0.736449,3.724813,11.395867,3.555296,11.453851,0.31153,-0.198748,-0.070589,-0.92653,-0.564043,-2.9873,1.783653,8.485713,18.57848,5.571286,0.201909,-0.227602,0.09785,-0.947548
-1.623429,1.038198,-0.437696,-11.19841,-0.105284,11.179267,0.21679,0.310272,0.163242,-0.911086,-0.888634,0.522538,1.36541,-2.037352,5.947262,19.999378,0.322661,-0.195817,-0.058355,-0.924192,-1.022727,-3.339561,-0.087267,12.458489,7.067257,19.999378,0.201478,-0.261417,0.098642,-0.938791
-2.18957,4.770749,0.374155,-9.49472,-6.699903,39.912281,0.218926,0.347706,0.191761,-0.891286,0.554465,-2.424321,0.864157,19.999378,19.999378,19.999378,0.329722,-0.217053,-0.071035,-0.916033,-0.757733,-1.217482,6.490753,17.265005,-9.893183,19.860218,0.260903,-0.268066,0.120113,-0.919585
0.038179,8.935813,-0.441241,-67.879593,8.317451,66.702324,0.197708,0.425458,0.209966,-0.85779,1.449484,-1.628276,1.431393,-3.010863,-16.117544,8.245845,0.345012,-0.228086,-0.08464,-0.906516,-0.669402,-2.240209,1.79536,13.583977,4.254148,19.999378,0.277653,-0.288175,0.123545,-0.908071
0.407425,-4.891558,0.186259,-36.035908,8.767303,38.936008,0.208302,0.383803,0.194308,-0.878374,0.632154,-0.433143,0.413986,4.171751,-3.518675,4.96948,0.349818,-0.23111,-0.089961,-0.90339,-0.70665,0.018092,-1.687873,6.741329,13.179314,10.552362,0.259682,-0.291733,0.123288,-0.912276
0.202622,-5.591053,1.536981,-4.52722,2.0004,17.046469,0.231822,0.336444,0.173734,-0.896031,-1.220675,-0.096845,-2.632911,2.356566,13.842155,19.999378,0.322663,-0.232361,-0.086525,-0.913456,0.133029,1.223867,-0.217103,15.715934,12.77282,2.332152,0.255942,-0.281374,0.122954,-0.916622
-0.127082,-3.326761,1.613339,-5.867201,-1.665405,22.291536,0.252458,0.307563,0.160965,-0.90319,-1.129151,1.480347,-0.063854,3.594358,12.718498,19.908436,0.320345,-0.221018,-0.072854,-0.918267,0.536373,3.193761,2.923446,14.526359,1.055297,18.730457,0.279546,-0.247232,0.132477,-0.918244
-0.016908,-3.081324,-0.03218,-7.542177,-1.129412,24.885355,0.257227,0.27813,0.152576,-0.912792,-1.012085,2.628654,0.659824,2.147216,9.007564,19.999378,0.325617,-0.199139,-0.054613,-0.922674,1.477155,3.8472,1.122765,4.567869,-7.536617,19.879139,0.288144,-0.205264,0.132308,-0.92592
1.04338,-0.934842,-0.64359,-14.91207,0.823131,27.249464,0.250309,0.270638,0.140813,-0.918838,-1.374988,3.158642,-0.666209,-0.967407,4.699094,19.046619,0.318065,-0.172347,-0.033353,-0.931671,1.215353,3.734391,-2.785096,7.482296,3.573606,19.999378,0.25929,-0.17038,0.124275,-0.94249
1.741239,-0.473148,-0.084539,-15.897914,1.330409,26.598616,0.245987,0.270302,0.122025,-0.922783,-0.807752,3.796117,-1.926261,-0.303345,8.839107,18.430775,0.299433,-0.137472,-0.018118,-0.943984,0.843936,4.093038,-3.033062,2.478026,4.312742,16.782217,0.226629,-0.132458,0.119981,-0.95744
1.983403,-3.136411,1.172916,-6.384051,-0.430708,10.978271,0.255464,0.246501,0.0913,-0.930393,-0.103231,4.418693,-1.327098,2.20642,4.459226,16.165762,0.287024,-0.095001,-0.006703,-0.953174,0.624704,3.978101,-1.506953,1.412963,4.373167,10.124506,0.208012,-0.09415,0.119147,-0.966263
1.750783,-2.68208,1.126555,-1.234697,-1.052842,-3.704089,0.263662,0.228436,0.066514,-0.934809,0.448042,5.209417,-0.903533,3.734739,4.191282,10.782465,0.278625,-0.044092,0.001812,-0.959382,0.065982,3.73652,0.836487,1.640624,2.138671,6.260983,0.211559,-0.056924,0.125232,-0.967632
1.111284,-3.325398,0.887664,-2.74696,-0.66999,-15.476777,0.271313,0.202568,0.04597,-0.939805,-0.299049,3.632225,0.565107,5.758053,-0.341186,7.077023,0.283627,-0.011992,0.014535,-0.958745,0.154314,2.749977,1.316455,3.221434,-2.58972,0.995483,0.220624,-0.030135,0.131004,-0.966047
0.032998,-2.619903,0.463603,-6.403193,-0.22014,-15.160924,0.276589,0.180048,0.03812,-0.943197,-0.407601,-0.200076,2.659517,7.664791,-5.447384,12.23449,0.30896,-0.016581,0.018783,-0.950741,0.892891,1.533559,-0.736449,-2.350462,-9.915155,-1.776732,0.211738,-0.014308,0.127452,-0.96887
-0.168261,-0.392972,0.167715,-3.062813,-4.278367,-5.436493,0.278301,0.177004,0.03995,-0.943193,0.864157,-1.999693,0.262865,10.645746,-3.963621,4.595944,0.311846,-0.03486,0.004486,-0.949478,1.080196,1.104673,-0.649182,-5.527951,-9.03564,4.688107,0.204245,-0.001387,0.121005,-0.971407
-0.470148,0.260981,-0.052087,-2.9671,-4.575077,-0.239282,0.278178,0.178659,0.047081,-0.942589,0.891827,-2.53713,1.429264,3.167723,-6.268917,-1.240844,0.325709,-0.057495,-0.009987,-0.943663,0.77689,-0.188369,-0.023413,2.577513,-2.057494,6.648556,0.204014,-0.00364,0.112962,-0.972417
-0.167443,-0.050724,-0.276253,-3.120241,-3.56052,0.832702,0.275548,0.178238,0.050837,-0.943245,1.454806,-2.259365,-1.0057,-4.738767,-1.893309,-3.144529,0.316805,-0.072509,-0.030286,-0.945225,0.270315,-1.187683,0.600227,8.916011,0.964965,4.725339,0.210993,-0.015767,0.107116,-0.971468
0.700859,1.664608,-0.074722,-1.837688,0.583849,9.188439,0.272911,0.194301,0.047868,-0.940992,1.729378,-1.936903,-2.451992,-5.692746,2.271727,-3.682859,0.294078,-0.082591,-0.05473,-0.950628,0.537437,-1.134472,0.782211,5.444333,2.803343,-1.298217,0.219702,-0.026398,0.098435,-0.970225
1.123556,0.890936,0.17017,0.028714,0.66999,1.665405,0.272211,0.204864,0.037767,-0.939413,1.870921,-1.405851,-1.969894,-2.521361,2.107543,-1.372069,0.275854,-0.087581,-0.079153,-0.953918,0.959938,-0.899276,1.82303,0.274048,2.481078,-3.713987,0.238474,-0.031133,0.085694,-0.966855
1.081013,-0.010908,0.239437,1.531407,2.019542,1.837688,0.272585,0.206805,0.025502,-0.939292,1.688937,-0.889698,-0.023413,0.273437,-0.040283,0.593261,0.276524,-0.093229,-0.097043,-0.951534,1.19194,-0.482097,1.111059,-2.081908,1.287841,-2.472533,0.250141,-0.03004,0.073075,-0.964976
0.857938,-1.163916,0.071177,1.914258,0.172283,-1.502693,0.271958,0.196818,0.013296,-0.941869,1.195133,-0.342683,1.040819,-0.426025,-0.726318,0.186157,0.287367,-0.093691,-0.106537,-0.94725,1.25473,-0.337362,0.06279,-1.364135,0.285644,-0.176391,0.251507,-0.028124,0.060275,-0.965563
0.611683,-0.647135,-0.28198,1.636691,-0.354138,-3.952943,0.268168,0.192287,0.00631,-0.943962,0.856707,-0.174534,0.93546,-0.922851,-0.853271,-0.415039,0.296962,-0.092975,-0.112635,-0.943649,1.283464,-0.332041,-0.440592,-0.840454,-1.053466,0.773315,0.247878,-0.02744,0.048683,-0.967174
0.417515,0.122446,-0.535052,-0.363709,-0.392423,-1.646262,0.262032,0.196207,0.004716,-0.944887,0.914176,-0.300114,0.216039,-0.560913,-0.599365,-0.670166,0.299665,-0.092693,-0.120238,-0.941883,1.311134,-0.403344,-0.495932,-1.02478,-1.828612,0.562744,0.243676,-0.027771,0.036776,-0.968757
0.364883,0.317159,-0.456513,-0.507278,0.239282,-1.062413,0.256923,0.202037,0.002817,-0.945069,1.006764,-0.243709,-0.325655,0.508423,-0.272827,-0.679321,0.297376,-0.093537,-0.130875,-0.941107,1.352639,-0.602356,-0.058533,-0.472412,-1.481322,0.083008,0.243728,-0.030194,0.024177,-0.969068
0.398426,-0.224984,-0.154898,0.229711,0.478565,-1.033699,0.254934,0.201958,-0.002871,-0.945624,0.918433,-0.053212,-0.043634,1.044921,0.165405,-0.280762,0.297791,-0.09295,-0.140594,-0.939631,1.402658,-0.756669,0.25648,0.615234,-0.707397,-0.13977,0.246765,-0.035675,0.009959,-0.968363
0.375519,-0.208076,-0.137445,-0.344566,1.033699,-0.267996,0.253113,0.202083,-0.008242,-0.946055,0.816266,0.05534,0.33949,1.26831,0.289306,0.048218,0.30186,-0.092148,-0.148692,-0.937161,1.38563,-0.744963,0.454427,1.242065,-0.130005,0.021973,0.251651,-0.041391,-0.005424,-0.966913
0.411516,0.139626,-0.1219,-0.574277,1.148555,-0.114855,0.251346,0.205701,-0.01299,-0.945693,0.760926,0.08301,0.763055,1.091918,0.095825,0.526123,0.309963,-0.092066,-0.155331,-0.93344,1.347318,-0.65876,0.434207,1.710204,-0.248413,0.161743,0.256317,-0.046366,-0.020144,-0.965266
0.435241,0.404426,-0.087266,-1.18684,0.59342,0.181855,0.249634,0.21242,-0.016322,-0.944609,0.780082,0.057469,1.044012,1.379394,0.627441,0.928955,0.320506,-0.092235,-0.162577,-0.928617,1.224931,-0.614062,0.242645,1.942748,-0.597534,0.393066,0.259096,-0.051184,-0.033325,-0.963914
0.537234,0.545688,-0.074995,-2.622534,1.26341,0.478565,0.247815,0.220707,-0.020258,-0.943111,0.920561,-0.235195,1.303685,-0.952758,1.02478,0.478515,0.332709,-0.091752,-0.171357,-0.922776,0.95036,-0.493804,0.04789,1.955565,-1.256103,1.040038,0.259941,-0.055361,-0.043042,-0.963071
0.66677,0.33434,0.317159,-3.215954,1.828117,2.0004,0.249386,0.227147,-0.027021,-0.940995,1.183426,-1.300492,0.837551,-4.9707,4.729611,-1.990355,0.338863,-0.099548,-0.186793,-0.916712,0.503382,-0.617255,-0.451235,2.236937,-1.54663,2.018431,0.255701,-0.061602,-0.048896,-0.963547
0.867483,-0.233983,0.961022,-2.938386,1.971686,0.851845,0.256371,0.228511,-0.038627,-0.93838,1.449484,-1.189812,-0.633218,8.171992,3.9801,0.582275,0.332189,-0.105657,-0.205976,-0.914359,0.005321,-0.782211,-1.138729,6.029049,-2.487181,3.690183,0.244416,-0.070502,-0.051235,-0.965742
1.051015,-0.69895,1.295089,-1.004985,0.564706,-1.282553,0.26571,0.225932,-0.053637,-0.935664,1.174913,-2.215732,-0.069175,7.890621,5.77026,9.495234,0.328078,-0.123009,-0.225396,-0.909078,0.001064,-3.225688,-2.945795,-7.677608,-14.122307,7.10876,0.214245,-0.099497,-0.059266,-0.969886
0.889027,-0.570232,0.441241,-4.086941,-4.287938,9.092726,0.267175,0.222297,-0.062619,-0.93556,-0.057469,0.677916,3.528995,1.055297,-6.533199,13.226921,0.361758,-0.124952,-0.216421,-0.898149,1.097224,-2.066739,1.166399,9.339594,8.703609,19.999378,0.225158,-0.118522,-0.074971,-0.964172
-0.162806,1.502074,-0.703586,-5.446064,-6.719046,29.326435,0.261714,0.235191,-0.054102,-0.934482,-1.029113,-1.465448,-2.451992,-1.593627,5.010373,19.999378,0.334798,-0.135075,-0.214658,-0.907513,3.402351,-0.898212,-6.860042,-1.315307,14.074699,18.051138,0.161891,-0.112977,-0.118775,-0.973095
-1.131464,6.291912,0.167715,-31.661829,-5.943771,60.59584,0.26839,0.290204,-0.025482,-0.9182,3.470462,-2.259365,-0.087267,10.494989,19.999378,19.999378,0.333134,-0.143346,-0.254589,-0.896465,-1.077003,0.674723,8.784174,-12.256463,3.574827,19.999378,0.24609,-0.116258,-0.096599,-0.957385
0.268617,2.81298,-1.154917,-29.460432,6.202196,69.46843,0.257575,0.315404,-0.016339,-0.913181,1.444163,-0.586392,4.206911,3.634031,-19.999989,19.35973,0.371484,-0.154813,-0.261323,-0.877345,-2.251916,0.005321,2.04439,13.231804,-16.987906,19.997547,0.263252,-0.124629,-0.071254,-0.953982
0.57814,-3.897538,-0.060814,-8.413164,-0.392423,36.217762,0.254386,0.279486,-0.031061,-0.925312,-0.19369,-0.011707,-1.069554,4.162595,-17.578115,19.872425,0.362133,-0.153339,-0.259437,-0.882061,0.326719,0.765183,-3.642867,14.828483,9.48974,19.998768,0.229266,-0.114456,-0.077866,-0.963466
0.371155,1.156008,1.527436,-7.542177,-14.16551,26.751757,0.267502,0.289648,-0.034321,-0.918346,-1.359025,1.38563,-2.527552,2.496336,-3.540037,19.98534,0.341326,-0.139165,-0.244312,-0.896902,1.748534,2.275329,-0.784339,-0.2948,8.027949,19.999378,0.225376,-0.086779,-0.091082,-0.966111
-0.360247,-1.822778,0.830122,-8.049456,-12.050255,23.918655,0.275173,0.270668,-0.036771,-0.921769,-0.407601,2.862785,-1.052526,1.203002,17.869864,19.999378,0.337614,-0.11109,-0.232908,-0.905219,1.348382,3.574757,1.659138,-2.166747,-1.189574,19.999378,0.245843,-0.049688,-0.093521,-0.963503
-0.127627,-3.065507,-1.279272,-8.767303,-0.191426,21.420547,0.262235,0.241171,-0.039236,-0.933553,-1.633597,3.732263,0.452299,1.9458,-7.521968,19.775379,0.348512,-0.083902,-0.202932,-0.911214,0.519345,4.189883,1.201518,-1.013793,-6.160885,19.999378,0.261552,-0.008969,-0.085977,-0.961307
0.20344,-1.627247,-1.995129,-7.331609,4.728218,12.050255,0.242549,0.228588,-0.041771,-0.941894,-2.076317,3.552408,-1.951802,-0.321045,-6.279903,14.874259,0.335912,-0.054758,-0.171192,-0.924581,-0.454427,3.616262,-1.228124,-2.794798,-11.159661,10.751337,0.252701,0.025611,-0.07035,-0.964639
-0.149444,-0.408789,-2.272746,-4.364509,4.517649,0.153141,0.221342,0.226789,-0.037185,-0.947725,-1.067425,2.980915,-3.373617,-0.19165,1.287231,8.226924,0.308576,-0.024358,-0.152199,-0.938624,-1.038691,4.096231,-3.109687,3.661497,-3.223875,8.8446,0.225655,0.063215,-0.04819,-0.970955
-0.211076,-1.590431,-1.917135,-4.67079,-0.488136,-11.236695,0.2028,0.213809,-0.034179,-0.954977,-0.241581,2.59247,-4.00045,0.407104,9.266352,1.84204,0.2744,0.005905,-0.144567,-0.950664,-0.523602,1.547394,-2.922382,7.664791,6.195065,8.950191,0.19841,0.07699,-0.039127,-0.976303
-0.48242,-2.895065,-0.878392,-5.168497,-0.507278,-8.441878,0.194174,0.187305,-0.0333,-0.962339,-0.426757,2.084831,-1.714478,-1.218261,19.999378,-4.741208,0.260897,0.027643,-0.136461,-0.955269,-0.63109,-1.733635,-0.122387,9.567865,8.617549,7.518917,0.197156,0.057517,-0.037784,-0.977949
-0.317977,-0.554415,-0.197986,-2.986243,5.225924,-1.828117,0.192837,0.182727,-0.032343,-0.96352,-1.124894,0.612998,-1.0057,-0.801391,7.352291,6.270138,0.252281,0.032747,-0.125565,-0.958909,-0.76199,-2.656324,-0.454427,4.230344,6.450802,-1.631469,0.192194,0.029505,-0.037163,-0.980205
-0.159807,0.001091,0.137717,0.200997,2.976671,-3.062813,0.194714,0.183194,-0.032838,-0.963037,-0.850322,-1.115316,1.140857,11.686395,-0.930786,5.827633,0.262308,0.016494,-0.120682,-0.957262,-0.969516,-2.436028,-0.642796,-0.859985,3.505857,-1.967162,0.185216,0.004861,-0.033938,-0.982095
-0.471784,1.038471,0.280344,0.765703,0.756132,-2.392823,0.1989,0.192691,-0.028653,-0.960458,-0.39483,-1.418622,2.759555,6.073605,-4.685056,1.715087,0.287163,-0.003245,-0.12021,-0.950299,-1.479283,-2.073125,1.149371,-5.801388,-2.553099,-1.004638,0.195747,-0.016965,-0.022185,-0.980253
-0.888482,2.497184,-0.043088,-0.478565,-1.464407,0.344566,0.200471,0.214901,-0.013112,-0.955745,-0.559786,-1.582514,-1.304749,-0.325317,-8.276362,-2.249144,0.272903,-0.01886,-0.11761,-0.954635,-1.632533,-2.046519,1.431393,-4.404905,-4.255979,-0.060425,0.20897,-0.039388,-0.008298,-0.977089
-0.883027,2.117302,-0.263981,-0.717847,-1.732404,3.665804,0.199788,0.232348,0.001744,-0.951887,-0.973773,-1.654881,-1.319648,-2.308348,-3.831785,-2.009276,0.258133,-0.035236,-0.111214,-0.959035,-1.653817,-1.696386,1.02592,-2.371214,-1.605834,0.241089,0.21819,-0.058104,0.006155,-0.974151
-0.729493,1.160917,-0.538598,0.602991,-0.641276,2.478964,0.196282,0.240225,0.012742,-0.950576,-0.768376,-1.189812,-1.471833,0.029297,0.559692,-1.109619,0.242243,-0.046871,-0.109377,-0.962886,-1.530366,-1.447356,0.796046,-0.192261,1.220702,0.481567,0.22501,-0.074679,0.016541,-0.971345
-0.477784,-0.193622,-0.337885,1.722832,-0.095713,1.454836,0.194351,0.235712,0.017504,-0.952025,-0.737513,-0.683237,-1.738956,0.502319,2.597044,0.510864,0.224211,-0.053148,-0.106669,-0.967222,-1.113187,-1.095095,-0.246902,0.85144,1.39038,0.383301,0.221784,-0.088412,0.022788,-0.970808
-0.266435,-0.188168,-0.251164,1.138984,0.37328,0.918844,0.192839,0.231786,0.019549,-0.953256,-0.863092,-0.766247,-1.413301,-0.637207,3.052366,0.621338,0.209018,-0.060055,-0.102519,-0.970663,-0.752412,-0.96313,-0.73432,0.353393,0.281372,-0.454712,0.214014,-0.101042,0.025952,-0.97124
-0.159807,0.138536,-0.176715,1.014557,0.564706,-0.37328,0.191838,0.231667,0.020439,-0.953468,-1.02592,-0.779018,-0.574686,-0.988159,1.596679,-0.151367,0.201773,-0.067805,-0.095972,-0.972353,-0.700265,-0.834358,-0.57575,0.136108,-0.821533,-0.751342,0.208029,-0.111743,0.032111,-0.971184
-0.214621,0.460876,-0.258527,0.0,0.143569,-1.024128,0.189815,0.237496,0.023577,-0.952366,-1.106802,-0.791789,0.286279,-0.355224,-0.061645,-0.985717,0.202839,-0.076222,-0.087164,-0.972338,-0.709843,-0.710907,-0.418243,-0.339355,-1.374511,-1.156005,0.203576,-0.120519,0.039021,-0.970825
-0.261799,0.58823,-0.339248,-0.421137,-0.421137,-1.091127,0.186757,0.244091,0.029071,-0.951151,-1.142986,-0.684301,0.553401,0.231933,-0.735473,-0.930786,0.206953,-0.087088,-0.075628,-0.971524,-0.685366,-0.590649,-0.419308,-0.501709,-1.475219,-1.238403,0.19911,-0.127922,0.045943,-0.970501
-0.2528,0.42706,-0.314705,-0.602991,-0.9667,-1.378266,0.183862,0.248846,0.034484,-0.950301,-1.083389,-0.681109,0.343747,1.160278,-0.353393,-0.306396,0.208932,-0.098159,-0.066093,-0.97074,-0.615126,-0.453363,-0.586392,-0.015259,-1.07727,-0.897216,0.192999,-0.134477,0.052109,-0.970538
-0.290434,0.475057,-0.230711,-0.870987,-1.119841,-1.914258,0.181865,0.254127,0.039998,-0.949071,-0.857771,-0.637475,-0.25648,2.894285,0.698852,0.796508,0.205154,-0.107719,-0.060166,-0.970917,-0.578942,-0.459748,-0.669402,0.161133,-0.585327,-0.267334,0.186086,-0.141371,0.057623,-0.970596
-0.376882,0.634591,-0.208076,-1.100698,-0.937986,-0.114855,0.180176,0.260476,0.04676,-0.947362,-0.723678,-0.626833,-0.072368,3.664549,1.018066,1.779174,0.203243,-0.116957,-0.055386,-0.970535,-0.582135,-0.740706,-0.722614,-0.026855,-0.744628,0.164184,0.178905,-0.150188,0.062828,-0.970299
-0.447786,0.685314,-0.17726,-1.598405,-1.158126,0.59342,0.178898,0.267044,0.05427,-0.945373,-0.559786,-0.635347,0.591713,4.411008,0.940551,2.338866,0.207919,-0.126343,-0.051321,-0.968589,-0.660888,-0.983351,-1.175977,1.100463,-1.705321,0.906982,0.167202,-0.162793,0.067212,-0.97006
-0.536143,0.787307,-0.304342,-1.225125,-0.775275,1.569692,0.176476,0.273519,0.063455,-0.943403,-0.229874,-1.024856,1.50376,7.28149,2.570189,2.056273,0.221518,-0.139107,-0.050357,-0.963865,-0.727935,-1.255794,-2.001821,2.029418,-2.747801,1.803588,0.14751,-0.178683,0.070347,-0.970235
-0.792489,0.533689,-0.423788,-0.899701,0.019143,2.210968,0.174451,0.275301,0.072444,-0.942613,0.488483,-2.050776,0.13835,-3.367308,7.40295,-1.760253,0.222187,-0.156758,-0.061048,-0.960377,-0.929075,-2.014592,-1.609119,1.405028,-6.536251,2.270507,0.131888,-0.201058,0.075374,-0.967725
-0.791125,0.003818,-0.441514,-1.694118,1.770689,3.847659,0.172999,0.273369,0.079283,-0.942893,0.586392,-1.371796,-1.096159,-2.297362,3.987424,5.16052,0.211494,-0.166289,-0.072426,-0.960398,-1.277079,-2.010335,1.648496,9.130244,-4.365842,1.973266,0.146633,-0.222585,0.088887,-0.959711
-0.822759,-0.119446,-0.667316,-2.880959,1.473979,6.116055,0.16955,0.269804,0.086888,-0.943875,-0.620448,-0.093652,3.88232,-4.624021,-10.894158,19.999378,0.247764,-0.170237,-0.058533,-0.951944,-1.239831,-1.866664,0.532116,10.415033,9.926142,4.800412,0.150122,-0.242662,0.097478,-0.953451
-1.245729,1.996766,-0.696223,-14.605789,-0.162712,21.152552,0.165037,0.287013,0.102395,-0.938026,-0.288407,-1.078067,-1.550587,4.951779,-1.678466,19.988392,0.232111,-0.179263,-0.059492,-0.95417,-1.550587,-0.980158,3.938724,19.999378,8.999019,19.999378,0.184186,-0.251065,0.118484,-0.942865
-1.82496,5.181992,-0.287161,-17.496319,0.909273,45.578487,0.162281,0.330568,0.127751,-0.920902,1.311134,-2.844693,-1.364346,15.898428,19.999378,19.994495,0.219254,-0.202583,-0.082424,-0.950835,-1.055719,-0.113873,2.763812,3.434446,-13.165276,19.925526,0.207845,-0.249918,0.136088,-0.935849
-0.56505,6.366907,-2.002765,-57.083176,17.008183,66.348183,0.137961,0.385273,0.147777,-0.900381,0.500189,-1.007828,2.640361,4.494627,-11.824944,8.095698,0.24475,-0.213668,-0.082318,-0.942156,-2.267879,-0.65876,-1.114251,14.977408,-0.213623,19.999378,0.19205,-0.262644,0.151847,-0.933311
0.809669,-5.981025,1.078559,-12.375679,6.431907,31.183264,0.153506,0.332473,0.126701,-0.921866,-0.802431,-0.617255,-0.655567,4.058225,1.086425,19.840076,0.236068,-0.219842,-0.077463,-0.943363,-0.69388,0.028734,-3.489618,18.131704,19.999378,10.9497,0.156866,-0.269343,0.147368,-0.938681
0.075267,-2.406373,1.750238,-1.540978,-3.369094,20.434706,0.172333,0.310948,0.116248,-0.927411,-1.46332,0.692815,-1.454806,2.967528,13.549797,19.82909,0.219168,-0.21454,-0.066478,-0.949479,0.202204,1.768754,0.590649,17.598257,18.988636,5.727536,0.159699,-0.252284,0.148156,-0.94281
-0.603502,-1.52989,1.397627,-5.570491,-6.939186,24.7705,0.188731,0.295654,0.115091,-0.929363,-0.666209,2.22531,-0.051083,6.04736,11.509393,19.999378,0.218273,-0.193802,-0.057036,-0.954744,1.003571,3.912118,3.879127,6.79565,5.828244,19.999378,0.192454,-0.207149,0.15285,-0.946932
-0.282525,-2.740167,-0.57405,-9.226724,-2.584249,25.36392,0.18734,0.267285,0.113801,-0.938351,-0.989736,3.075632,-0.087267,3.400267,9.452509,19.998158,0.216897,-0.165514,-0.042168,-0.961132,1.589963,3.586463,1.323905,-0.464477,-4.991452,19.922474,0.202766,-0.166448,0.147053,-0.953703
1.13201,-3.066325,-0.491965,-8.595019,2.89053,22.17668,0.183476,0.239072,0.097156,-0.948543,-0.570429,3.279964,-0.709843,0.984497,8.200679,18.326406,0.210164,-0.133787,-0.031814,-0.967942,1.255794,3.302313,-1.899655,0.998535,-2.71179,19.085682,0.181723,-0.134044,0.137764,-0.964377
1.743148,-0.457876,0.659407,-9.590433,3.426522,13.227524,0.186446,0.23956,0.076571,-0.949725,0.423564,3.099045,-0.605548,0.861206,5.019528,13.237907,0.205558,-0.101802,-0.031217,-0.972831,1.969894,2.972401,-2.407294,-1.9635,3.729246,10.688471,0.156926,-0.103786,0.119408,-0.974852
1.625611,-0.77449,0.864483,-5.379066,2.718246,1.789831,0.191568,0.237523,0.056814,-0.950604,0.830101,3.471526,-0.23626,0.706787,0.532837,8.612666,0.205003,-0.065706,-0.032439,-0.976011,0.984415,3.155449,-0.190498,0.947265,1.21582,6.859737,0.152234,-0.071383,0.113013,-0.97926
1.169371,-3.514657,0.953659,-4.048656,0.239282,-11.054841,0.199643,0.208632,0.037044,-0.956679,0.370353,2.907483,0.63109,1.229858,-2.116698,6.333004,0.212402,-0.037431,-0.027789,-0.976065,-0.041505,3.11288,2.382817,3.58093,-1.280517,2.827757,0.171653,-0.040216,0.119775,-0.977018
-0.058359,-3.588288,0.873483,-2.009971,-3.292524,-15.065211,0.209081,0.176044,0.029656,-0.96146,-0.155378,0.760926,2.35621,3.466185,-5.297238,6.338497,0.23557,-0.032266,-0.022239,-0.971063,-0.044698,2.019913,2.330669,3.380735,-7.294307,-1.509399,0.191782,-0.018868,0.126154,-0.973109
0.053451,-0.422152,0.930479,-2.498107,-3.876373,-3.244668,0.217732,0.173344,0.02831,-0.96007,0.116001,-0.379931,1.606991,8.395381,-3.56262,2.987669,0.25113,-0.037995,-0.023375,-0.96692,0.522538,0.899276,1.078067,-0.99121,-13.632805,-0.246582,0.20117,-0.007993,0.124905,-0.971523
0.121355,0.618774,0.798215,-1.148555,-5.158926,-4.52722,0.224654,0.180272,0.029009,-0.957174,0.474648,-1.727249,1.063168,5.080564,-4.468992,1.114501,0.261186,-0.055507,-0.030966,-0.963189,0.908854,0.330976,0.315013,-5.653683,-6.201779,2.926634,0.203989,-0.001447,0.11837,-0.971785
-0.097629,0.838576,0.030543,-1.100698,-3.522235,-0.545564,0.224504,0.188293,0.033724,-0.955509,0.895019,-2.230631,-0.538502,-0.494995,-4.06677,0.599365,0.255859,-0.074726,-0.043724,-0.962825,0.905662,-0.47784,-1.293042,0.609741,0.466308,2.630614,0.19192,-0.006521,0.106764,-0.97556
0.152171,1.210549,-0.16417,-2.469393,0.306281,1.550549,0.222173,0.201964,0.035434,-0.953198,1.17172,-1.929453,-1.679359,-3.322752,-2.425536,-0.588379,0.239732,-0.088333,-0.059641,-0.964966,0.739641,-0.965259,-1.203647,3.950804,2.840575,2.36389,0.18111,-0.017056,0.09609,-0.978604
0.445332,1.042562,0.124627,-1.502693,0.315853,4.039084,0.222415,0.211852,0.031706,-0.951124,1.340933,-1.617633,-1.447356,-4.879148,-0.928344,-1.305541,0.225927,-0.098075,-0.076939,-0.966132,0.954616,-1.151499,0.605548,4.571531,4.658811,-0.460205,0.188167,-0.027142,0.08314,-0.978231
0.745583,0.023726,0.397335,-0.019143,0.803988,2.134398,0.224942,0.212732,0.022336,-0.950599,1.452677,-1.412236,-0.79711,-1.924437,-0.187378,-1.239013,0.218469,-0.105967,-0.094464,-0.965459,1.266437,-1.231317,1.71235,4.184568,4.323118,-1.09558,0.206104,-0.036507,0.067255,-0.975529
0.705222,-0.292615,0.381791,0.507278,0.488136,0.631705,0.227445,0.210331,0.012852,-0.950713,1.318584,-0.896084,-0.017028,0.963134,1.625976,-0.647583,0.218636,-0.112351,-0.110974,-0.962939,1.264308,-1.009957,1.556972,2.007445,2.440184,-0.657959,0.222265,-0.043669,0.051661,-0.972633
0.535871,-0.51269,0.137172,1.091127,0.392423,-0.803988,0.227989,0.205542,0.005033,-0.951704,1.070618,-0.710907,0.119194,0.053711,3.072508,-0.249634,0.21988,-0.116571,-0.124605,-0.960484,1.065297,-0.555529,1.104673,-0.841064,0.025024,0.727539,0.233858,-0.044149,0.040743,-0.970408
0.469875,-0.137172,0.074176,0.574277,0.258425,-2.201397,0.227912,0.20671,-0.001088,-0.951482,0.88012,-0.767312,0.114937,-1.18103,2.150878,-0.077515,0.220698,-0.120838,-0.136081,-0.958209,1.01847,-0.708779,0.774761,-1.948851,-1.937255,1.260375,0.242206,-0.047186,0.03118,-0.968571
0.408516,0.394063,0.037634,0.59342,0.267996,-0.59342,0.227781,0.210516,-0.005674,-0.950662,0.860964,-0.673659,0.382059,0.06897,0.663452,-0.374756,0.224167,-0.125869,-0.147275,-0.955096,1.072746,-0.908854,0.442721,-2.492674,-3.134153,1.045532,0.247368,-0.052367,0.020588,-0.967282
0.370337,0.158443,0.161443,-0.114855,-0.095713,-0.574277,0.228303,0.214685,-0.008518,-0.949583,0.929075,-0.431014,0.677916,0.855102,-0.187988,-0.806884,0.231313,-0.130781,-0.156628,-0.951236,1.145114,-1.160013,0.03512,-1.533202,-3.637083,0.634155,0.248621,-0.060408,0.008628,-0.966672
0.384518,-0.069268,0.288252,-0.37328,-0.440279,-0.727418,0.229842,0.216301,-0.011625,-0.948811,0.979094,-0.295857,0.869478,0.933227,-0.418701,-0.575561,0.240627,-0.134617,-0.165398,-0.946896,1.17172,-1.237702,-0.242645,0.140381,-3.627928,-0.016479,0.247153,-0.070037,-0.004009,-0.966429
0.444786,0.092448,0.168533,-0.803988,-0.306281,-0.535992,0.230187,0.219839,-0.015083,-0.947865,0.969516,-0.20859,0.885441,1.072997,-0.270996,-0.085449,0.2502,-0.137632,-0.173833,-0.94246,1.084453,-1.16427,-0.204333,2.462157,-2.847899,0.070801,0.245917,-0.08021,-0.016361,-0.965823
0.555233,0.236983,0.174806,-1.473979,0.239282,0.22014,0.230487,0.225146,-0.019989,-0.946455,0.962066,-0.362903,0.974837,1.074218,-0.324097,0.408325,0.260387,-0.142206,-0.182004,-0.937466,0.841808,-1.020599,-0.068111,3.643186,-2.787474,0.223999,0.245802,-0.089786,-0.026254,-0.964791
0.762491,0.147535,0.407153,-1.397408,0.947558,0.583849,0.232689,0.229853,-0.028561,-0.944563,1.14405,-0.951424,1.175977,0.615234,-0.795898,0.391235,0.271715,-0.151579,-0.192097,-0.930745,0.607677,-0.725807,-0.461877,5.250241,-3.077391,1.008911,0.241749,-0.097046,-0.033717,-0.96488
0.920116,0.106083,0.599411,0.468993,1.081556,1.272982,0.236686,0.231733,-0.039931,-0.942697,1.459063,-1.549522,-0.272444,-1.259155,1.868895,-1.741332,0.267858,-0.160491,-0.211919,-0.926054,0.376738,-0.834358,-1.766626,5.3009,-1.539306,2.666625,0.224781,-0.105517,-0.040906,-0.967811
1.03438,0.050178,0.397881,-0.784846,0.9667,0.612563,0.238226,0.235702,-0.051862,-0.940742,1.93371,-1.765561,-1.561229,13.718864,-2.38159,0.162964,0.252946,-0.170148,-0.236991,-0.92244,0.25648,-2.877685,-2.790417,-2.498168,-3.521116,4.074094,0.196886,-0.130601,-0.051064,-0.970342
1.027835,0.472875,-0.05536,-7.092326,-5.235496,4.249653,0.235033,0.243386,-0.058492,-0.939198,1.363282,-1.327098,-0.153249,-6.8811,9.819941,13.029167,0.250267,-0.176759,-0.253367,-0.917562,0.218168,-2.019913,0.40228,13.131706,6.605221,13.519279,0.199835,-0.151293,-0.057973,-0.966337
0.692678,1.42817,0.466876,-4.852644,-3.18724,24.847071,0.238434,0.256816,-0.061607,-0.934554,0.389509,-1.742148,-2.810638,18.531483,12.775261,19.999378,0.220678,-0.185867,-0.267115,-0.919454,2.754233,-2.043326,-3.558793,4.569089,10.020746,19.999378,0.167897,-0.16244,-0.095727,-0.967601
0.549233,3.508112,1.167462,-15.553348,-3.656233,54.001221,0.2498,0.28879,-0.060095,-0.922269,1.960316,-1.321777,1.659138,19.999378,18.749989,19.890125,0.235965,-0.198369,-0.285486,-0.907447,0.49274,-0.329912,4.47084,-0.724487,6.141964,19.999378,0.211551,-0.167387,-0.094044,-0.958319
0.433333,2.253111,-0.688314,-29.316862,2.239682,78.398438,0.243375,0.309693,-0.055389,-0.917487,2.31577,-0.222425,3.07031,7.955317,-12.363275,19.999378,0.268286,-0.203828,-0.298896,-0.892821,-1.446292,-0.482097,3.348075,6.361691,-17.507925,19.995716,0.241056,-0.178349,-0.073821,-0.951118
-0.523871,-6.112743,-0.097902,-1.062413,-0.89013,27.010181,0.240328,0.250295,-0.064636,-0.935633,0.345876,0.902469,1.744277,11.602166,-19.999989,16.030264,0.287927,-0.200796,-0.294262,-0.888921,0.303306,0.632154,-1.087646,8.890376,6.155392,19.999378,0.231658,-0.170691,-0.077926,-0.954526
-0.153807,0.444241,0.65368,-3.062813,-4.249653,23.708086,0.247032,0.252309,-0.062665,-0.933477,-1.446292,1.502696,-1.627211,8.540645,-10.080561,19.999378,0.275488,-0.187128,-0.278407,-0.900872,1.431393,1.773011,0.373546,4.085081,3.681638,19.999378,0.239013,-0.149885,-0.087074,-0.955415
-0.55196,-2.500457,0.95475,-4.115655,-4.82393,21.286551,0.255527,0.225694,-0.064793,-0.937849,-2.00395,2.487111,-2.859592,-1.415404,11.334222,19.947498,0.252325,-0.160389,-0.258449,-0.918588,1.369667,2.619076,1.002507,0.889892,-2.449339,19.999378,0.253031,-0.12154,-0.091231,-0.955444
-0.553324,-1.566706,0.678769,-4.565506,-3.455236,23.344378,0.261965,0.207877,-0.063808,-0.940256,-1.606991,3.623711,-0.057469,0.219726,10.330194,19.999378,0.258149,-0.12936,-0.234309,-0.928287,0.486354,3.371488,0.460813,-3.334349,-6.320797,19.922474,0.261146,-0.087588,-0.085227,-0.957528
-0.567505,1.227185,-0.981748,-8.949157,0.468993,20.444277,0.254304,0.218419,-0.051278,-0.940736,-1.977344,4.152635,0.800303,-2.18994,2.625731,16.248159,0.272412,-0.096262,-0.202859,-0.93561,-0.194755,3.498132,0.121322,-2.695921,-6.65588,12.903435,0.265123,-0.054143,-0.072381,-0.959964
-0.680678,-0.163079,-1.981494,-7.704889,2.775674,4.74736,0.236829,0.217935,-0.040963,-0.945902,-0.932268,3.922761,1.271758,1.180419,2.814329,9.093623,0.290969,-0.064004,-0.181716,-0.93713,-1.079132,3.536444,-0.435271,-0.346069,-5.585324,7.009274,0.26286,-0.022872,-0.051089,-0.963205
-0.152716,-1.701423,-1.262364,-2.230111,3.943372,-4.106084,0.224586,0.203453,-0.041959,-0.95205,0.091524,3.267194,-1.525045,4.721066,-0.189209,1.168212,0.282783,-0.032265,-0.174217,-0.942674,-1.296235,3.357653,-1.086581,3.526609,-4.046628,4.505002,0.253749,0.00506,-0.028754,-0.966825
-0.205076,-3.226132,-0.518145,-4.45065,-2.249253,-17.371893,0.218378,0.174334,-0.045838,-0.959067,0.003193,2.34344,-2.096538,4.759519,12.622063,-4.959104,0.266851,-0.006668,-0.170105,-0.948579,-0.667274,1.07381,-2.846822,2.814329,5.957638,9.410395,0.226474,0.01413,-0.021374,-0.973676
-0.202349,-1.493893,-0.065177,-4.718646,-0.306281,-6.374479,0.2172,0.161497,-0.046794,-0.961533,-0.711971,2.16252,-1.940096,-9.400629,7.764278,1.394042,0.251619,0.017076,-0.158326,-0.954631,-0.561915,-0.827973,-2.539259,6.140744,10.420527,2.593382,0.20161,0.004721,-0.019313,-0.97926
-0.10881,0.223075,0.507782,-2.086541,2.766103,-2.507678,0.222399,0.164707,-0.047224,-0.959777,-1.462255,-0.285214,2.31577,4.564207,-7.392574,7.562252,0.273649,0.005804,-0.143943,-0.950976,-0.405473,-1.399466,-1.001443,2.280272,8.267817,-1.398925,0.191527,-0.009733,-0.020108,-0.981229
-0.304614,0.753491,0.550324,0.468993,1.426122,-1.751546,0.228776,0.171475,-0.045438,-0.957175,-0.984415,-1.298363,3.710978,8.892817,-8.42895,4.105222,0.307143,-0.016238,-0.137226,-0.941573,-0.821587,-1.200454,0.996122,0.265503,4.233396,-1.70288,0.20092,-0.023041,-0.01623,-0.979198
-0.491692,1.993766,0.362701,-0.870987,0.555135,-0.047856,0.233884,0.190989,-0.03741,-0.952583,-0.826909,-2.067804,0.758798,6.51672,-9.500727,0.042725,0.311484,-0.040851,-0.134463,-0.939798,-0.831165,-1.402658,1.349447,-3.195189,1.293945,-1.35498,0.213642,-0.036701,-0.010991,-0.976156
-0.683678,2.290472,0.155443,-1.148555,-0.622134,2.603391,0.237114,0.210971,-0.023881,-0.947992,-0.868414,-1.710221,-2.034812,-0.355224,-6.248776,-1.079711,0.289794,-0.057458,-0.130594,-0.946391,-1.068489,-1.223867,1.62189,-3.199461,-0.310058,-0.67688,0.228912,-0.049203,-0.001966,-0.972196
-0.912753,0.938387,-0.149717,-0.497707,-0.794417,1.18684,0.23747,0.217289,-0.010803,-0.946714,-0.616191,-1.237702,-2.734013,-2.413939,-1.188354,-1.225585,0.261761,-0.065901,-0.128682,-0.954238,-1.410108,-0.809881,1.820902,-1.888427,-1.70288,-0.48584,0.245922,-0.059218,0.012441,-0.967395
-0.690769,0.235074,0.018544,1.225125,-0.545564,2.096113,0.239232,0.216117,-0.003513,-0.946594,-0.910983,-1.007828,-1.78791,-1.3562,3.340452,0.279541,0.242463,-0.074327,-0.125297,-0.959156,-1.268565,-0.597034,1.240895,0.530395,-1.823119,-0.29602,0.25726,-0.06897,0.025678,-0.963531
-0.487874,-0.175351,0.308705,2.048256,-0.468993,2.354537,0.243306,0.211512,0.0,-0.946603,-1.077003,-0.77689,-1.430328,-2.651366,6.08276,0.693969,0.226642,-0.081307,-0.119402,-0.963202,-0.637475,-0.419308,0.80456,1.740111,-2.27722,-0.40039,0.264662,-0.076005,0.032496,-0.960788
-0.255254,0.007363,0.530144,0.689133,0.535992,0.22014,0.249223,0.209774,-9.9e-05,-0.945449,-0.951424,-0.823716,-0.687494,-1.991576,5.673825,-0.993041,0.217963,-0.089552,-0.114347,-0.965085,-0.199011,-0.77689,0.245838,-0.643921,-2.138671,-0.232544,0.267246,-0.083888,0.034528,-0.959345
-0.276798,0.339521,0.353702,-0.449851,0.210568,-0.995414,0.253077,0.214186,0.002422,-0.943431,-0.967387,-0.627897,0.410794,-0.910644,2.749632,-1.87622,0.220054,-0.097429,-0.10783,-0.964597,-0.183048,-0.538502,0.157506,-0.750122,-1.900023,-0.0177,0.268938,-0.089273,0.036955,-0.958295
-0.292888,0.27898,0.20644,-1.234697,0.200997,-1.579263,0.255508,0.217958,0.005586,-0.941897,-1.038691,-0.295857,1.051462,0.287475,-0.031738,-1.260986,0.228865,-0.105403,-0.098394,-0.962716,-0.329912,-0.308627,-0.209654,-0.790405,-1.436156,-0.067139,0.266919,-0.09275,0.041039,-0.958363
-0.319613,0.363247,0.272435,-2.086541,-0.497707,-1.933401,0.258494,0.222315,0.009649,-0.940029,-1.008892,-0.029799,1.190876,0.951538,-1.115722,-0.583496,0.239452,-0.110862,-0.086482,-0.960669,-0.462941,-0.258608,-0.362903,1.208495,-1.166991,1.200561,0.263076,-0.098311,0.045403,-0.958674
-0.334885,0.523871,0.381518,-2.019542,-1.196411,-1.837688,0.262429,0.227915,0.014453,-0.937533,-0.842872,-0.100038,0.868414,0.789794,-0.676269,0.046387,0.246971,-0.116322,-0.076726,-0.958947,-0.542759,-0.449106,-0.549144,0.824584,-1.555785,1.781615,0.257518,-0.105455,0.050449,-0.959172
-0.431151,0.642499,0.541597,-1.674976,-1.445265,-1.40698,0.267992,0.23416,0.020359,-0.934305,-0.674723,-0.16602,0.711971,1.128539,0.360107,1.04187,0.252811,-0.121748,-0.070841,-0.957203,-0.606613,-0.896084,-0.06279,-0.314331,-1.85974,1.392821,0.2569,-0.115478,0.055864,-0.957882
-0.560142,0.636227,0.527144,-1.531407,-0.507278,-0.267996,0.273755,0.240214,0.02712,-0.93092,-0.650246,-0.196883,1.067425,1.823729,0.605468,2.13745,0.261981,-0.12759,-0.064903,-0.954393,-0.489547,-1.207904,-0.216039,0.574951,-3.074339,2.082518,0.255048,-0.128996,0.059062,-0.956459
-0.726221,0.730857,0.214348,-1.339981,0.105284,0.746561,0.277087,0.246787,0.035824,-0.927916,-0.576814,-0.9908,1.565486,3.234861,-1.204833,2.049559,0.275592,-0.141431,-0.059566,-0.948941,-0.189433,-1.776204,-1.418622,-2.466429,-2.634276,1.543578,0.242509,-0.146147,0.056121,-0.95743
-0.755673,1.022654,0.055632,-3.091527,0.133998,1.397408,0.278875,0.255866,0.046044,-0.924464,-0.34694,-1.374988,1.978408,4.346311,-5.75317,2.905882,0.293195,-0.157964,-0.055868,-0.941252,-0.080882,-2.279586,-0.606613,4.137571,-1.090698,0.807495,0.237605,-0.170355,0.050408,-0.954973
-1.06356,1.844049,-0.299706,-3.072384,-0.679562,8.16431,0.277773,0.268137,0.062499,-0.920342,-0.086203,-0.577878,1.534623,-18.345936,6.410519,19.999378,0.307156,-0.162637,-0.054229,-0.936085,-0.312884,-3.000071,0.690687,16.629019,9.927362,4.432981,0.244702,-0.200533,0.045906,-0.947519
-1.528254,2.205933,0.145899,-10.691132,-1.579263,11.466406,0.2813,0.285277,0.08364,-0.912405,-0.874799,-1.270694,2.006078,19.999378,6.540524,19.803455,0.323469,-0.179547,-0.04804,-0.927801,-0.313949,-2.743591,-0.991865,-2.914427,10.691523,13.831779,0.235708,-0.226413,0.038839,-0.944278
-1.520073,3.842997,0.260436,-9.159725,-4.192225,40.601414,0.284588,0.31441,0.107491,-0.899218,1.234509,-1.514403,-1.341997,15.558463,19.561756,19.955433,0.312083,-0.188915,-0.068328,-0.928568,-0.301178,-0.155378,10.127235,19.999378,9.535517,19.999378,0.328719,-0.224124,0.062496,-0.915314
0.027816,5.229443,-0.970567,-26.053053,10.882557,44.209789,0.270374,0.359568,0.12331,-0.884531,3.037319,-2.30832,0.116001,1.171264,12.299188,19.887684,0.316841,-0.19951,-0.104563,-0.921339,-0.958873,-1.000378,3.626904,-0.109253,-17.731924,19.989002,0.360331,-0.233563,0.077515,-0.899774
0.74831,-1.30927,0.476148,-34.877785,15.620346,57.762737,0.274067,0.349844,0.109935,-0.889046,1.042948,0.019156,2.757426,3.663328,-6.572262,14.816276,0.344512,-0.198753,-0.106936,-0.911244,-1.686808,-0.979094,-2.251916,7.089229,-6.406246,19.926746,0.336488,-0.249842,0.083758,-0.904064
0.501237,-4.046164,0.813487,-3.627519,2.679961,26.301907,0.284008,0.314488,0.090752,-0.901217,-0.665145,0.009578,-0.524667,5.678708,-3.771971,19.999378,0.338543,-0.200102,-0.100716,-0.913891,-0.366096,0.161763,-4.085588,13.580315,14.028923,7.572628,0.297729,-0.253178,0.075561,-0.917356
-0.060814,-1.831232,1.668426,-4.192225,-2.718246,19.066011,0.300808,0.297618,0.080874,-0.902435,-0.917368,1.047205,-1.591027,1.481322,6.911617,19.965809,0.322931,-0.190482,-0.092474,-0.922428,0.307563,1.612312,-1.000378,14.506217,14.996329,6.682125,0.287582,-0.238674,0.07324,-0.92464
-0.524417,-1.194732,0.534507,-6.52762,-3.85723,22.511675,0.308044,0.284021,0.080766,-0.904384,-0.125579,2.298742,-0.018092,0.756836,14.314567,19.999378,0.324252,-0.168157,-0.085152,-0.926997,1.506953,3.608812,3.037319,0.360107,1.406249,19.999378,0.316312,-0.19689,0.076117,-0.924867
0.033543,-1.950951,-0.11781,-9.437292,0.095713,23.487947,0.308519,0.264689,0.074426,-0.910609,-0.670466,3.175669,1.256858,-0.111084,1.888427,19.705799,0.337306,-0.140402,-0.066182,-0.928507,0.839679,3.798245,0.40228,-0.194702,-0.628051,19.999378,0.318658,-0.157139,0.080608,-0.931267
0.8833,-1.863412,-0.127082,-9.667004,2.823531,19.611574,0.30681,0.24949,0.059317,-0.916567,-0.898212,3.534316,0.675788,-0.003662,1.766356,15.134879,0.344356,-0.109717,-0.044886,-0.931321,0.886506,3.193761,-1.16427,-0.404052,3.020018,17.16979,0.306453,-0.12413,0.079547,-0.940395
0.856302,-0.220348,0.377973,-6.967899,2.603391,8.489735,0.308461,0.251877,0.048913,-0.915974,-0.130901,3.254423,-0.310756,0.584716,2.939451,10.493769,0.342418,-0.078763,-0.033512,-0.935637,1.047205,2.825537,-1.040819,-0.619506,0.552978,7.301021,0.295659,-0.093834,0.076259,-0.947606
0.852484,-0.245437,0.529871,-4.37408,2.249253,2.268396,0.311357,0.254209,0.038442,-0.914849,0.758798,3.336369,-1.134472,1.395263,3.551023,7.147823,0.333133,-0.044185,-0.031361,-0.941318,0.773697,2.880877,0.547015,1.295776,1.298827,2.633055,0.299132,-0.064142,0.076218,-0.948993
0.708495,-2.787618,1.532345,-2.086541,-0.258425,-9.667004,0.324279,0.233251,0.019845,-0.916534,0.692815,3.184183,-0.757733,3.673704,4.84802,3.89343,0.327038,-0.012178,-0.029518,-0.944467,0.45762,2.869171,1.770883,3.176268,-0.310058,-0.41748,0.313685,-0.036128,0.08117,-0.945357
0.206985,-3.568926,1.593704,-1.014557,1.923829,-14.452649,0.338804,0.203314,0.002434,-0.918619,0.178791,2.08696,0.54808,2.610472,-1.258544,0.616455,0.332839,0.005972,-0.024052,-0.942654,0.425693,2.351954,1.311134,0.922851,-4.117429,-1.617431,0.324132,-0.0125,0.086657,-0.941947
