-0.031361,-0.149444,-0.039270,-2.775674,-0.038285,8.767303,0.876824,-0.077423,0.141737,0.452865,0.014899,-0.470391,-0.012771,0.921630,-0.296631,9.097896,0.870747,0.018893,-0.065978,0.486910,0.121322,-0.171341,-0.074496,0.046387,1.354369,9.631342,0.881113,0.038945,0.051067,0.468516
-0.023726,-0.159261,0.014181,-2.813959,0.019143,8.738588,0.877107,-0.075173,0.139402,0.453421,-0.018092,-0.342683,0.002128,0.108643,-0.356445,9.028926,0.870796,0.019498,-0.067670,0.486566,0.096845,-0.085139,0.125579,-0.424804,1.254882,9.593500,0.880627,0.040553,0.050683,0.469335
-0.013363,-0.150535,0.068995,-2.794817,0.028714,8.681161,0.877049,-0.072602,0.137733,0.454461,-0.056404,-0.186241,0.047890,-0.297241,-0.599365,8.902583,0.870678,0.018677,-0.068201,0.486735,0.076625,-0.023413,0.295857,-0.775146,1.077880,9.617304,0.879348,0.041090,0.051123,0.471633
-0.001636,-0.137990,0.129263,-2.651248,-0.114855,8.508878,0.876935,-0.072405,0.134769,0.455600,-0.101102,-0.028734,0.046826,-0.532226,-0.902099,8.778071,0.870638,0.016490,-0.067711,0.486954,0.080882,-0.048955,0.312884,-0.816650,0.779419,9.701532,0.878040,0.041264,0.051116,0.474049
0.034634,-0.106083,0.200713,-2.708675,-0.239282,8.489735,0.876303,-0.073163,0.133363,0.457106,-0.152185,0.116001,0.053212,-0.288086,-1.303710,8.746943,0.870631,0.012908,-0.066620,0.487226,0.097909,-0.144736,0.162828,-0.723266,0.589599,9.787592,0.877508,0.041769,0.050097,0.475097
0.066541,-0.066541,0.206440,-2.813959,-0.449851,8.595019,0.875559,-0.073917,0.132780,0.458578,-0.213911,0.208590,0.104295,0.153809,-1.632079,8.897090,0.870393,0.008201,-0.065589,0.487893,0.120258,-0.224553,0.037248,-0.564575,0.612182,9.692377,0.877596,0.042908,0.048353,0.475014
0.087266,-0.056450,0.167443,-2.880959,-0.535992,8.642876,0.874973,-0.074611,0.132481,0.459669,-0.274572,0.278829,0.119194,0.377807,-1.851195,9.049067,0.870086,0.002638,-0.064573,0.488635,0.137286,-0.211782,0.058533,-0.541992,0.711670,9.599604,0.877542,0.044268,0.046910,0.475133
0.116446,-0.066268,0.138536,-2.967100,-0.545564,8.700303,0.874517,-0.075061,0.132442,0.460475,-0.296921,0.368224,0.119194,0.454101,-1.938475,9.255976,0.869807,-0.003502,-0.062997,0.489332,0.167084,-0.173470,0.089396,-0.523681,0.847778,9.433588,0.877286,0.045912,0.046098,0.475530
0.149444,-0.076085,0.101993,-3.091527,-0.535992,8.690732,0.874205,-0.075190,0.132837,0.460931,-0.286279,0.457620,0.158571,0.412597,-1.663207,9.508051,0.869401,-0.009864,-0.060390,0.490296,0.187305,-0.126644,0.057469,-0.417480,0.960693,9.567255,0.877135,0.047698,0.045733,0.475668
0.185441,-0.052905,0.085630,-3.072384,-0.564706,8.595019,0.873974,-0.075142,0.133533,0.461176,-0.233067,0.477840,0.042569,0.212402,-1.276244,9.453119,0.869611,-0.015517,-0.056872,0.490197,0.195819,-0.126644,0.022349,-0.584106,0.947265,9.574579,0.877145,0.049325,0.045705,0.475485
0.217621,-0.061632,0.066541,-3.062813,-0.497707,8.604590,0.873859,-0.074788,0.134342,0.461217,-0.178791,0.490611,-0.196883,-0.050659,-0.866699,9.386591,0.871023,-0.020142,-0.052401,0.488015,0.209654,-0.116001,0.026606,-0.792236,0.924072,9.600824,0.877119,0.050818,0.046112,0.475337
0.258800,-0.054814,0.055632,-3.196811,-0.526421,8.461020,0.873771,-0.074037,0.135686,0.461112,-0.118130,0.505510,-0.224553,0.089111,-0.650634,9.173578,0.872574,-0.023786,-0.047565,0.485571,0.230938,-0.100038,0.087267,-1.035156,0.947265,9.682001,0.876777,0.052343,0.047002,0.475715
0.334067,-0.003818,0.068177,-3.235096,-0.602991,8.327023,0.873621,-0.072870,0.137765,0.460966,-0.086203,0.523602,-0.152185,-0.065308,-1.007079,9.266352,0.873685,-0.027816,-0.042667,0.483811,0.286279,-0.183048,-0.031927,-0.855102,1.077270,9.535517,0.877009,0.054895,0.047396,0.474960
0.375791,0.016362,0.087812,-3.330809,-0.545564,8.623733,0.873381,-0.071404,0.140223,0.460908,-0.041505,0.491675,-0.039377,-0.115967,-0.770874,10.089716,0.874239,-0.030806,-0.037586,0.483049,0.301178,-0.190498,-0.097909,-0.706176,1.026000,9.562983,0.877554,0.057504,0.047561,0.473628
0.386972,0.050724,0.072268,-3.704089,-0.401994,8.958728,0.873094,-0.069794,0.143484,0.460694,0.056404,0.488483,0.127708,0.381470,-0.660400,10.399164,0.874020,-0.032244,-0.032778,0.483702,0.300114,-0.151121,-0.083010,-0.833740,0.925903,9.701532,0.878004,0.059666,0.048099,0.472469
0.381791,0.096539,0.061632,-3.924229,-0.133998,8.968299,0.872711,-0.068091,0.147523,0.460399,0.183048,0.493804,0.212846,0.549316,-0.737304,10.778193,0.873407,-0.032535,-0.027744,0.485102,0.300114,-0.139414,-0.032991,-1.118163,1.001586,9.860224,0.878193,0.061756,0.049025,0.471754
0.358883,0.131991,0.076631,-3.627519,0.593420,8.997013,0.872082,-0.065122,0.152255,0.460480,0.282022,0.336297,0.188369,1.122436,-0.911254,10.554193,0.872845,-0.031145,-0.024526,0.486376,0.304370,-0.189433,0.034055,-1.099243,1.405028,9.732050,0.878044,0.064593,0.049761,0.471574
0.307887,0.096539,0.101993,-3.531806,1.186840,8.853444,0.871376,-0.061572,0.156145,0.461002,0.338426,0.246902,-0.211782,0.665893,-1.022949,10.332636,0.874220,-0.029204,-0.021724,0.484155,0.289471,-0.212846,0.095781,-0.780029,1.820678,9.498285,0.877566,0.068154,0.050139,0.471923
0.247891,0.137445,0.115628,-3.225525,1.694118,8.518449,0.870538,-0.058309,0.159754,0.461773,0.352261,0.153249,-0.533180,-0.140381,-0.969238,9.745478,0.877063,-0.027379,-0.018696,0.479222,0.277765,-0.254352,0.077689,-0.721435,2.251586,9.356073,0.877139,0.072296,0.050214,0.472092
0.223620,0.124082,0.172624,-3.081956,1.808974,8.212168,0.869433,-0.055045,0.163083,0.463090,0.285214,0.317141,-0.523602,-0.154419,-0.617065,9.639887,0.879792,-0.026460,-0.014312,0.474397,0.269251,-0.309692,-0.026606,-0.464477,2.575682,9.217524,0.877183,0.076976,0.049673,0.471327
0.211621,0.186805,0.146171,-2.947958,1.770689,8.489735,0.868366,-0.052039,0.166581,0.464193,0.164956,0.328848,-0.362903,0.095825,0.112915,9.843134,0.881661,-0.025451,-0.010337,0.471075,0.253287,-0.309692,-0.131965,0.209961,2.658080,9.259027,0.877677,0.081827,0.048422,0.469718
0.181351,0.172079,0.106901,-2.641676,1.875973,8.786445,0.867565,-0.049132,0.169201,0.465058,0.055340,0.187305,0.119194,-0.203247,1.046142,10.771479,0.881165,-0.024473,-0.007496,0.472107,0.226682,-0.315013,-0.174534,1.047973,2.591551,9.583124,0.878353,0.086487,0.046159,0.467844
0.152171,0.227438,0.037634,-2.880959,2.469393,9.408579,0.866931,-0.046880,0.172303,0.465334,0.225617,0.017028,0.337362,0.873413,1.830443,10.048212,0.879664,-0.020747,-0.006020,0.475096,0.210718,-0.393766,-0.241581,1.607665,2.664793,10.276484,0.879355,0.091246,0.042857,0.465364
0.161988,0.185987,0.076904,-2.699104,2.612962,9.647861,0.866217,-0.044250,0.174848,0.465971,0.318205,-0.045762,0.241581,0.848388,1.832274,9.757685,0.878615,-0.015909,-0.004678,0.477235,0.181984,-0.524667,-0.318205,1.938475,3.167112,10.635370,0.880723,0.096478,0.038477,0.462093
0.211348,0.052905,0.099266,-2.354537,2.593820,9.619147,0.865694,-0.040548,0.176154,0.466788,0.305435,-0.102166,0.222425,0.720825,1.334228,9.589228,0.877632,-0.011008,-0.003994,0.479184,0.154314,-0.661953,-0.346940,2.814329,3.770139,10.433344,0.882217,0.102231,0.032796,0.458430
0.265617,-0.038997,0.062723,-2.210968,2.421536,9.418150,0.865538,-0.036040,0.176728,0.467231,0.290535,-0.152185,0.237324,0.519409,1.483153,9.607538,0.876551,-0.006041,-0.003591,0.481249,0.144736,-0.743898,-0.320334,3.664549,3.524168,9.949335,0.883548,0.108167,0.026072,0.454923
0.304887,-0.106629,-0.047724,-2.258825,2.344966,9.303294,0.866009,-0.031070,0.176853,0.466666,0.287343,-0.085139,0.102166,0.050659,1.340942,9.629511,0.876112,-0.001668,-0.002210,0.482091,0.128772,-0.715164,-0.224553,3.572386,2.937010,9.591669,0.884380,0.113672,0.019274,0.452296
0.346066,-0.123537,-0.104447,-2.335395,2.354537,8.939586,0.866725,-0.025727,0.177205,0.465528,0.259673,-0.124515,-0.096845,0.169678,1.155395,9.583735,0.876626,0.002609,-0.001490,0.481154,0.050019,-0.594906,-0.157506,2.916258,2.477416,8.973384,0.884913,0.117813,0.013100,0.450410
0.378246,-0.109901,-0.074995,-2.124826,2.402394,8.537591,0.867261,-0.020118,0.177808,0.464574,0.225617,-0.128772,-0.352261,0.385132,0.690307,9.328608,0.878362,0.006383,-0.001489,0.477943,-0.031927,-0.565107,-0.348004,2.176512,2.220458,8.691401,0.886350,0.120911,0.007187,0.446884
0.382882,-0.098993,-0.089994,-1.981257,2.459822,8.126026,0.867809,-0.014538,0.178570,0.463465,0.150057,-0.064918,-0.464005,-0.012207,0.661010,9.445795,0.880601,0.008779,-0.000715,0.473768,-0.113873,-0.465070,-0.340554,1.232299,2.383421,8.782344,0.887818,0.122711,0.002757,0.443515
0.345793,-0.048815,-0.119173,-2.201397,2.622534,7.771888,0.868292,-0.009583,0.180050,0.462114,0.139414,-0.056404,-0.402280,0.325928,0.952758,9.445185,0.882493,0.011495,-0.000254,0.470176,-0.179855,-0.358646,-0.166020,0.484009,2.723997,8.779292,0.888651,0.123302,-0.000026,0.441688
0.282525,0.061905,-0.182169,-2.565106,2.632105,7.446464,0.868759,-0.006004,0.182750,0.460234,0.180920,-0.111744,-0.337362,0.749511,1.271362,9.205317,0.884033,0.015146,-0.000422,0.467171,-0.195819,-0.316077,-0.159635,0.237427,2.656859,8.406367,0.889502,0.123435,-0.002238,0.439928
0.217348,0.133081,-0.236438,-2.766103,2.517249,7.015756,0.869280,-0.003694,0.186129,0.457915,0.193690,-0.267122,-0.106423,1.407470,1.525878,9.450068,0.884458,0.019727,-0.002355,0.466188,-0.189433,-0.256480,-0.318205,0.905151,2.644652,7.919307,0.890930,0.123920,-0.004402,0.436877
0.139081,0.187077,-0.280616,-2.976671,2.517249,6.680761,0.869861,-0.002669,0.189849,0.455284,0.273508,-0.531052,0.005321,2.025756,1.597289,9.201044,0.884307,0.026211,-0.006578,0.466115,-0.150057,-0.277765,-0.550208,1.158447,2.597655,7.914424,0.893265,0.124935,-0.006591,0.431761
0.083721,0.270253,-0.302978,-3.196811,2.354537,6.326623,0.870356,-0.002912,0.194239,0.452476,0.380995,-0.771568,0.012771,2.822874,1.980590,8.353267,0.883994,0.034917,-0.012599,0.466013,-0.051083,-0.688558,-0.734320,-0.179443,2.988890,7.285762,0.896428,0.128328,-0.010252,0.424070
0.060541,0.286343,-0.287979,-3.359523,2.239682,5.982057,0.870730,-0.003656,0.198747,0.449786,0.485290,-1.006764,0.106423,2.804564,1.996459,7.784420,0.883055,0.045637,-0.020213,0.466598,0.005321,-0.523602,-0.835422,-1.800536,2.186278,7.034908,0.900044,0.130237,-0.011924,0.415701
0.074176,0.304887,-0.200167,-3.244668,1.569692,5.139783,0.870688,-0.004851,0.203552,0.447702,0.564043,-1.430328,0.402280,3.022459,1.623534,7.445674,0.880396,0.058792,-0.031577,0.469510,-0.048955,-0.333105,-0.365032,-0.578613,1.453246,7.113643,0.901804,0.130206,-0.012976,0.411847
0.090266,0.324522,-0.064632,-2.555535,1.110270,4.345366,0.869999,-0.005945,0.208573,0.446716,0.661953,-1.799617,0.451235,3.494871,2.078856,7.501827,0.876996,0.074580,-0.045618,0.472469,-0.036184,-0.455491,-0.150057,1.331176,0.878295,6.730343,0.902407,0.130700,-0.018689,0.410148
0.068450,0.232347,0.097357,-1.569692,1.617548,4.249653,0.868804,-0.004309,0.211430,0.447716,0.638539,-2.167841,0.202204,0.519409,0.974731,6.840206,0.874512,0.090547,-0.059779,0.472703,-0.022349,-0.683237,0.142607,1.078491,1.538085,5.712277,0.901440,0.135044,-0.025862,0.410478
0.037634,0.130900,0.245982,-1.339981,2.172683,4.067799,0.867155,-0.002148,0.213181,0.450091,0.720485,-1.701708,0.906726,2.911986,2.821654,5.633542,0.868215,0.106239,-0.072399,0.479235,0.017028,-0.900341,0.063854,1.846312,2.223510,4.765012,0.900617,0.140673,-0.034622,0.409747
-0.008727,0.126809,0.242710,-1.646262,2.029114,4.316652,0.865479,-0.000452,0.214899,0.452499,0.641732,-1.434585,0.785403,0.558471,3.488768,6.392208,0.862691,0.119418,-0.081121,0.484680,0.043634,-0.993993,-0.190498,1.618651,3.114622,4.749143,0.900733,0.147099,-0.042956,0.406433
-0.111810,0.104720,0.359156,-2.431108,1.674976,4.536792,0.863219,-0.000330,0.216949,0.455827,0.890763,-1.629340,1.514403,1.513061,3.080443,8.743892,0.852851,0.134933,-0.091069,0.496121,0.073432,-1.162142,-0.053212,3.840330,2.633055,6.295162,0.899965,0.153884,-0.054344,0.404253
-0.264799,0.111265,0.512418,-2.641676,1.674976,5.714060,0.860219,-0.001039,0.218260,0.460842,0.754541,-1.925196,1.687873,1.352538,0.158081,7.565914,0.841623,0.147510,-0.105546,0.508687,0.042569,-1.414365,0.386316,5.606076,2.277831,8.251338,0.897147,0.160608,-0.069203,0.405629
-0.432514,0.022362,0.532598,-2.603391,1.359123,6.719046,0.858054,-0.003845,0.214666,0.466518,0.608741,-1.435650,1.444163,2.966307,-1.500243,7.479244,0.831569,0.156869,-0.117884,0.519596,0.001064,-1.729378,0.619383,4.271238,2.982786,9.331659,0.892924,0.168478,-0.087025,0.408313
-0.522508,-0.020726,0.346611,-2.651248,0.870987,7.704889,0.856839,-0.008428,0.210475,0.470581,0.568300,-1.815580,0.991865,3.109740,-0.349731,7.410884,0.823051,0.168363,-0.132858,0.525909,0.109616,-1.841122,0.987608,0.804443,3.225096,7.601314,0.887156,0.176633,-0.102786,0.413740
-0.514599,-0.059450,0.102811,-3.369094,-0.181855,9.284152,0.856782,-0.013862,0.206405,0.472356,0.671531,-1.641046,0.453363,4.650266,0.914916,9.464106,0.817456,0.181588,-0.144673,0.527118,-0.046826,-1.459063,1.970958,5.160520,-0.325928,9.660639,0.876995,0.179254,-0.120765,0.429133
-0.509691,-0.226620,-0.023726,-3.617948,-0.526421,11.227124,0.857643,-0.018545,0.200712,0.473087,0.843936,-1.820902,0.297985,4.946286,1.732177,11.746209,0.812342,0.196851,-0.155203,0.526550,-0.158571,-1.362217,2.245530,5.012204,1.335449,11.421502,0.865372,0.180102,-0.138099,0.446783
-0.479966,-0.464421,0.129809,-2.928815,0.401994,14.012369,0.858206,-0.020526,0.192672,0.475321,0.740706,-1.580385,0.460813,4.318845,0.913085,11.025994,0.806581,0.208676,-0.164621,0.527989,-0.240517,-1.303685,1.363282,5.338742,-0.166016,12.458489,0.857617,0.180362,-0.153565,0.456479
-0.297251,-0.782398,0.353156,-3.378666,2.421536,15.180067,0.858141,-0.017736,0.183005,0.479353,0.704522,-1.366474,0.402280,4.301755,1.618651,10.138544,0.801544,0.219623,-0.171738,0.528953,-0.303306,-1.247280,0.831165,5.021970,-0.933837,12.652580,0.852324,0.180352,-0.167508,0.461465
-0.059723,-0.434969,0.283071,-5.139783,3.589234,15.553348,0.857346,-0.013714,0.179397,0.482263,0.466134,-1.052526,0.294792,4.570920,1.206664,10.258173,0.797881,0.226713,-0.177748,0.529513,-0.184112,-1.274950,0.077689,5.276486,0.806884,12.431634,0.850121,0.183008,-0.179049,0.460148
0.004363,-0.201531,0.211076,-5.761917,2.775674,13.935799,0.856381,-0.012324,0.179575,0.483947,0.284150,-0.765183,0.141543,4.593503,1.071166,12.634880,0.795776,0.231097,-0.181849,0.529394,-0.071304,-0.978030,-0.423564,4.544065,1.871947,12.257073,0.850680,0.186780,-0.185362,0.455070
-0.125718,-0.425424,0.149171,-5.321638,1.550549,14.778072,0.856613,-0.013000,0.174951,0.485210,0.158571,-0.567236,0.101102,6.519772,2.909544,15.829459,0.794676,0.233959,-0.184438,0.528892,0.008514,-0.586392,-0.315013,4.984128,4.163206,13.363029,0.851266,0.190493,-0.187901,0.451380
-0.246528,-0.233983,0.077722,-5.503492,1.521835,15.735202,0.856822,-0.015754,0.171306,0.486058,0.144736,-0.356518,0.151121,6.965939,3.431395,16.654043,0.793732,0.235653,-0.185429,0.529211,-0.147928,-0.083010,0.277765,4.926145,4.423215,16.115103,0.850486,0.188977,-0.187870,0.453494
-0.191714,0.155716,0.019635,-6.747760,2.967100,16.979469,0.856152,-0.018405,0.173554,0.486349,0.062790,-0.024477,0.116001,6.281124,2.095946,15.707999,0.793671,0.234546,-0.184520,0.530112,-0.290535,0.256480,0.342683,5.447384,3.505857,18.229361,0.850304,0.184045,-0.185839,0.456690
-0.064632,0.405516,0.125173,-7.695318,3.933800,18.568304,0.854491,-0.020350,0.178566,0.487378,-0.057469,0.288407,-0.051083,5.993649,2.443846,15.987539,0.795362,0.231277,-0.181206,0.530157,-0.269251,0.609805,0.052147,5.747067,3.077391,17.485952,0.851984,0.178192,-0.180212,0.458133
-0.044179,0.348793,0.340066,-7.436893,3.378666,21.516262,0.851961,-0.019937,0.181955,0.490561,-0.274572,0.769440,-0.029799,7.053829,2.166137,17.857656,0.798232,0.223471,-0.175490,0.531112,-0.202204,1.012085,-0.134093,5.848385,3.515623,16.616812,0.854977,0.171833,-0.170474,0.458713
-0.093539,-0.290979,0.682587,-3.761517,3.282953,26.426332,0.849328,-0.017346,0.177432,0.496840,-0.549144,1.228124,0.011707,9.569086,0.426025,16.936636,0.801717,0.210876,-0.169418,0.532983,-0.103231,1.878370,-0.189433,7.423702,4.285886,14.371329,0.858931,0.163720,-0.153926,0.460143
-0.000545,-0.887118,0.848121,-0.823131,2.622534,31.135408,0.846853,-0.010857,0.168256,0.504384,-1.018470,1.834737,-0.240517,11.031487,-1.779784,16.404409,0.807949,0.192175,-0.161045,0.533239,0.029799,2.825537,-0.129836,9.685663,4.380491,14.059441,0.863157,0.152326,-0.129790,0.463578
0.333522,-0.898299,0.500146,-0.153141,4.957929,32.303104,0.845983,-0.001688,0.160748,0.508392,-1.703836,2.591406,-0.986543,9.698481,-1.990966,18.367908,0.820187,0.164595,-0.148319,0.527442,0.431014,3.484297,0.169213,6.676632,5.657956,19.999378,0.865594,0.140396,-0.096832,0.470798
0.656407,-0.592594,0.212985,-1.895115,6.068198,26.158337,0.845873,0.008672,0.157792,0.509428,-2.469019,3.361910,-1.613376,4.334714,0.591430,19.999378,0.837264,0.127269,-0.129888,0.515667,1.463320,4.444234,-0.318205,3.313597,6.020504,19.949329,0.868358,0.132762,-0.049398,0.475270
0.486238,0.512145,0.521963,-4.843073,3.129812,19.381863,0.842628,0.010469,0.162741,0.513201,-2.867042,4.117515,-1.909233,0.845947,4.075315,19.999378,0.855182,0.084051,-0.105688,0.500422,1.609119,5.298813,-0.627897,0.950317,7.202754,19.999378,0.870397,0.122154,0.006660,0.476902
-0.319613,0.313614,0.784035,2.612962,-2.967100,6.805188,0.838375,0.007028,0.161833,0.520461,-2.105052,5.006149,-1.883691,-1.701659,8.425899,19.998768,0.870382,0.043513,-0.069838,0.485445,1.338804,5.576578,-0.152185,-1.453246,1.508178,19.885242,0.867709,0.105378,0.062328,0.481751
0.088903,-0.236165,-1.032471,-2.565106,0.296710,4.929214,0.844105,0.005615,0.161317,0.511297,-0.696008,5.659588,-0.839679,3.121336,10.162958,9.227900,0.877330,0.012416,-0.022864,0.479174,0.325655,5.704286,-1.311134,5.161740,-2.660521,8.941035,0.868773,0.079319,0.112708,0.475638
-0.221984,-1.400899,-0.650135,-13.208381,1.244268,-23.602802,0.849411,0.009305,0.150246,0.505799,-0.532116,5.542522,-1.112123,6.277462,4.725949,-6.110837,0.882630,-0.016728,0.022447,0.469226,-0.845001,5.211546,-0.420372,0.435180,-2.608641,-3.304441,0.864591,0.045024,0.153242,0.476406
-0.875664,-0.353702,0.464421,-7.312466,-0.430708,-1.359123,0.847522,0.003286,0.144383,0.510726,-1.368603,0.943974,4.817780,14.541007,-4.372556,19.765003,0.858531,-0.031671,0.023187,0.511249,0.928011,-0.818395,-1.211096,15.317985,0.331421,19.382923,0.871200,0.055680,0.149302,0.464339
0.083449,1.144827,0.255254,-8.853444,-0.717847,-1.033699,0.844380,-0.002617,0.156063,0.512496,-0.023413,-1.812388,1.175977,10.078119,-4.904782,4.718625,0.852778,-0.022113,0.005892,0.521763,0.335233,-3.712043,-4.211168,6.682735,2.966917,-1.098632,0.894589,0.071049,0.119554,0.424690
-0.522235,-0.010636,0.317432,-2.182254,-3.627519,2.287539,0.842932,-0.008419,0.152967,0.515739,0.387381,-1.012085,-0.287343,-7.213741,-2.628172,1.580199,0.854341,-0.015103,0.000470,0.519486,-0.001064,-0.841808,0.904598,-3.571165,1.989135,-2.718504,0.891520,0.075931,0.113299,0.431950
-0.483511,0.436060,0.680406,-1.856830,-2.785246,4.067799,0.838893,-0.015565,0.153565,0.521943,0.420372,-1.341997,-4.907176,-0.526123,-1.065063,-2.031859,0.878748,-0.006548,-0.009703,0.477133,-0.297985,0.095781,5.089159,-2.514647,0.966796,-1.735839,0.868413,0.078519,0.110813,0.476871
-0.184896,1.635428,-0.445604,-1.598405,-0.315853,-0.153141,0.838422,-0.027658,0.167622,0.517859,0.533180,-1.820902,-1.736827,1.191406,-1.357421,-2.758787,0.886567,0.006285,-0.025134,0.461866,-0.216039,-0.633218,3.169284,-0.185547,-0.617065,-0.090942,0.853977,0.081234,0.101425,0.503814
0.033543,1.304361,-0.657498,2.584249,1.244268,-1.311267,0.839584,-0.033498,0.177793,0.512208,0.328848,-1.381374,-0.135158,-1.638183,6.601559,-4.965207,0.886772,0.017156,-0.034580,0.460584,-0.004257,-1.256858,0.284150,-1.024780,-5.798947,-1.361083,0.854007,0.085989,0.089844,0.505171
0.067632,0.120264,-0.325886,2.813959,1.244268,-0.076570,0.841129,-0.032548,0.178037,0.509644,0.160699,-0.301178,-0.653439,-3.503416,3.123167,0.138550,0.889700,0.020686,-0.034465,0.454763,0.064918,-0.361839,-1.449484,-1.835326,-3.983152,-0.590210,0.861741,0.085127,0.088194,0.492310
0.175896,-0.287707,-0.290706,0.890130,1.493121,-0.229711,0.843018,-0.028170,0.176543,0.507298,0.218168,-0.120258,0.934396,-1.215820,0.016479,2.006835,0.885397,0.021952,-0.032957,0.463137,-0.055340,-0.317141,-2.334926,-3.432005,-2.831419,1.735229,0.873520,0.082242,0.087710,0.471696
0.209440,0.216257,-0.371428,0.564706,0.143569,-0.526421,0.844604,-0.026548,0.178490,0.504056,0.338426,-0.387381,0.929075,-0.718383,-1.300658,-0.001831,0.880857,0.024439,-0.034979,0.471446,-0.097909,-0.587456,-1.863471,-1.450805,-0.570068,0.683593,0.882882,0.080870,0.084750,0.454740
0.154080,1.006291,-0.557142,-0.488136,-0.124427,0.669990,0.845621,-0.033178,0.188152,0.498412,0.212846,-0.194755,1.266437,0.808715,-1.649779,-2.062377,0.874624,0.025765,-0.037713,0.482638,0.140479,-0.877992,-1.750662,0.808715,0.964355,-1.264648,0.891078,0.086575,0.078931,0.438459
0.035997,0.833122,-0.462512,-0.574277,-0.526421,-0.277567,0.846309,-0.039702,0.195936,0.493747,-0.037248,0.040441,1.401594,1.237792,-1.054687,-1.647948,0.867708,0.024432,-0.039871,0.494862,0.264994,-0.534245,-1.194069,1.769408,2.346190,-2.430418,0.896199,0.092296,0.076237,0.427187
-0.000273,0.334067,-0.161170,-0.363709,0.153141,-0.191426,0.846096,-0.041923,0.200548,0.492074,-0.166020,-0.002128,0.941846,1.687621,-2.575682,-0.464477,0.862960,0.021736,-0.042725,0.502985,0.051083,0.098974,-0.024477,1.430053,2.445677,-1.532592,0.895949,0.094277,0.077336,0.427080
-0.001091,-0.081540,0.116446,0.210568,0.430708,-0.354138,0.845419,-0.039487,0.200623,0.493405,-0.061725,-0.039377,0.197947,1.251830,-2.385252,-0.835571,0.861871,0.020296,-0.045133,0.504700,-0.136222,0.210718,0.737513,0.922241,1.826781,-0.329590,0.892506,0.094685,0.077920,0.434037
0.032998,-0.166079,0.232347,0.679562,0.411565,-0.756132,0.844508,-0.036085,0.199352,0.495736,0.108552,-0.136222,-0.551272,1.331786,-0.645752,-0.981445,0.864455,0.022361,-0.047627,0.499940,-0.080882,-0.436335,0.234131,0.215454,0.059814,-0.353393,0.891703,0.097793,0.072525,0.435929
0.029725,-0.058359,0.277071,0.574277,0.392423,-0.449851,0.843175,-0.033145,0.198829,0.498413,0.189433,-0.246902,-1.297299,1.837157,1.403197,-0.720825,0.870660,0.027672,-0.049318,0.488615,-0.091524,-0.439528,0.225617,0.989990,-1.117553,-0.252075,0.891229,0.098385,0.066174,0.437771
-0.012272,0.204803,0.341703,0.172283,0.277567,0.622134,0.841137,-0.032028,0.199565,0.501625,0.122387,-0.129836,-1.182362,1.876220,1.629027,-0.112915,0.876231,0.031826,-0.050192,0.478203,-0.122387,-0.195819,0.618319,1.459960,-1.480102,0.122681,0.888849,0.097928,0.061447,0.443366
-0.067086,0.125718,0.361065,-0.392423,0.086142,1.607977,0.839405,-0.032640,0.198580,0.504867,-0.013835,0.037248,-0.482097,1.699828,0.645141,0.404663,0.878466,0.033288,-0.051054,0.473893,-0.097909,0.050019,0.976965,1.455077,-0.922241,0.140381,0.884579,0.097227,0.058548,0.452361
-0.114810,-0.362156,0.305160,-0.392423,-0.401994,1.205983,0.838872,-0.032692,0.193889,0.507566,-0.111744,0.155378,0.408665,0.469970,0.129394,0.444336,0.876547,0.032767,-0.051752,0.477394,0.011707,0.048955,0.834358,1.707763,-0.470581,0.826416,0.880718,0.097822,0.056259,0.459992
-0.094630,-0.690223,0.326431,-1.330409,-0.870987,0.086142,0.838501,-0.031143,0.188464,0.510313,-0.070239,0.110680,0.701329,0.023193,0.234985,0.499267,0.873326,0.032834,-0.050119,0.483428,0.125579,-0.220296,0.476776,2.615355,-0.416870,1.622924,0.878472,0.100596,0.052487,0.464117
0.000818,-0.493056,0.135808,-2.498107,-0.880559,-0.545564,0.838616,-0.029832,0.185611,0.511246,0.031927,0.014899,0.642796,2.180785,0.643921,1.110229,0.870109,0.034151,-0.051416,0.488971,0.262865,-0.471455,-0.052147,4.168088,-0.996704,2.960203,0.878650,0.105284,0.047650,0.463260
0.047724,-0.380973,-0.123537,-2.967100,-1.071985,-1.272982,0.839840,-0.029137,0.183915,0.509888,0.200076,-0.502318,0.529988,4.949948,0.241699,1.420287,0.867047,0.039125,-0.056666,0.493436,0.406537,-1.055719,-0.344811,4.143674,-1.280517,4.468992,0.880240,0.113528,0.038641,0.459115
0.007909,-0.470148,-0.100902,-0.995414,-0.641276,-0.823131,0.841136,-0.028453,0.181088,0.508802,0.505510,-2.411551,0.034055,5.480343,-1.127929,1.310424,0.864879,0.055953,-0.076952,0.492872,0.505510,-2.249787,-0.871606,6.718136,-1.501464,5.153195,0.884182,0.128105,0.020166,0.448772
0.078813,-0.676861,0.405516,-1.646262,1.215554,0.162712,0.839963,-0.023394,0.177776,0.512154,0.494868,-2.226374,0.808817,2.958983,-7.031857,5.496823,0.858528,0.069142,-0.095586,0.499002,0.322462,-4.609190,-0.441656,-6.317135,1.752318,2.965697,0.885952,0.150795,-0.016680,0.438251
0.199895,0.171533,-0.039815,-5.848059,-0.813560,4.173083,0.839814,-0.024164,0.181422,0.511083,-0.836487,-1.221739,-0.019156,-15.954580,-1.911010,19.999378,0.858153,0.066914,-0.108688,0.497266,0.371417,-4.580456,1.593156,14.262076,19.141224,15.682364,0.876288,0.175526,-0.058325,0.444859
-0.477784,1.553888,-1.233184,-6.805188,6.987042,30.896126,0.843068,-0.036668,0.190781,0.501483,-0.011707,-2.574378,-2.428578,17.738028,12.026361,19.985950,0.866781,0.084076,-0.129639,0.474139,2.129529,-2.691444,-1.552715,-7.302852,-7.347408,19.999378,0.877626,0.205216,-0.069106,0.427638
-1.779418,2.482185,-0.094357,-21.698116,2.689533,44.736214,0.837728,-0.066090,0.203232,0.502525,3.426828,-4.328233,0.721550,2.321166,19.999378,19.755238,0.853632,0.134638,-0.149996,0.480290,-1.370731,-0.908854,6.349210,14.475699,11.151116,19.999378,0.850387,0.193482,-0.096512,0.479672
-1.309815,2.523910,-1.749147,-22.425533,8.690732,43.539803,0.839658,-0.092384,0.218180,0.488702,2.716985,-1.477155,6.356660,6.912838,-19.999989,17.451162,0.815033,0.153313,-0.158654,0.535760,-2.771261,-1.345190,3.115008,12.074578,0.382080,19.996937,0.838362,0.172658,-0.128697,0.500768
0.122718,-3.039327,-1.000837,-2.134398,6.422336,22.750957,0.850991,-0.077050,0.191323,0.482974,0.730063,-1.927325,-0.614062,1.313476,-5.884396,9.074702,0.814029,0.168621,-0.169918,0.529191,-2.530745,-1.413301,-1.817709,4.063108,-2.276610,19.405506,0.849706,0.158808,-0.149884,0.479902
1.193914,-1.997857,2.117575,1.244268,-1.579263,17.477177,0.845417,-0.052755,0.179854,0.500131,-0.851386,-1.024856,-0.568300,4.908444,-4.125974,19.999378,0.816891,0.166104,-0.181705,0.521606,-0.628961,-1.729378,-2.970273,8.554683,14.054558,8.270869,0.861761,0.167894,-0.162393,0.450334
0.348248,0.072268,1.819506,-0.928415,-7.561319,13.533805,0.836573,-0.048004,0.181593,0.514642,0.120258,-0.135158,-1.740020,9.162593,7.268672,19.865711,0.825697,0.172107,-0.178007,0.506863,0.768376,-0.890763,-0.963130,5.366208,11.658929,6.903072,0.863178,0.181796,-0.164324,0.441433
-0.072268,0.319068,0.331340,-3.905087,-3.646662,13.380664,0.834562,-0.051069,0.182739,0.517200,0.797110,0.512960,0.173470,8.306270,9.390863,17.761221,0.824544,0.177229,-0.168745,0.510130,1.079132,0.072368,1.154692,5.504147,9.610590,13.226921,0.856266,0.190396,-0.159827,0.452774
-0.299160,1.060833,-1.342540,-7.532606,3.713661,17.333607,0.838938,-0.060402,0.190898,0.506048,0.122387,0.602356,1.231317,4.970700,-1.423339,14.092400,0.819048,0.171190,-0.165296,0.522038,0.676852,1.080196,2.321091,2.991942,1.488036,19.327991,0.846116,0.186188,-0.150522,0.476189
-0.454604,0.181623,-1.512164,-7.034899,6.422336,18.702301,0.845646,-0.066195,0.189913,0.494394,-0.153249,0.614062,0.772633,3.745115,-0.469970,12.368157,0.816525,0.163591,-0.161846,0.529454,0.102166,1.333483,1.290914,3.636472,-2.301634,18.853138,0.841786,0.176856,-0.140725,0.490211
-0.086721,-0.459785,-0.561232,-4.393222,3.857230,13.007384,0.849071,-0.063794,0.185556,0.490478,-0.702393,0.788596,0.691751,2.632445,-2.267455,8.965449,0.815328,0.150598,-0.160537,0.535519,-0.005321,1.282400,-0.997186,1.802977,-2.966307,13.649284,0.848557,0.169984,-0.127945,0.484435
0.278980,0.218166,0.032452,-4.421936,0.574277,10.049855,0.848610,-0.064208,0.189487,0.489719,-0.847129,1.288785,-0.139414,1.665648,-2.960203,9.337763,0.819467,0.135024,-0.154379,0.535164,0.124515,0.552337,-2.522231,1.858519,-0.417480,10.352167,0.861218,0.169667,-0.117782,0.464365
0.341430,-0.086448,0.568050,-2.679961,-1.311267,7.398608,0.846509,-0.061284,0.189533,0.493697,-0.495932,1.664459,-1.059976,0.858764,-2.084960,11.105950,0.828478,0.121800,-0.141300,0.528029,0.112809,0.622576,-2.387073,2.969969,2.310790,7.340084,0.872399,0.171482,-0.107323,0.444958
0.157625,-0.454331,0.612502,-1.895115,-1.914258,5.245067,0.844713,-0.058125,0.185707,0.498584,-0.267122,1.630404,-1.697451,1.196899,0.828857,10.325312,0.840263,0.112455,-0.125378,0.515348,0.050019,1.024856,-0.985479,4.104002,3.645628,5.472409,0.877387,0.169960,-0.096759,0.438104
0.003272,0.053451,-0.075813,-2.230111,-1.081556,3.493521,0.845088,-0.060458,0.186081,0.497530,-0.489547,1.558036,-1.527174,0.950317,2.842406,7.628170,0.850685,0.102993,-0.111277,0.503326,-0.189433,1.354768,0.042569,4.786374,1.994017,7.372432,0.878400,0.163303,-0.087354,0.440575
-0.003818,0.472602,-0.745856,-2.813959,-0.267996,3.713661,0.847742,-0.065812,0.190608,0.490573,-0.548080,1.537816,-1.006764,0.309448,2.089232,5.344235,0.858103,0.092452,-0.098089,0.495461,-0.371417,1.170656,0.092588,5.097043,0.402832,10.018915,0.879342,0.154173,-0.080716,0.443243
0.092175,0.511872,-0.780217,-3.024528,-0.267996,4.278367,0.850474,-0.070641,0.195830,0.483058,-0.436335,1.727249,-1.368603,0.102539,0.169678,4.307249,0.866977,0.080355,-0.082572,0.484838,-0.328848,0.711971,-0.618319,5.244748,-0.785522,10.645746,0.882974,0.147670,-0.076683,0.438932
0.205349,0.440968,-0.585776,-3.081956,-0.296710,4.441079,0.852422,-0.073814,0.201047,0.476970,-0.382059,1.531430,-1.250473,1.333617,2.996214,6.015622,0.874493,0.072350,-0.069128,0.474594,-0.175598,0.487418,-1.099352,4.642941,0.595703,7.574459,0.888097,0.144956,-0.073464,0.429960
0.349611,0.326704,-0.419697,-3.110669,0.689133,4.565506,0.853622,-0.073523,0.206968,0.472313,-0.129836,1.314327,-1.071682,3.278807,5.361325,11.466668,0.880450,0.067611,-0.056919,0.465820,-0.003193,-0.238388,-1.378181,0.881958,2.365111,5.518185,0.893842,0.148148,-0.072025,0.417017
0.403062,0.506145,-0.157625,-2.593820,2.134398,5.551349,0.853323,-0.071075,0.213982,0.470096,0.195819,0.970580,0.471455,3.026732,2.626341,9.643549,0.878541,0.066497,-0.048038,0.470560,0.235195,-0.604484,-1.724056,0.596923,2.910765,5.350339,0.900152,0.155221,-0.072349,0.400488
0.375246,0.671952,-0.163079,-2.392823,2.402394,5.943771,0.852693,-0.069500,0.221869,0.467813,0.227746,0.855643,0.769440,4.258420,-2.506102,6.208493,0.875004,0.063628,-0.041893,0.478075,0.124515,-0.312884,-1.449484,1.043701,3.686521,5.888058,0.905412,0.160144,-0.071185,0.386663
0.403880,0.795761,-0.401426,-3.196811,2.526821,6.652047,0.852769,-0.068898,0.231059,0.463294,-0.121322,0.652375,-0.247966,3.316648,-0.914306,6.615597,0.876393,0.059497,-0.038594,0.476337,-0.028734,-0.290535,-1.088710,0.299682,3.312986,6.013180,0.909498,0.162764,-0.070480,0.375959
0.365156,0.823305,-0.589594,-3.550949,2.344966,7.905886,0.853629,-0.069045,0.239664,0.457277,-0.415051,0.308627,-1.407979,1.592406,1.242065,8.203731,0.883282,0.056871,-0.037394,0.463866,-0.145800,-0.028734,-0.368224,0.349121,2.873533,6.143185,0.911232,0.162551,-0.068868,0.372131
0.342248,0.709585,-0.507509,-3.503092,1.741975,8.662018,0.854568,-0.068925,0.246133,0.452076,-0.452299,0.199011,-1.384566,2.020262,2.564085,9.448847,0.889885,0.054446,-0.036827,0.451415,-0.177727,0.470391,0.108552,1.304931,1.553954,7.515254,0.911750,0.157616,-0.064288,0.373801
0.370337,0.571323,-0.395153,-3.311666,1.397408,9.418150,0.855479,-0.068226,0.251043,0.447739,-0.272444,0.201140,-0.773697,1.511840,3.411253,9.852900,0.893496,0.053072,-0.035247,0.444520,-0.163892,0.648118,0.134093,0.936279,0.904540,7.644649,0.911812,0.152165,-0.058503,0.376847
0.334612,0.244892,-0.429515,-3.110669,1.598405,9.446864,0.857284,-0.066380,0.253025,0.443427,-0.122387,0.186241,-0.373546,1.449584,2.719725,9.897455,0.895178,0.052882,-0.033428,0.441287,-0.184112,0.893955,0.073432,0.619506,1.362304,7.937617,0.912221,0.145979,-0.049948,0.379526
0.326431,-0.000545,-0.457604,-3.168097,1.923829,8.575876,0.859687,-0.063223,0.253181,0.439126,-0.120258,0.119194,-0.051083,1.524047,1.541747,8.964839,0.895358,0.052663,-0.032949,0.440985,-0.041505,1.099352,-0.496997,-0.009766,3.452147,8.251948,0.914539,0.142240,-0.037660,0.376776
0.353429,0.044724,-0.470421,-3.034099,2.076970,7.944171,0.861943,-0.059890,0.254070,0.434635,-0.155378,0.075561,-0.031927,2.041625,0.948486,9.149165,0.895444,0.051913,-0.033920,0.440825,0.026606,1.343061,-1.160013,0.767822,5.751339,8.250117,0.919008,0.139286,-0.022616,0.368108
0.345521,0.184896,-0.473148,-2.900101,2.115255,7.628319,0.863797,-0.057205,0.256182,0.430052,-0.211782,0.119194,-0.306499,2.042845,0.700073,9.107661,0.896799,0.050344,-0.034785,0.438177,-0.062790,1.672973,-1.302620,4.616086,6.255489,8.269649,0.923729,0.134478,-0.006150,0.358600
0.270253,0.169897,-0.510509,-3.005385,2.182254,7.695318,0.865762,-0.055180,0.257850,0.425342,-0.304370,0.063854,-0.499125,2.007445,1.243285,9.265741,0.899028,0.048780,-0.036016,0.433664,-0.177727,1.235574,-0.908854,5.302732,4.683225,7.799068,0.926869,0.129858,0.004780,0.352164
0.197713,0.186259,-0.642772,-3.235096,1.828117,7.838887,0.868248,-0.054348,0.259024,0.419629,-0.342683,0.009578,-0.615126,2.343749,1.973876,9.251093,0.901742,0.047510,-0.037608,0.427997,-0.385252,1.155756,-0.155378,4.038084,3.348387,7.517696,0.927475,0.123427,0.013093,0.352670
0.160625,0.115901,-0.820577,-3.972085,1.024128,7.647461,0.871855,-0.055050,0.258611,0.412250,-0.310756,-0.100038,-0.614062,1.685790,1.814574,9.093623,0.904376,0.046990,-0.039597,0.422279,-0.284150,1.219610,-0.123451,2.058104,2.080687,9.882807,0.927698,0.116733,0.022229,0.353903
0.145353,0.142899,-1.031926,-4.469793,0.354138,8.461020,0.876213,-0.058262,0.258493,0.402529,-0.227746,-0.325655,-0.623640,1.115112,0.482788,9.569696,0.906902,0.046563,-0.043291,0.416509,0.155378,1.288785,-0.413986,-0.017700,1.822509,13.246452,0.928431,0.112199,0.035319,0.352380
0.153262,0.161170,-1.043925,-4.881358,0.976272,9.513863,0.880488,-0.060054,0.258196,0.393015,-0.185176,-0.282022,-0.893955,1.334228,0.032349,9.368891,0.910497,0.045841,-0.046985,0.408263,0.001064,1.455870,0.385252,0.553589,2.066039,12.443841,0.926217,0.106480,0.047616,0.358481
0.270799,0.187896,-0.662407,-5.101498,2.115255,9.102298,0.882531,-0.058237,0.260942,0.386845,-0.245838,-0.008514,-0.950360,1.347045,0.291748,9.542231,0.914409,0.043935,-0.048115,0.399504,-0.129836,1.223867,1.210032,0.482788,1.290282,9.758905,0.921204,0.100530,0.055921,0.371673
0.355611,0.077994,-0.323159,-4.689932,1.684547,8.269595,0.883581,-0.054344,0.263135,0.383513,-0.355454,0.135158,-1.004635,1.032714,0.798339,9.882807,0.918593,0.041223,-0.047132,0.390204,0.153249,0.251159,-0.456556,2.216796,1.134643,9.682611,0.922569,0.100720,0.057342,0.368002
0.348520,-0.127900,-0.286070,-4.421936,0.660419,7.905886,0.885668,-0.052469,0.261649,0.379960,-0.388445,0.071304,-0.899276,0.848999,0.776977,10.441278,0.922225,0.038167,-0.046591,0.381924,0.245838,-0.166020,-1.779397,-0.015259,-0.166626,9.042354,0.928963,0.100845,0.057551,0.351479
0.265617,-0.179442,-0.442877,-4.622933,0.162712,7.532606,0.888135,-0.052497,0.260534,0.374932,-0.320334,-0.093652,-0.688558,0.849609,0.183716,10.574945,0.924828,0.035228,-0.047813,0.375710,-0.111744,0.401216,-0.917368,-3.455198,1.068115,9.203485,0.932048,0.096639,0.063316,0.343410
0.172351,-0.052087,-0.599957,-5.072784,0.200997,7.676175,0.890574,-0.054172,0.260823,0.368655,-0.276700,-0.100038,-0.375674,0.425415,-1.150512,10.134882,0.926245,0.031413,-0.049475,0.372327,-0.266058,0.805624,-0.335233,-2.816771,1.456298,9.832758,0.932873,0.090017,0.071697,0.341314
0.101993,0.049633,-0.619319,-5.426922,0.363709,7.992028,0.892615,-0.056694,0.262137,0.362354,-0.295857,-0.062790,-0.063854,0.521850,-1.971434,9.535517,0.926504,0.027041,-0.051366,0.371769,-0.255416,0.368224,0.243709,1.314086,1.851195,11.019280,0.931929,0.086753,0.072214,0.344615
0.057814,-0.016635,-0.538870,-5.292923,0.038285,8.193025,0.894689,-0.059437,0.261986,0.356867,-0.306499,-0.160699,-0.199011,0.710449,-2.030638,9.703363,0.927202,0.023027,-0.054300,0.369876,-0.120258,-0.335233,-0.220296,3.676145,1.914672,10.814203,0.932989,0.087160,0.066983,0.342695
0.070359,-0.089994,-0.459240,-4.546363,-0.421137,8.202596,0.896956,-0.061235,0.260072,0.352241,-0.277765,-0.193690,-0.626833,1.039428,-1.440429,9.923700,0.929414,0.019775,-0.057486,0.363986,-0.143671,-0.321398,-0.442721,1.331176,1.381835,9.625238,0.934811,0.086710,0.061976,0.338764
0.098447,-0.073904,-0.449150,-4.211368,-0.612563,8.489735,0.899208,-0.062463,0.258084,0.347718,-0.244773,-0.226682,-1.112123,1.492309,-1.057739,9.868158,0.933230,0.017659,-0.061242,0.353568,-0.193690,0.044698,0.036184,-2.728880,0.430908,8.647456,0.934895,0.083251,0.062938,0.339222
0.142353,0.004363,-0.481602,-4.326223,-0.315853,8.681161,0.901394,-0.063465,0.256810,0.342784,-0.216039,-0.148993,-1.277079,1.465453,-0.964355,9.692987,0.937491,0.015684,-0.064049,0.341693,-0.192626,0.258608,0.217103,-3.669431,0.141601,8.978877,0.934219,0.079248,0.065842,0.341485
0.164988,-0.014999,-0.509691,-4.402794,0.076570,8.470592,0.903736,-0.064006,0.255295,0.337609,-0.205397,-0.037248,-1.121701,1.446532,-0.687255,9.451899,0.941097,0.013626,-0.065704,0.331400,-0.103231,0.164956,-0.211782,-2.355956,0.677490,9.574579,0.934995,0.075998,0.068291,0.339612
0.154625,-0.101993,-0.549233,-4.412365,0.392423,8.250452,0.906404,-0.063702,0.252806,0.332347,-0.225617,0.021285,-0.990800,0.992431,-0.402832,9.546503,0.944229,0.011249,-0.065586,0.322485,-0.048955,0.044698,-0.704522,-1.052245,1.216430,9.580683,0.937470,0.073358,0.069261,0.333111
0.119719,-0.151353,-0.541597,-4.460221,0.516850,7.992028,0.909014,-0.062539,0.250014,0.327515,-0.233067,0.003193,-0.731128,0.827636,0.006104,9.613031,0.946483,0.009636,-0.064990,0.315983,-0.057469,0.058533,-0.836487,-0.895385,1.409911,9.564814,0.940272,0.070923,0.070155,0.325468
0.092721,-0.117537,-0.498510,-4.508078,0.516850,7.829316,0.910605,-0.061211,0.250240,0.323146,-0.212846,-0.036184,-0.500189,0.898437,0.241089,9.480585,0.947948,0.008825,-0.064828,0.311618,-0.079817,0.071304,-0.751348,-1.175536,1.640014,9.694208,0.942639,0.068800,0.071831,0.318640
0.070631,-0.056178,-0.411789,-4.575077,0.555135,7.963314,0.911793,-0.059818,0.250742,0.319649,-0.187305,0.007450,-0.360775,1.262206,0.061645,9.455561,0.948898,0.008037,-0.065124,0.308673,-0.113873,0.024477,-0.565107,-0.860595,1.900634,9.681391,0.944332,0.067777,0.072118,0.313743
0.060541,-0.007363,-0.309796,-4.642076,0.516850,8.173882,0.912931,-0.058228,0.250129,0.317164,-0.159635,0.022349,-0.312884,1.544799,-0.310669,9.504999,0.949642,0.006707,-0.066189,0.306181,-0.145800,-0.030863,-0.368224,-0.620727,1.842040,9.515985,0.945459,0.066953,0.070993,0.310768
0.054269,-0.001636,-0.241074,-4.613362,0.382852,8.374879,0.914182,-0.059062,0.248502,0.314677,-0.163892,0.003193,-0.342683,1.664428,-0.620727,9.619135,0.950456,0.004871,-0.067711,0.303341,-0.153249,-0.014899,-0.159635,-0.860595,1.787719,9.496454,0.945903,0.065906,0.070506,0.309750
0.046088,-0.031089,-0.191168,-4.536792,0.162712,8.480164,0.915306,-0.060080,0.246748,0.312590,-0.172406,-0.003193,-0.323527,1.497802,-0.765380,9.693598,0.951204,0.002575,-0.069004,0.300725,-0.142607,0.086203,0.047890,-1.066894,1.533813,9.245600,0.945679,0.063998,0.071400,0.310629
0.041724,-0.076358,-0.171533,-4.479364,0.047856,8.355737,0.916428,-0.061211,0.244753,0.310645,-0.176663,0.005321,-0.336297,1.341552,-0.980224,9.652704,0.952005,-0.000161,-0.069948,0.297970,-0.141543,0.188369,0.129836,-1.434325,1.121826,9.390863,0.945241,0.060811,0.073473,0.312113
0.035179,-0.103902,-0.158989,-4.450650,0.028714,8.135597,0.917481,-0.062605,0.242837,0.308755,-0.161763,0.040441,-0.302242,1.382445,-1.063232,9.504999,0.952710,-0.002882,-0.070637,0.295529,-0.108552,0.150057,-0.002128,-1.762084,0.812377,9.702753,0.945263,0.057700,0.075362,0.312188
0.041997,-0.103084,-0.163625,-4.316652,0.028714,7.982456,0.918575,-0.063847,0.240805,0.306835,-0.134093,0.046826,-0.300114,1.315307,-1.016845,9.635614,0.953400,-0.005311,-0.070991,0.293178,-0.086203,0.055340,-0.156442,-1.793212,0.881347,9.633173,0.945809,0.055082,0.076613,0.310700
0.043906,-0.072813,-0.167170,-4.431508,0.143569,7.992028,0.919357,-0.065547,0.240015,0.304748,-0.110680,-0.002128,-0.264994,1.309203,-0.977172,9.761957,0.953937,-0.007288,-0.071667,0.291218,-0.090460,0.036184,-0.254352,-1.334838,1.007690,9.526361,0.946687,0.052479,0.077109,0.308343
0.049087,-0.044451,-0.163079,-4.527220,0.047856,8.087741,0.919987,-0.067262,0.239759,0.302667,-0.098974,-0.059597,-0.263930,1.293334,-0.983886,9.683832,0.954423,-0.008965,-0.072830,0.289283,-0.093652,0.029799,-0.241581,-1.159667,1.106567,9.490351,0.947510,0.050230,0.077108,0.306184
0.044179,-0.027543,-0.162261,-4.460221,0.076570,8.154739,0.920824,-0.068858,0.238615,0.300660,-0.094717,-0.077689,-0.286279,1.164550,-1.037597,9.622187,0.954974,-0.010671,-0.073852,0.287140,-0.089396,0.060661,-0.128772,-1.286010,1.303100,9.390253,0.947862,0.048709,0.078035,0.305103
0.039815,-0.022907,-0.142626,-4.508078,0.133998,8.212168,0.921432,-0.070669,0.238097,0.298781,-0.095781,-0.096845,-0.250095,1.141357,-0.994262,9.636835,0.955401,-0.012265,-0.074906,0.285375,-0.077689,0.076625,-0.059597,-1.248779,1.240844,9.464106,0.948015,0.047186,0.078829,0.304662
0.044724,-0.020180,-0.108538,-4.450650,0.258425,8.327023,0.921970,-0.068675,0.237393,0.298147,-0.083010,-0.129836,-0.186241,1.241454,-1.020507,9.601435,0.955602,-0.013632,-0.076463,0.284227,-0.068111,0.064918,-0.034055,-1.175536,1.072997,9.651484,0.948177,0.045359,0.078916,0.304414
0.031361,-0.022362,-0.086448,-4.421936,0.220140,8.327023,0.922554,-0.067036,0.236179,0.297677,-0.078753,-0.108552,-0.164956,1.379394,-0.892333,9.656977,0.955732,-0.014592,-0.077976,0.283330,-0.069175,0.057469,-0.025542,-1.279907,1.063842,9.649652,0.948299,0.043542,0.079274,0.304206
0.029998,-0.017181,-0.069540,-4.412365,0.172283,8.346166,0.923214,-0.066113,0.234478,0.297181,-0.075561,-0.064918,-0.164956,1.421508,-0.940551,9.650263,0.955888,-0.015682,-0.079131,0.282422,-0.076625,0.059597,-0.013835,-1.494140,0.895385,9.505610,0.948377,0.041316,0.080119,0.304050
0.017726,-0.032452,-0.059723,-4.326223,0.124427,8.279166,0.923922,-0.066096,0.232422,0.296599,-0.067047,-0.040441,-0.160699,1.373290,-1.039428,9.580683,0.956057,-0.016990,-0.079931,0.281547,-0.072368,0.055340,-0.019156,-1.556396,0.782470,9.492792,0.948479,0.039013,0.080930,0.303821
0.002727,-0.032725,-0.056178,-4.335794,0.076570,8.202596,0.924416,-0.067779,0.231133,0.295685,-0.071304,-0.046826,-0.143671,1.161498,-1.058959,9.618525,0.956212,-0.018463,-0.080196,0.280853,-0.058533,0.038312,-0.054276,-1.414794,0.934448,9.548944,0.948688,0.037250,0.081380,0.303270
-0.003545,-0.015817,-0.055905,-4.412365,0.172283,8.269595,0.924271,-0.066573,0.232292,0.295507,-0.069175,-0.031927,-0.140479,1.211547,-1.006469,9.625849,0.956360,-0.019769,-0.080360,0.280213,-0.047890,0.029799,-0.084074,-1.254272,0.939941,9.545282,0.949017,0.035821,0.081195,0.302462
-0.004909,0.001636,-0.060814,-4.374080,0.038285,8.327023,0.924758,-0.068219,0.231019,0.294601,-0.057469,0.019156,-0.098974,1.226806,-1.087646,9.689936,0.956426,-0.021238,-0.080078,0.279959,-0.055340,0.035120,-0.081946,-1.204833,0.892333,9.606928,0.949342,0.034308,0.080784,0.301727
-0.007636,-0.007090,-0.073086,-4.393222,0.047856,8.298309,0.925094,-0.070333,0.230469,0.293479,-0.056404,0.007450,-0.081946,1.220092,-1.193237,9.734491,0.956438,-0.022825,-0.079974,0.279826,-0.059597,0.050019,-0.053212,-1.268920,0.955200,9.633173,0.949535,0.032968,0.080793,0.301265
-0.008181,-0.012817,-0.078813,-4.393222,0.076570,8.202596,0.924913,-0.070117,0.232018,0.292881,-0.061725,-0.019156,-0.069175,1.255492,-1.223144,9.645380,0.956384,-0.024396,-0.080296,0.279784,-0.053212,0.051083,-0.034055,-1.262817,0.960693,9.499506,0.949662,0.031858,0.080885,0.300962
-0.006545,-0.000273,-0.055360,-4.383651,0.162712,8.221739,0.924908,-0.068467,0.232578,0.292841,-0.061725,-0.027670,-0.073432,1.302490,-1.193847,9.675898,0.956329,-0.025788,-0.080773,0.279710,-0.037248,0.029799,-0.055340,-1.312865,0.920410,9.559320,0.949864,0.030806,0.080934,0.300417
-0.003000,0.011726,-0.066268,-4.402794,0.172283,8.317451,0.925067,-0.066761,0.232613,0.292707,-0.064918,-0.004257,-0.100038,1.242675,-1.159667,9.663080,0.956378,-0.027166,-0.080820,0.279400,-0.034055,0.006385,-0.079817,-1.304931,0.946044,9.575800,0.950141,0.030027,0.080759,0.299668
0.001364,0.001636,-0.079085,-4.402794,0.143569,8.250452,0.924945,-0.065634,0.233944,0.292287,-0.064918,0.011707,-0.103231,1.213989,-1.167602,9.567865,0.956448,-0.028578,-0.080680,0.279058,-0.038312,0.008514,-0.117066,-1.382445,0.840454,9.573969,0.950527,0.028771,0.080793,0.298557
-0.002182,-0.000273,-0.071995,-4.287938,0.220140,8.260024,0.925418,-0.064382,0.232781,0.291995,-0.064918,0.017028,-0.091524,1.246337,-1.099243,9.517817,0.956486,-0.029751,-0.080546,0.278845,-0.035120,0.018092,-0.110680,-1.403197,0.891113,9.495844,0.950844,0.027801,0.081109,0.297549
0.002727,0.019908,-0.074449,-4.345366,0.258425,8.307880,0.925660,-0.062719,0.232577,0.291754,-0.067047,0.025542,-0.086203,1.237182,-0.964355,9.666132,0.956546,-0.030450,-0.080090,0.278693,-0.028734,0.023413,-0.103231,-1.371459,1.021118,9.468988,0.951091,0.027514,0.081516,0.296677
-0.000818,0.026998,-0.071449,-4.383651,0.277567,8.298309,0.925650,-0.061107,0.233318,0.291534,-0.068111,0.023413,-0.078753,1.289062,-0.903320,9.743036,0.956593,-0.030836,-0.079759,0.278586,-0.024477,0.010642,-0.124515,-1.324462,1.057739,9.552607,0.951405,0.027498,0.081592,0.295646
-0.004636,0.020453,-0.060541,-4.364509,0.363709,8.279166,0.925654,-0.059450,0.233848,0.291438,-0.064918,0.018092,-0.060661,1.341552,-0.849609,9.732050,0.956592,-0.030938,-0.079621,0.278617,-0.026606,-0.014899,-0.163892,-1.262817,1.096191,9.575190,0.951851,0.027719,0.081221,0.294289
-0.009817,0.031634,-0.056450,-4.374080,0.507278,8.298309,0.925597,-0.057880,0.234539,0.291381,-0.051083,0.000000,0.006385,1.430663,-0.750732,9.761957,0.956414,-0.030541,-0.079790,0.279222,-0.032991,-0.023413,-0.174534,-1.262206,1.109008,9.562372,0.952316,0.027933,0.080799,0.292878
-0.010090,0.016362,-0.044451,-4.431508,0.516850,8.240881,0.925411,-0.056471,0.235617,0.291379,-0.041505,-0.048955,0.070239,1.546020,-0.640869,9.854731,0.956049,-0.029665,-0.080557,0.280345,-0.042569,-0.022349,-0.150057,-1.311645,1.177978,9.500116,0.952669,0.028228,0.080666,0.291735
-0.020180,0.016908,-0.032998,-4.441079,0.593420,8.231310,0.925195,-0.055096,0.236620,0.291516,-0.021285,-0.097909,0.106423,1.744994,-0.534057,9.757074,0.955561,-0.028329,-0.082088,0.281700,-0.048955,-0.007450,-0.123451,-1.434325,1.234130,9.455561,0.952899,0.028422,0.081095,0.290846
-0.027543,0.003818,-0.034634,-4.364509,0.602991,8.145168,0.925059,-0.053643,0.237265,0.291694,-0.002128,-0.162828,0.160699,1.950683,-0.441894,9.663080,0.954876,-0.026623,-0.084409,0.283495,-0.054276,-0.002128,-0.091524,-1.400756,1.411132,9.380487,0.953017,0.028969,0.081517,0.290287
-0.043906,-0.019908,-0.000818,-4.364509,0.535992,8.126026,0.924839,-0.052253,0.237787,0.292218,0.019156,-0.227746,0.219232,2.188109,-0.409546,9.669794,0.953966,-0.024631,-0.087479,0.285798,-0.059597,0.021285,-0.071304,-1.268310,1.368407,9.306635,0.953069,0.029475,0.081783,0.289989
-0.052905,-0.007636,0.051542,-4.307081,0.535992,8.250452,0.924749,-0.050754,0.237134,0.293296,0.039377,-0.318205,0.240517,2.243041,-0.387573,9.863886,0.952914,-0.022166,-0.091268,0.288315,-0.053212,0.023413,-0.059597,-1.333617,1.232299,9.506830,0.953085,0.029643,0.082066,0.289840