-0.047724,0.067632,-0.020998,-5.283352,-0.488136,7.752745,0.464998,-0.286872,0.171438,0.819806,0.286279,0.206461,0.551272,0.287475,-0.755615,8.604121,0.495412,0.000739,-0.007656,0.868619,-0.105359,-0.024477,-0.111744,-3.24951,1.110229,9.548334,0.451788,-0.110857,0.134193,0.874976
0.016908,0.102811,-0.031907,-5.503492,-0.038285,7.666604,0.465541,-0.286597,0.170783,0.81973,0.424629,0.369289,-0.098974,-0.639038,-1.058959,8.557124,0.496272,-0.00098,-0.002417,0.868159,-0.08301,-0.152185,-0.107487,-2.402953,1.473388,9.754023,0.453052,-0.109573,0.132515,0.87474
0.064632,0.14808,0.021817,-5.685347,-0.143569,7.532606,0.465853,-0.286894,0.170475,0.819513,0.482097,0.56085,-0.683237,-0.855712,-1.387939,8.548579,0.502173,-0.004204,0.004131,0.864743,-0.117066,-0.31182,0.0,-1.769408,1.406249,9.608149,0.453549,-0.106637,0.129787,0.875254
0.084267,0.089994,0.086994,-5.647061,-0.382852,7.456035,0.46586,-0.287048,0.17005,0.819544,0.31927,0.628961,-0.660888,-0.735473,-1.279907,8.731685,0.507806,-0.008713,0.009572,0.86137,-0.184112,-0.392702,-0.041505,-1.343383,1.051025,9.637445,0.454464,-0.103269,0.125807,0.875764
0.085903,0.049087,0.098447,-5.876772,-0.545564,7.331609,0.465819,-0.28771,0.169575,0.819433,0.197947,0.65876,-0.483162,-0.847167,-0.897216,9.007564,0.511835,-0.013976,0.014291,0.858847,-0.153249,-0.423564,-0.072368,-1.187133,0.344238,9.531244,0.455763,-0.099695,0.12159,0.876099
0.095175,0.020726,0.056996,-5.790631,-0.756132,7.398608,0.466219,-0.287956,0.168851,0.819269,0.159635,0.72155,-0.268187,-1.019897,-0.218506,9.80102,0.513949,-0.01975,0.019335,0.857371,-0.19369,-0.334169,0.108552,-2.349242,0.405884,9.116206,0.455296,-0.097506,0.118004,0.877078
0.085085,-0.012545,-0.034634,-5.685347,-0.89013,7.302895,0.467396,-0.288136,0.167626,0.818787,0.18092,0.806688,-0.034055,-0.86914,0.124512,10.327753,0.514003,-0.025868,0.025088,0.857027,-0.176663,-0.360775,0.226682,-2.803343,0.178223,8.616939,0.453834,-0.09524,0.114669,0.878526
0.079903,-0.005727,-0.138536,-5.819345,-0.9667,6.881758,0.469272,-0.289177,0.16644,0.817588,0.26393,0.958873,0.140479,-0.85205,0.270386,9.521479,0.512506,-0.032735,0.0324,0.857443,-0.159635,-0.237324,0.214975,-3.615721,0.13855,8.937984,0.452327,-0.094299,0.112229,0.879719
0.089994,0.054542,-0.179987,-5.838487,-0.81356,6.565906,0.471267,-0.291013,0.165901,0.815896,0.217103,1.142986,0.46507,-2.072753,-0.188599,9.063106,0.508169,-0.043202,0.040735,0.859203,-0.139414,-0.205397,0.075561,-3.926389,0.441284,9.08874,0.451863,-0.09498,0.110204,0.880139
0.104447,0.161716,-0.17426,-5.915058,-0.545564,6.336195,0.472835,-0.2938,0.166672,0.813831,0.129836,1.059976,0.65131,-2.556761,-0.354614,8.886714,0.502157,-0.053338,0.047833,0.861799,-0.063854,-0.385252,-0.168149,-3.681028,0.71228,8.667598,0.453743,-0.093932,0.108213,0.879531
0.117537,0.254709,-0.120264,-6.096912,-0.239282,6.116055,0.473551,-0.297044,0.168956,0.811764,0.011707,1.030177,0.635347,-2.875365,-0.72937,8.544307,0.49618,-0.06383,0.053423,0.864215,-0.078753,-0.383124,-0.209654,-3.638304,0.540161,8.817134,0.455997,-0.093071,0.105814,0.878749
0.112628,0.361883,-0.071449,-6.221339,-0.181855,6.020342,0.47362,-0.301034,0.171975,0.809617,0.02022,1.003571,0.309692,-2.412718,-1.454467,8.799434,0.493059,-0.073933,0.057739,0.864919,-0.056404,-0.428886,-0.233067,-3.600462,0.603027,9.296259,0.458509,-0.09173,0.103387,0.877871
0.111537,0.499055,-0.048269,-6.412765,-0.315853,6.326623,0.473354,-0.306188,0.175409,0.807099,0.04789,1.028049,-0.095781,-1.766967,-1.902465,9.703363,0.493478,-0.083584,0.061396,0.863548,0.013835,-0.57575,-0.187305,-3.448484,0.983276,9.553827,0.460723,-0.088504,0.101593,0.877252
0.128173,0.654226,-0.040633,-6.642476,-0.583849,6.575477,0.473,-0.312568,0.179156,0.804032,0.025542,1.089774,-0.143671,-1.601562,-2.422484,9.613031,0.494242,-0.093671,0.065019,0.861809,0.045762,-0.604484,-0.34694,-2.951658,0.994262,9.149165,0.464352,-0.084923,0.099991,0.875876
0.175078,0.715585,-0.017999,-6.709475,-0.985843,6.565906,0.472712,-0.319064,0.183041,0.800768,0.021285,1.064232,-0.351197,-1.610106,-2.249144,9.408564,0.496789,-0.103544,0.068236,0.858961,0.064918,-0.527859,-0.475712,-3.004759,0.488281,8.946528,0.46919,-0.082429,0.097674,0.873795
0.229347,0.780217,-0.041724,-6.814759,-1.071985,6.45105,0.472677,-0.325814,0.18753,0.797023,-0.013835,0.964195,-0.809881,-2.383421,-1.960448,10.25329,0.503263,-0.113261,0.070258,0.853788,0.151121,-0.4225,-0.454427,-3.511351,0.642089,9.244989,0.473713,-0.080337,0.097176,0.871602
0.230983,0.878119,-0.112083,-7.034899,-1.014557,6.585048,0.473038,-0.333396,0.192172,0.792555,-0.084074,0.766247,-0.964195,-2.401122,-1.228027,10.800165,0.511087,-0.121171,0.070348,0.848028,0.250095,-0.490611,-0.361839,-2.584837,0.411987,8.698726,0.477679,-0.077151,0.096306,0.86982
0.231256,0.940296,-0.226347,-7.475178,-0.89013,6.518049,0.474004,-0.341746,0.197089,0.787196,-0.053212,0.666209,-0.951424,-2.079467,-0.219116,10.424189,0.518779,-0.126335,0.07087,0.842542,0.275636,-0.501253,-0.409729,-1.91101,-0.29602,9.153438,0.482171,-0.072501,0.094128,0.867978
0.238892,0.949568,-0.310887,-7.542177,-0.612563,6.364908,0.475454,-0.350258,0.202146,0.781276,-0.00745,0.598099,-0.607677,-1.254272,0.48706,10.418695,0.523527,-0.129983,0.072722,0.838884,0.242645,-0.45017,-0.527859,-1.781005,-1.005248,10.068964,0.487574,-0.068479,0.091793,0.865533
0.247346,0.935387,-0.351793,-6.948757,0.028714,6.699903,0.477128,-0.355541,0.2074,0.776477,0.008514,0.356518,-0.092588,-0.640258,0.967407,10.335077,0.524105,-0.131107,0.074298,0.83821,0.155378,-0.431014,-0.50551,-1.896361,0.142212,11.121819,0.492649,-0.064532,0.088733,0.863279
0.253891,0.868029,-0.302706,-6.537191,0.411565,6.872187,0.47854,-0.360159,0.212527,0.772081,0.126644,0.075561,-0.102166,-0.979614,1.325683,9.87121,0.525062,-0.129239,0.075756,0.837771,0.140479,-0.534245,-0.409729,-1.479491,0.861816,9.764399,0.496769,-0.057956,0.085979,0.861662
0.253618,0.836394,-0.240528,-6.680761,0.392423,6.757331,0.479492,-0.364385,0.217713,0.768052,0.277765,0.141543,-0.384188,-2.282103,1.545409,9.154658,0.52834,-0.127747,0.079592,0.83558,0.094717,-0.632154,-0.632154,-0.756836,0.714111,8.848262,0.502825,-0.050999,0.082133,0.85896
0.231802,0.851666,-0.166079,-6.967899,0.382852,6.690332,0.479682,-0.368647,0.223132,0.764336,0.213911,0.087267,-0.106423,-1.453857,1.102294,9.616693,0.529407,-0.125515,0.081872,0.835023,0.191562,-0.674723,-0.855643,-0.881958,0.625,8.754878,0.510849,-0.043568,0.078545,0.85496
0.201531,0.861756,-0.128991,-7.082755,0.602991,6.565906,0.479273,-0.373025,0.22877,0.760793,0.043634,-0.044698,0.406537,-0.507812,0.951538,9.449457,0.526146,-0.122705,0.082152,0.83747,0.204333,-0.537437,-0.801367,-0.987548,0.576172,8.991694,0.518274,-0.037594,0.075482,0.851042
0.19744,0.848394,-0.137445,-7.082755,0.507278,6.642476,0.479071,-0.377349,0.233903,0.757219,-0.063854,-0.114937,0.773697,-0.735473,1.198119,9.821161,0.519677,-0.11953,0.081794,0.841992,0.181984,-0.444849,-0.648118,-1.196899,1.437987,9.794916,0.524016,-0.031762,0.075678,0.84774
0.205894,0.805851,-0.170988,-7.379465,0.354138,6.786045,0.479344,-0.381434,0.238491,0.753559,-0.044698,-0.177727,0.688558,-1.991576,0.773315,10.196527,0.513937,-0.115772,0.081324,0.846075,0.146864,-0.366096,-0.320334,-0.577392,2.348021,9.8529,0.526896,-0.026403,0.075894,0.846118
0.203985,0.766036,-0.163897,-7.9346,0.191426,6.862615,0.4797,-0.385252,0.242728,0.750029,0.141543,-0.187305,0.315013,-1.334838,0.807495,9.931025,0.511603,-0.111303,0.081629,0.848058,0.046826,-0.324591,-0.177727,0.805053,2.10266,9.301142,0.528553,-0.021555,0.074483,0.845347
0.204803,0.698677,-0.163352,-7.810173,0.0,6.757331,0.480353,-0.388703,0.246324,0.746651,0.354389,-0.200076,-0.087267,-1.126098,0.919799,9.664301,0.512904,-0.105952,0.083262,0.847798,-0.011707,-0.275636,-0.161763,1.119384,1.458129,9.55871,0.53006,-0.017541,0.072211,0.844693
0.250891,0.53478,-0.173988,-7.436893,0.066999,6.489335,0.481617,-0.390688,0.249498,0.74374,0.451235,-0.379931,-0.242645,-1.278686,0.71228,9.078364,0.515763,-0.098727,0.084482,0.846815,0.030863,-0.358646,-0.197947,0.520019,0.761718,9.942011,0.531981,-0.013012,0.069216,0.843817
0.326977,0.32125,-0.165806,-7.226325,0.258425,6.384051,0.483544,-0.390605,0.25242,0.741545,0.321398,-0.26393,-0.045762,-1.71997,0.819702,9.223627,0.516639,-0.092923,0.085819,0.846804,0.100038,-0.40228,-0.333105,-0.020752,0.69519,10.126337,0.535085,-0.00811,0.066304,0.842148
0.361065,0.201804,-0.191168,-7.235896,0.306281,6.269196,0.486054,-0.389506,0.254966,0.739608,0.270315,-0.318205,0.04789,-2.057494,1.195678,9.223017,0.516558,-0.087214,0.08771,0.847266,0.112809,-0.323527,-0.283086,0.206909,0.769043,9.433588,0.537669,-0.00354,0.06412,0.840702
0.406334,0.169079,-0.191441,-7.513463,0.210568,6.163911,0.488844,-0.387958,0.257625,0.737659,0.37461,-0.421436,-0.11068,-2.13684,1.175536,8.869014,0.517949,-0.080649,0.09022,0.846804,0.08301,-0.226682,-0.227746,0.6781,0.825805,9.337152,0.539692,0.000219,0.062347,0.839546
0.44315,0.177805,-0.192259,-7.34118,-0.009571,5.876772,0.49193,-0.386481,0.260241,0.735461,0.448042,-0.410794,-0.18092,-1.907348,0.825805,8.938594,0.520085,-0.073074,0.092114,0.845978,0.13835,-0.283086,-0.539566,0.997924,0.631714,9.348139,0.544358,0.004416,0.060577,0.836646
0.45924,0.119446,-0.205349,-7.149754,0.162712,5.666204,0.495162,-0.384352,0.262915,0.733455,0.386316,-0.229874,0.003193,-1.331176,1.189574,8.91418,0.52045,-0.067149,0.094294,0.846004,0.190498,-0.438464,-1.036562,1.253051,0.167236,9.563593,0.553243,0.009544,0.05814,0.830929
0.485965,0.039543,-0.263163,-7.082755,0.114855,5.359923,0.499146,-0.381673,0.265098,0.731365,0.411858,-0.2916,-0.119194,-1.313476,1.048583,9.147944,0.521963,-0.060749,0.095708,0.845397,0.170277,-0.632154,-1.198326,1.071777,0.019531,10.059809,0.5635,0.015793,0.054326,0.824171
0.488965,-0.014726,-0.35452,-6.862615,0.086142,5.254639,0.504001,-0.378883,0.266547,0.728955,0.510832,-0.531052,-0.4225,-1.205444,0.649414,8.631587,0.52643,-0.052804,0.095462,0.843185,0.104295,-0.909919,-0.983351,1.155395,0.166016,9.991449,0.572011,0.024174,0.048399,0.818455
0.490874,-0.068177,-0.451604,-6.613762,0.105284,5.072784,0.509655,-0.375891,0.267432,0.726243,0.561915,-0.440592,-0.454427,-0.270996,0.894165,8.140864,0.530962,-0.04488,0.096639,0.840665,0.029799,-1.084453,-0.718357,1.715697,0.546875,9.340815,0.578289,0.034189,0.041112,0.814073
0.531235,-0.137717,-0.541052,-6.403193,-0.066999,4.756931,0.516594,-0.372944,0.267284,0.722907,0.587456,-0.47784,-0.283086,0.29541,1.823729,8.727412,0.533957,-0.036062,0.09861,0.838962,-0.017028,-1.146178,-0.642796,1.520385,0.478515,8.28918,0.583862,0.044408,0.033008,0.80996
0.590685,-0.20644,-0.616592,-6.336195,-0.172283,4.393222,0.5242,-0.371505,0.267364,0.718127,0.687494,-0.799239,-0.080882,0.791625,2.893065,9.436029,0.535495,-0.023779,0.10017,0.838235,-0.003193,-1.087646,-0.667274,0.905151,0.59021,7.592769,0.589477,0.054145,0.025309,0.805566
0.629137,-0.185714,-0.692405,-6.211768,0.009571,4.402794,0.53113,-0.368439,0.269974,0.713624,0.702393,-1.083389,0.02767,0.552978,2.569579,9.476923,0.536316,-0.008921,0.100209,0.837995,0.073432,-1.114251,-0.904598,0.137939,0.449218,7.48962,0.597044,0.061388,0.019381,0.799616
0.655044,-0.117537,-0.701131,-6.250053,0.756132,4.354937,0.538047,-0.365134,0.272977,0.708984,0.732192,-1.432457,-0.278829,0.491333,1.620482,7.941279,0.539956,0.008603,0.097962,0.835924,0.17347,-1.082324,-1.098288,-0.432129,0.635986,8.562007,0.605994,0.069034,0.015761,0.792306
0.721312,-0.08863,-0.596957,-6.183053,1.493121,4.278367,0.544359,-0.361301,0.276935,0.704581,0.681109,-1.422879,0.030863,1.352538,1.317748,6.939693,0.540845,0.025925,0.094971,0.835337,0.233067,-1.069554,-1.115316,-0.231933,1.049804,9.475092,0.614916,0.077177,0.013123,0.784692
0.777762,-0.082903,-0.42706,-6.106483,1.885544,3.847659,0.54956,-0.356929,0.282018,0.700744,0.552337,-1.099352,0.021285,-0.314941,2.686766,6.588741,0.541362,0.039277,0.095196,0.834455,0.206461,-1.530366,-1.145114,1.684569,2.680663,9.096675,0.623762,0.09202,0.007149,0.776141
0.773126,-0.073358,-0.272708,-5.962914,1.732404,3.895515,0.553607,-0.352119,0.287624,0.697707,0.663017,-1.297299,-0.063854,-1.253661,3.955076,7.880245,0.542736,0.053977,0.095638,0.832688,0.195819,-1.717671,-1.100416,2.800291,2.947386,8.794551,0.631992,0.108393,-0.000691,0.767351
0.693223,-0.02018,-0.159261,-6.029913,1.18684,4.192225,0.556418,-0.347662,0.293293,0.695342,0.723678,-1.481412,0.19369,-1.166381,3.467405,9.288324,0.542079,0.07027,0.095458,0.831921,0.093652,-1.697451,-0.735385,2.910765,2.585448,8.319087,0.637273,0.123923,-0.009745,0.760541
0.584413,0.038997,-0.079358,-6.374479,1.062413,4.45065,0.558085,-0.343996,0.298809,0.693478,0.625769,-1.7198,0.514024,1.397704,2.006835,9.303583,0.538707,0.089877,0.089589,0.832875,-0.013835,-1.571871,-0.038312,1.73706,3.16345,8.258662,0.63741,0.137032,-0.018306,0.758015
0.538598,0.19635,-0.099538,-7.389036,0.602991,4.718646,0.559308,-0.343055,0.304706,0.690387,0.487418,-1.807067,0.490611,3.242796,0.888671,8.941035,0.535512,0.108986,0.081754,0.833461,-0.011707,-1.927325,0.202204,3.650511,5.607907,8.357539,0.635403,0.153168,-0.029969,0.756238
0.549506,0.567232,-0.32834,-8.240881,0.382852,6.202196,0.562148,-0.343834,0.309663,0.685469,0.534245,-1.554844,-0.324591,0.629272,-0.181274,8.264155,0.538911,0.123393,0.076681,0.829735,-0.029799,-1.47609,-0.214975,5.056149,3.031004,7.448116,0.636366,0.166052,-0.039482,0.752262
0.493874,0.877573,-0.398153,-8.451449,0.172283,8.681161,0.56433,-0.347385,0.315614,0.679143,0.474648,-1.438842,-0.373546,2.096556,0.902709,10.343622,0.542386,0.137268,0.0714,0.825754,-0.420372,-0.725807,0.731128,1.765136,-1.682738,7.29858,0.631152,0.167066,-0.049726,0.755814
0.373337,0.618501,-0.30516,-9.71486,0.306281,10.021141,0.566211,-0.349492,0.319643,0.674596,0.556594,-1.200454,-0.895019,0.175171,0.736084,8.854365,0.550557,0.148081,0.070232,0.818547,-0.580007,-0.829037,1.318584,-1.628417,-4.064939,8.830562,0.621757,0.167065,-0.061905,0.762671
0.517054,0.002454,-0.308705,-10.786844,0.698704,8.719446,0.570447,-0.346417,0.321345,0.6718,0.342683,-1.241959,-0.320334,3.259275,3.877561,10.444941,0.553938,0.160652,0.066644,0.814183,-0.392702,-1.08126,0.90779,5.070798,0.537719,11.462396,0.614784,0.172351,-0.073756,0.766086
0.483783,-0.696768,-0.225802,-10.30828,1.655833,8.633304,0.575865,-0.338215,0.319739,0.672122,0.169213,-0.976965,-0.315013,-0.311889,3.707884,11.259759,0.557631,0.16827,0.064023,0.810325,0.121322,-0.820523,-1.157885,2.696532,0.733032,12.150872,0.623137,0.179132,-0.075456,0.757569
0.37361,-0.701677,-0.169897,-11.590833,2.45025,11.437693,0.580581,-0.330456,0.317383,0.673041,-0.1458,-0.682173,0.010642,0.008545,3.297728,12.371819,0.559044,0.171696,0.059619,0.808967,-0.088331,-0.268187,-0.342683,2.664183,2.957152,13.167107,0.626117,0.18039,-0.075949,0.754759
0.310614,-0.430605,-0.209167,-13.782659,1.48355,14.261223,0.584715,-0.325248,0.315548,0.672862,-0.412922,-0.17347,-0.018092,0.390014,2.487792,14.087517,0.560828,0.169244,0.055453,0.808545,-0.04789,0.720485,-0.502318,2.603758,5.078122,12.000115,0.630913,0.175266,-0.069377,0.752602
0.309796,-0.193077,-0.110447,-15.926627,0.0,19.87957,0.587587,-0.321636,0.315079,0.672315,-0.562979,0.478905,-0.506575,2.603758,0.621948,18.500965,0.566258,0.160544,0.053471,0.806666,-0.054276,1.859214,0.317141,5.631711,4.526365,14.665519,0.630045,0.1613,-0.057896,0.757407
0.366519,-0.400608,0.063541,-19.161724,-0.468993,27.823742,0.590107,-0.315752,0.314315,0.673254,-0.774761,1.099352,-1.294107,5.233151,1.254272,19.999378,0.577811,0.145954,0.054166,0.80118,0.24903,2.771261,0.343747,7.697139,3.399046,19.999378,0.628582,0.142021,-0.039093,0.763661
0.448059,-1.794689,0.043633,-22.013968,1.100698,33.911083,0.597214,-0.299869,0.305832,0.678138,-1.070618,1.820902,-1.986922,4.788815,4.028318,19.999378,0.594612,0.124059,0.058348,0.792233,0.917368,3.509839,-0.175598,6.926266,0.640869,19.954212,0.629706,0.120935,-0.010569,0.767284
0.284434,-3.977442,-0.172897,-17.898314,2.459822,33.375092,0.61129,-0.270415,0.282309,0.688109,-1.532495,2.585021,-2.03162,2.570799,7.435909,19.998768,0.611096,0.093629,0.064695,0.783328,1.671909,4.010028,-1.362217,4.58801,4.331663,19.999378,0.638106,0.101171,0.02934,0.762704
0.083176,-7.028495,-0.226075,-15.323636,0.803988,22.32025,0.631755,-0.220619,0.237496,0.704131,-1.861342,3.576885,-1.598477,1.39099,5.379636,19.999378,0.622806,0.053392,0.073683,0.777062,1.688937,4.719871,-1.364346,2.907713,5.412595,19.999378,0.644686,0.075972,0.073893,0.757061
0.528508,-7.211755,-0.436605,-4.584648,1.426122,9.772287,0.651531,-0.16553,0.193471,0.71461,-1.691065,4.286728,-1.744277,-0.415649,4.872434,19.999378,0.6336,0.008517,0.088447,0.768537,1.253666,4.974223,-0.905662,-1.144409,1.068115,19.999378,0.64627,0.044605,0.115452,0.753
0.775853,-2.966242,-1.131464,-3.445665,-0.200997,0.392423,0.666075,-0.142848,0.178809,0.7099,-0.888634,4.382509,-1.969894,-1.875609,2.166137,18.184805,0.64444,-0.032584,0.109249,0.756104,0.151121,4.542144,-0.919497,-0.303345,-1.603393,17.379751,0.647453,0.009482,0.144672,0.748182
0.816214,-2.290199,-1.016109,-5.551349,-3.053242,-7.657032,0.678202,-0.12465,0.168674,0.704305,-0.224553,2.977722,-2.905354,3.017576,7.262569,-2.46826,0.662324,-0.057962,0.126702,0.736143,-0.449106,3.809952,-2.742527,8.240352,-4.015501,5.702511,0.661899,-0.025246,0.164293,0.730926
0.464421,-2.329742,-0.191168,-7.475178,-4.249653,-17.285751,0.68374,-0.107043,0.156867,0.704575,-0.261801,0.955681,-1.352639,-2.499388,2.263182,3.311155,0.670563,-0.06836,0.132224,0.72676,-0.707714,2.460505,-0.45017,-3.148191,-5.982663,1.343383,0.661012,-0.050441,0.174463,0.728061
0.153262,-2.048853,0.194986,-5.04407,-1.445265,-3.359523,0.685493,-0.092857,0.14514,0.707391,0.092588,-1.230253,-0.369289,7.245479,1.314697,5.824582,0.674952,-0.057764,0.12323,0.725196,0.913111,-1.341997,-2.115694,8.552241,5.099484,5.098264,0.678893,-0.036498,0.170499,0.713228
0.048815,-0.245982,-0.342521,-3.330809,-0.861416,-2.584249,0.688193,-0.092867,0.144559,0.704883,0.732192,-1.852829,0.746027,-0.715332,-1.427611,-0.577392,0.672282,-0.040371,0.115926,0.730041,0.851386,-3.179926,-4.263315,0.607299,4.404294,0.426025,0.713665,-0.013692,0.154342,0.683129
-0.177805,0.224711,-0.401153,-2.143969,0.574277,0.803988,0.690278,-0.097198,0.146102,0.701936,0.870542,-1.142986,-1.595284,-5.510251,-4.612424,-2.069701,0.685551,-0.029989,0.114129,0.718392,-0.026606,-1.576128,-0.722614,-2.334593,2.088622,-0.183105,0.720707,-0.004296,0.144707,0.677949
0.100084,1.28009,-0.578413,-2.565106,0.650848,2.306681,0.692229,-0.10725,0.156674,0.696248,0.802431,-1.01847,-2.596727,-1.498412,-2.487181,0.137329,0.705493,-0.022035,0.111543,0.699531,-0.823716,-0.361839,2.62014,-3.269651,1.058349,-0.298462,0.703071,-0.00482,0.138319,0.697515
0.379882,1.686152,-0.582231,-2.287539,0.363709,0.37328,0.693663,-0.118347,0.171823,0.689415,0.454427,-0.707714,-1.030177,1.010742,1.885985,-0.659179,0.713334,-0.013163,0.110182,0.691977,-0.622576,-1.250473,2.423257,-2.362669,1.136474,-1.960448,0.687488,0.002317,0.127118,0.714974
0.391063,0.827941,-0.281707,-1.024128,0.564706,-0.497707,0.694247,-0.122379,0.181697,0.685582,0.573621,-0.687494,-0.691751,-1.176147,2.170409,-2.141722,0.718703,-0.004605,0.111052,0.68637,-0.266058,-1.114251,0.189433,1.44287,-1.419677,-0.718383,0.687654,0.008763,0.115641,0.71671
0.280616,-0.235074,-0.242437,0.622134,0.229711,-0.679562,0.6966,-0.117624,0.181709,0.684023,0.52041,-0.628961,-0.432078,-1.265868,0.72998,-1.428222,0.72223,0.002566,0.111995,0.682515,-0.031927,-0.843936,-1.215353,-1.590575,-4.026487,0.755615,0.697492,0.011418,0.10884,0.708181
0.290979,-0.534507,-0.386427,1.071985,-0.009571,-0.803988,0.700693,-0.111419,0.178544,0.68171,0.428886,-0.427821,-0.243709,-0.682373,-0.679321,-0.568847,0.724482,0.006349,0.112156,0.680072,-0.080882,-0.848193,-0.799239,-4.423826,-3.331297,0.544433,0.704196,0.014015,0.102655,0.702399
0.305978,-0.059996,-0.5056,0.535992,-0.143569,-0.717847,0.704801,-0.109229,0.178482,0.677835,0.334169,-0.63109,0.057469,0.425415,-1.715697,-0.006714,0.724974,0.012057,0.108232,0.680106,-0.014899,-1.213225,-0.707714,-2.230834,-0.604858,-0.496826,0.710431,0.020015,0.095146,0.697012
0.274889,0.308978,-0.480784,-0.191426,-0.449851,-0.660419,0.707845,-0.112188,0.182157,0.673187,0.292664,-0.73432,0.08301,0.708007,-1.851195,0.028687,0.72534,0.018408,0.103146,0.680364,0.00745,-1.221739,-0.657696,0.305176,0.448608,-0.571899,0.715911,0.029822,0.087316,0.692062
0.259618,0.365701,-0.413152,-0.641276,-0.191426,-0.756132,0.710049,-0.11506,0.187184,0.668988,0.387381,-0.862028,-0.468262,1.18103,-1.389159,-0.046997,0.72944,0.026387,0.097683,0.676514,0.006385,-1.156821,-0.708779,0.74707,0.473633,-0.20813,0.7216,0.039204,0.078894,0.686676
0.306251,0.241619,-0.352338,-0.535992,0.162712,-0.775275,0.711964,-0.116048,0.192199,0.66535,0.500189,-0.943974,-0.877992,0.72937,-1.412353,-0.606689,0.736257,0.034892,0.092587,0.669423,0.023413,-1.134472,-0.604484,0.984497,0.344238,-0.011597,0.726441,0.048456,0.070192,0.681909
0.364883,0.162261,-0.303524,-0.258425,0.105284,-0.717847,0.713734,-0.11595,0.19714,0.662017,0.376738,-0.928011,-0.617255,0.547485,-1.043701,-0.672607,0.741206,0.042647,0.086663,0.664286,0.079817,-1.174913,-0.611934,0.941772,0.390625,-0.355835,0.731177,0.058469,0.061774,0.676858
0.382882,0.08863,-0.3837,-0.526421,0.095713,-0.334995,0.716218,-0.115545,0.201419,0.658105,0.2767,-0.732192,-0.386316,0.36438,-0.131836,-0.077515,0.744244,0.050034,0.081438,0.661027,0.204333,-1.129151,-1.128086,1.358031,0.396728,-0.527343,0.739135,0.068664,0.054629,0.667812
0.320977,-0.004636,-0.645772,-0.717847,-0.191426,-0.028714,0.720691,-0.116114,0.203679,0.652402,0.357582,-0.653439,-0.62364,0.881347,0.750732,1.267089,0.74852,0.058371,0.07856,0.655843,0.242645,-1.121701,-1.272822,1.38977,-0.115356,0.160522,0.747845,0.078417,0.047218,0.657526
0.265345,0.017726,-0.950932,-1.493121,-0.229711,0.526421,0.726977,-0.117801,0.205392,0.644542,0.432078,-0.875863,-0.793917,1.986693,1.593017,2.634276,0.753927,0.068565,0.074556,0.649096,0.127708,-1.210032,-0.829037,2.43225,-0.927123,0.709228,0.753585,0.087536,0.03776,0.650394
0.294524,0.041452,-1.09274,-2.383251,-0.124427,0.631705,0.734009,-0.119528,0.207483,0.635521,0.443785,-1.276015,-0.747091,2.716673,1.838988,3.958128,0.75915,0.081355,0.067343,0.642285,0.050019,-1.187683,-0.31182,3.938596,-1.105956,3.342894,0.755839,0.096068,0.027494,0.647081
0.400062,-0.004091,-0.862302,-3.215954,-0.229711,0.277567,0.739702,-0.119689,0.210177,0.62796,0.393766,-2.070996,-0.131965,4.945676,1.9458,5.431515,0.760709,0.09903,0.05294,0.6393,0.046826,-1.496311,-0.444849,6.024167,-1.94641,7.244258,0.758861,0.106293,0.014949,0.64234
0.416697,-0.025362,-0.27598,-2.995814,-0.267996,0.162712,0.741739,-0.118374,0.213487,0.62468,0.581071,-4.617704,1.051462,9.223627,1.764525,8.344722,0.75475,0.134612,0.018923,0.641767,0.184112,-2.493496,-1.392016,7.006222,-4.267576,10.421137,0.767552,0.123228,-0.003284,0.629015
0.559596,0.020998,0.121628,-1.588834,0.823131,0.756132,0.741144,-0.114269,0.219071,0.624218,1.246216,-5.012535,-0.20859,-0.745239,-2.879637,3.192137,0.754542,0.17418,-0.011355,0.632605,0.494868,-6.167227,-3.352332,4.15405,-5.66528,10.632318,0.785841,0.164473,-0.044933,0.594454
0.795216,0.801488,-0.445877,-7.04447,0.545564,3.215954,0.742733,-0.115484,0.230805,0.617844,1.001443,-1.228124,-0.273508,-9.591669,-5.988156,11.932366,0.754598,0.187744,-0.013341,0.628608,-0.573621,-5.561679,1.622954,-6.715084,1.42578,11.499627,0.773727,0.190756,-0.093193,0.59688
0.99102,3.105595,-2.069033,-10.987842,-1.387837,19.841286,0.749342,-0.133468,0.256196,0.595842,-0.365032,-3.586463,-0.85245,14.64965,11.532586,19.999378,0.759277,0.209237,-0.041649,0.614797,1.24728,-3.989807,-1.401594,-0.958251,17.227774,19.999378,0.77555,0.22593,-0.111992,0.578729
-0.064359,4.542219,-1.015018,-12.040684,0.133998,22.406391,0.74342,-0.163865,0.286508,0.581704,1.87837,-2.65526,-2.184869,8.900142,16.71813,19.913319,0.767065,0.241798,-0.044837,0.592559,-0.683237,-1.666588,1.471833,-3.75427,5.538327,16.356802,0.767002,0.227729,-0.130435,0.585513
0.958568,7.73399,-0.992383,-35.375488,9.006584,28.761728,0.725751,-0.204157,0.348402,0.55697,2.859592,-3.18844,1.174913,-4.76196,12.001336,19.999378,0.751529,0.281337,-0.053287,0.594311,-2.907483,-1.350511,4.089845,-5.534054,-3.193968,19.999378,0.747272,0.206067,-0.166093,0.60953
0.478057,-0.034088,-2.046399,-32.676388,10.576276,26.081766,0.737385,-0.206678,0.348056,0.540737,0.825844,-2.230631,3.009649,1.688231,-6.869503,14.636222,0.729859,0.29727,-0.074192,0.611084,-2.172098,-2.050776,-2.239145,4.583737,-7.695308,19.956043,0.761549,0.203995,-0.190232,0.585007
0.567777,-4.118432,0.693768,-8.575876,3.531806,11.399407,0.748517,-0.176036,0.321528,0.55258,0.383124,-2.01672,0.114937,1.349487,-5.401608,9.103389,0.726643,0.310606,-0.087604,0.606491,-0.252223,-3.02242,-2.950052,8.100581,12.356561,8.140254,0.773011,0.226747,-0.207713,0.554875
0.387518,-1.7756,0.837213,-4.776074,-4.192225,6.776474,0.750712,-0.161814,0.310482,0.560215,-0.356518,-1.100416,-0.301178,5.019528,-1.500854,12.636101,0.728907,0.313216,-0.097584,0.600881,0.545951,-1.889013,-1.026984,6.876827,10.488276,1.611938,0.773311,0.245206,-0.216508,0.543121
-0.307069,-1.103375,0.477784,-4.52722,-3.617948,7.235896,0.751477,-0.157577,0.299847,0.566159,0.022349,-0.482097,-1.577192,5.675656,4.91882,17.463369,0.738244,0.316379,-0.095242,0.588065,0.306499,0.094717,1.85815,3.35449,4.619138,7.964473,0.763072,0.243598,-0.216914,0.557961
-0.175624,0.973839,-0.599139,-10.08814,2.421536,11.236695,0.751005,-0.165726,0.306848,0.560681,0.068111,-0.088331,-0.899276,5.518795,11.041863,18.635242,0.743999,0.3178,-0.090978,0.580675,-0.305435,1.098288,2.492432,6.198727,-1.716918,17.264395,0.752219,0.227853,-0.215676,0.579417
0.134445,2.903519,-1.162553,-16.548761,5.312066,14.452649,0.747823,-0.184143,0.328949,0.546477,-0.340554,-0.153249,0.323527,5.040891,9.445795,16.919546,0.74388,0.31525,-0.093503,0.581815,-0.682173,0.731128,0.805624,4.545286,-6.822506,19.999378,0.750747,0.214859,-0.215803,0.586204
0.160079,2.252293,-1.006564,-16.864614,3.771089,15.256638,0.745297,-0.198006,0.346291,0.534229,-0.685366,0.101102,0.806688,5.216062,2.049559,12.443841,0.741979,0.306909,-0.099516,0.587675,-0.057469,-0.158571,-1.797489,5.189206,-4.391477,18.532703,0.761161,0.217326,-0.213137,0.572684
-0.090266,0.322068,-0.367337,-13.533805,0.440279,12.260823,0.746236,-0.203406,0.346988,0.530423,-0.532116,0.390573,0.306499,4.060667,-0.024414,11.048577,0.742618,0.298523,-0.101101,0.590908,0.25648,-0.087267,-2.258301,6.014401,4.685666,8.503413,0.7734,0.225824,-0.206352,0.555217
-0.175896,-0.729766,-0.093539,-10.671989,0.172283,9.303294,0.749029,-0.202914,0.340238,0.531048,-0.351197,0.744963,-0.503382,3.134764,-0.043335,11.199334,0.74786,0.290169,-0.096265,0.589265,-0.200076,0.813074,-0.659824,6.608883,5.854489,7.03796,0.779214,0.222632,-0.199077,0.551017
-0.191441,-0.798761,-0.132263,-8.547162,0.382852,8.020741,0.752415,-0.202214,0.332197,0.531618,-0.355454,0.974837,-0.843936,3.174437,2.499388,11.197503,0.755502,0.28083,-0.087983,0.585322,-0.565107,1.582514,0.841808,4.832761,1.908568,10.904534,0.779297,0.207028,-0.19011,0.560077
-0.129809,-0.550597,-0.280071,-7.082755,0.689133,7.513463,0.755769,-0.199889,0.325944,0.531611,-0.448042,1.182362,-0.94291,2.204589,4.863278,10.894158,0.764007,0.270514,-0.077427,0.580614,-0.462941,1.82303,0.691751,3.114622,-1.304321,13.417961,0.779956,0.190067,-0.179188,0.568706
-0.121082,0.028634,-0.3777,-6.393622,0.775275,6.74776,0.75738,-0.200451,0.324793,0.529807,-0.614062,1.412236,-0.366096,1.917724,4.470823,10.61706,0.769535,0.256991,-0.06764,0.580679,-0.185176,1.618697,-0.206461,2.655028,-1.773681,12.394403,0.784504,0.177895,-0.166678,0.57019
-0.125446,0.490601,-0.460603,-5.924629,0.51685,6.211768,0.758074,-0.203879,0.326563,0.526408,-0.692815,1.525045,-0.053212,2.141722,1.82434,9.011836,0.772915,0.241159,-0.059259,0.583888,-0.036184,1.486733,-1.107866,2.286986,-0.502319,9.936518,0.793475,0.169345,-0.152469,0.564327
-0.018817,0.713131,-0.417243,-5.924629,0.315853,5.886343,0.757669,-0.207384,0.331444,0.522557,-0.793917,1.53143,0.085139,3.258055,1.433715,7.905879,0.775136,0.224491,-0.053338,0.588145,0.139414,1.453741,-1.560165,2.651976,1.223144,7.988276,0.804481,0.164078,-0.135709,0.554494
0.097084,0.509145,-0.303251,-5.589633,0.334995,5.790631,0.75816,-0.209175,0.334186,0.519375,-0.807752,1.409044,0.147928,3.566282,1.98059,7.573238,0.776377,0.209864,-0.049429,0.592237,0.185176,1.431393,-1.522917,3.124388,2.41577,6.787716,0.814483,0.161316,-0.119636,0.54431
0.090539,0.115901,-0.17017,-4.536792,0.430708,5.752346,0.759275,-0.208602,0.334132,0.518009,-0.77689,1.329226,-0.02767,2.058715,0.775146,6.84692,0.77884,0.19423,-0.044339,0.594734,0.121322,1.438842,-1.142986,2.935179,2.34558,6.299435,0.82209,0.15761,-0.104726,0.536983
0.033543,-0.066541,-0.071995,-3.809374,0.631705,5.197211,0.760289,-0.207004,0.332783,0.518032,-0.763055,1.300492,-0.028734,3.172606,0.3479,6.282955,0.780742,0.180105,-0.040598,0.596949,0.038312,1.558036,-0.774761,2.861326,1.831664,6.23779,0.827567,0.152233,-0.090444,0.532701
0.041452,-0.031089,-0.093811,-3.407379,0.660419,4.603791,0.76126,-0.2055,0.331814,0.517827,-0.559786,1.265372,-0.366096,4.017332,1.605834,5.952145,0.78403,0.169502,-0.034885,0.596105,-0.041505,1.502696,-0.473583,3.356932,1.090087,6.436764,0.831093,0.145309,-0.079098,0.530948
0.087539,0.179442,-0.13799,-3.503092,0.411565,4.565506,0.761954,-0.205084,0.332367,0.516614,-0.377802,1.17172,-0.697072,4.467161,2.570799,5.819088,0.788855,0.161396,-0.027755,0.592352,-0.076625,1.559101,-0.302242,3.776853,0.048828,6.611935,0.833668,0.13664,-0.068054,0.530742
0.153262,0.331885,-0.102811,-4.048656,0.37328,4.82393,0.762094,-0.204839,0.334486,0.515136,-0.389509,1.106802,-0.868414,2.771605,2.633666,6.27319,0.794614,0.153855,-0.020236,0.586941,-0.093652,1.602734,-0.353325,3.571775,-0.321045,7.218013,0.836441,0.127201,-0.056637,0.530066
0.19335,0.31525,-0.014726,-4.52722,0.449851,4.938786,0.761793,-0.203665,0.337124,0.514326,-0.348004,0.937589,-0.764119,2.810057,2.828367,7.337032,0.799524,0.1476,-0.013975,0.582041,-0.09046,1.525045,-0.427821,2.377318,0.458374,8.054805,0.839463,0.117642,-0.045549,0.528563
0.205894,0.269435,0.038997,-4.986642,0.583849,5.082355,0.761098,-0.201651,0.340228,0.514104,-0.340554,0.794982,-0.359711,2.694701,2.862547,8.125606,0.801962,0.142167,-0.009421,0.580128,-0.058533,1.373924,-0.574686,2.653197,0.674438,8.466792,0.842927,0.110021,-0.035622,0.525444
0.230711,0.241892,0.066813,-5.26421,0.59342,5.178068,0.76026,-0.199162,0.343586,0.514081,-0.315013,0.655567,-0.11068,2.53784,2.573241,9.090571,0.802837,0.13761,-0.006583,0.580055,-0.127708,1.239831,-0.475712,2.113646,0.435791,8.30749,0.845834,0.101866,-0.027166,0.522916
0.259072,0.211894,0.059178,-5.666204,0.526421,5.254639,0.75908,-0.197094,0.348088,0.513593,-0.246902,0.312884,-0.101102,2.337035,1.602782,8.771358,0.803567,0.134221,-0.007299,0.57983,-0.188369,1.258987,-0.070239,2.220458,0.562744,8.292232,0.846537,0.093569,-0.019413,0.523674
0.284434,0.256618,0.000273,-6.183053,0.382852,5.570491,0.758557,-0.197762,0.352028,0.51142,-0.22136,0.139414,-0.245838,2.6416,0.871582,8.369746,0.805133,0.131575,-0.009113,0.578236,-0.167084,1.20684,-0.187305,1.857299,0.939941,8.990474,0.847716,0.086048,-0.011876,0.523281
0.302706,0.259072,-0.056996,-6.288338,0.086142,5.895915,0.759141,-0.198232,0.354143,0.508905,-0.135158,0.059597,-0.539566,2.247313,0.509643,8.639522,0.80835,0.129404,-0.010517,0.5742,-0.130901,1.22706,-0.147928,0.651855,1.493529,9.569696,0.848788,0.078307,-5.2e-05,0.522894
0.323159,0.306251,-0.070904,-6.719046,0.086142,6.077769,0.759521,-0.199154,0.357031,0.50595,-0.085139,0.080882,-0.647053,1.176147,0.547485,9.314569,0.812297,0.126489,-0.010137,0.569265,0.02767,0.993993,-0.143671,0.281982,1.753539,9.60998,0.849518,0.073687,0.010603,0.522272
0.330522,0.349611,-0.034634,-6.814759,0.564706,6.01077,0.758437,-0.198735,0.362762,0.503661,-0.097909,0.072368,-0.440592,1.044311,1.188354,9.846186,0.81512,0.123401,-0.00949,0.565909,0.101102,0.957809,0.155378,-0.507812,1.644897,9.148555,0.848558,0.069158,0.021107,0.524129
0.323977,0.289343,0.051269,-6.738189,0.985843,5.771488,0.757135,-0.1963,0.367955,0.502806,-0.08301,-0.148993,-0.258608,1.386718,1.428222,9.80102,0.816807,0.121725,-0.011364,0.563801,0.190498,0.898212,0.146864,-0.177612,1.257324,8.905635,0.847518,0.065056,0.031327,0.525824
0.308705,0.301069,0.050724,-6.738189,0.957129,5.838487,0.755887,-0.193706,0.372776,0.502137,-0.124515,-0.072368,-0.06279,0.92041,1.743773,9.159541,0.817536,0.119996,-0.010976,0.563122,0.245838,0.972708,-0.152185,-0.255737,0.592041,8.587031,0.847946,0.059995,0.040937,0.525075
0.283889,0.330794,-0.017453,-6.728617,0.449851,6.077769,0.75601,-0.193759,0.37515,0.500159,-0.22136,0.021285,0.077689,0.606689,1.798705,9.286493,0.817588,0.117042,-0.010458,0.563677,0.255416,1.220675,-0.40228,0.183105,-0.244751,8.621211,0.849451,0.054087,0.051578,0.522339
0.259072,0.314977,-0.100084,-6.939186,0.038285,6.30748,0.756524,-0.194699,0.377229,0.497446,-0.188369,-0.103231,0.03512,0.769043,1.221313,9.407953,0.817809,0.11424,-0.011798,0.563905,0.073432,1.279207,0.001064,-2.236937,-0.78125,9.109492,0.848798,0.046075,0.063211,0.522891
0.21653,0.270799,-0.135536,-7.302895,0.210568,6.077769,0.757075,-0.196507,0.37922,0.494375,-0.13835,-0.091524,0.065982,1.569213,0.726318,9.546503,0.817608,0.11216,-0.014721,0.564545,-0.084074,1.197261,0.365032,-2.48474,-0.266113,10.30456,0.846212,0.037405,0.073279,0.526448
0.161716,0.217893,-0.117537,-7.647461,0.832702,5.895915,0.756511,-0.19722,0.382814,0.49218,-0.143671,-0.048955,0.086203,1.956786,0.811157,9.883417,0.817218,0.11029,-0.017763,0.56539,0.032991,0.956745,-0.22136,0.447387,-0.661621,12.428582,0.846767,0.031614,0.079866,0.524975
0.090539,0.21653,-0.08563,-7.743174,1.359123,5.828916,0.755544,-0.197161,0.386191,0.491049,-0.141543,-0.05534,0.063854,1.73828,0.635376,9.805902,0.816997,0.108076,-0.020516,0.566044,0.152185,0.150057,-0.51296,1.701049,0.517578,13.149406,0.849361,0.032011,0.08015,0.5207
0.025907,0.262345,-0.073631,-7.331609,0.746561,6.250053,0.75554,-0.197987,0.386849,0.490203,-0.122387,0.011707,-0.037248,1.051635,0.543213,9.417109,0.817463,0.105095,-0.021391,0.5659,0.077689,-0.813074,-0.628961,4.110715,0.704956,11.827996,0.853249,0.037135,0.072008,0.515164
0.028907,0.256891,-0.103084,-7.188039,-0.382852,6.671189,0.755835,-0.200174,0.387285,0.488514,-0.102166,-0.006385,-0.064918,1.066284,0.345459,9.287714,0.818035,0.10242,-0.022447,0.565522,-0.230938,-0.855643,-0.046826,2.547606,0.392456,9.522089,0.854185,0.040082,0.061626,0.514737
0.089994,0.292888,-0.163352,-7.216753,-0.880559,7.168897,0.756406,-0.202227,0.38816,0.486085,-0.052147,-0.09046,-0.183048,1.145019,0.133667,9.466547,0.81918,0.100708,-0.023974,0.564108,-0.308627,-0.187305,0.434207,0.447998,0.863647,8.659053,0.852195,0.039199,0.056346,0.518694
0.194168,0.215712,-0.233165,-7.216753,-0.411565,7.312466,0.757822,-0.202995,0.388781,0.483053,-0.076625,-0.107487,-0.161763,1.952514,0.210571,10.032953,0.820339,0.099847,-0.026264,0.562474,-0.254352,0.399087,0.586392,-2.495726,0.205688,8.621821,0.848975,0.033921,0.059155,0.524008
0.2588,0.037634,-0.248437,-7.379465,0.449851,6.862615,0.760045,-0.201806,0.388446,0.480319,-0.086203,-0.074496,-0.213911,1.976317,0.445556,9.94079,0.821821,0.098937,-0.028216,0.560373,-0.078753,0.36716,0.19369,-3.700559,-0.325928,9.328608,0.847774,0.029921,0.062784,0.52577
0.268617,-0.103902,-0.243255,-7.302895,1.138984,6.125626,0.762091,-0.198525,0.38844,0.478447,-0.08301,0.031927,-0.328848,1.624145,0.88562,9.608759,0.823726,0.096796,-0.029521,0.557877,0.179855,-0.058533,-0.598099,-3.193968,-0.093384,9.534906,0.850943,0.029684,0.064466,0.520433
0.225529,-0.092721,-0.24271,-7.12104,1.435694,5.790631,0.763662,-0.195639,0.388994,0.476677,-0.072368,0.11813,-0.49274,1.431274,1.188964,9.406122,0.826758,0.094113,-0.027308,0.553949,0.181984,-0.181984,-0.68643,-2.836302,0.663452,9.234613,0.854579,0.03037,0.065516,0.514268
0.172624,-0.013635,-0.21653,-7.293324,1.339981,5.656633,0.764476,-0.193726,0.390417,0.474987,-0.068111,0.192626,-0.531052,0.92041,1.376342,9.325556,0.829972,0.092176,-0.023663,0.549619,0.121322,-0.079817,-0.630026,-0.828857,1.209106,9.196772,0.857696,0.032108,0.067491,0.508687
0.118901,0.070086,-0.167443,-7.532606,1.119841,5.819345,0.764557,-0.19262,0.392464,0.473618,-0.097909,0.171341,-0.290535,0.740356,1.710204,9.372553,0.831817,0.090706,-0.020532,0.547195,0.006385,0.219232,-0.259673,0.286865,1.14746,9.760736,0.858882,0.031779,0.06772,0.506672
0.078267,0.106629,-0.094084,-7.446464,0.899701,5.962914,0.764547,-0.191167,0.393683,0.47321,-0.093652,0.096845,-0.09046,0.776977,1.649779,9.416498,0.832532,0.089646,-0.018179,0.546365,-0.096845,0.290535,0.16602,0.13916,1.075439,10.158075,0.857909,0.030269,0.067809,0.508399
0.055087,0.112083,-0.046906,-7.293324,0.698704,6.106483,0.765073,-0.191066,0.393349,0.472679,-0.084074,0.011707,-0.011707,1.19995,1.365356,9.567255,0.832712,0.089944,-0.016849,0.546084,-0.123451,0.163892,0.252223,-0.681152,0.853271,10.173944,0.856682,0.027489,0.066844,0.510749
0.037361,0.13799,-0.050996,-7.302895,0.564706,6.183053,0.765555,-0.19167,0.393015,0.471931,-0.086203,0.001064,0.004257,1.654662,0.996093,9.619135,0.832641,0.089166,-0.019305,0.546239,-0.086203,0.023413,0.02767,-1.502685,0.698852,9.678949,0.856611,0.024857,0.067471,0.510919
0.023726,0.112901,-0.056723,-7.408179,0.401994,6.345766,0.76616,-0.192577,0.392393,0.471097,-0.088331,0.061725,-0.053212,1.752318,0.551758,9.721674,0.832949,0.08733,-0.02106,0.546001,-0.038312,-0.019156,-0.175598,-1.707152,0.049438,9.36767,0.857622,0.022541,0.067487,0.509326
0.04227,0.061905,-0.05645,-7.513463,0.382852,6.384051,0.767003,-0.193175,0.391468,0.470249,-0.080882,0.104295,-0.124515,1.497802,0.213013,9.786982,0.833713,0.084708,-0.021924,0.545214,-0.009578,0.012771,-0.119194,-1.600341,-0.112305,9.352411,0.858324,0.020322,0.067649,0.508215
0.063814,0.005181,-0.055632,-7.513463,0.344566,6.221339,0.768094,-0.193727,0.390268,0.469238,-0.069175,0.111744,-0.142607,1.193237,0.105591,9.859003,0.834611,0.081814,-0.022189,0.54427,-0.02022,0.091524,-0.025542,-1.290893,0.031738,9.510492,0.858511,0.0177,0.068018,0.507948
0.071995,-0.023998,-0.055905,-7.532606,0.507278,6.077769,0.769295,-0.194238,0.38893,0.468168,-0.072368,0.086203,-0.130901,0.928344,0.280151,9.734491,0.835479,0.078845,-0.022185,0.543375,-0.028734,0.148993,0.043634,-1.119384,0.2948,9.733271,0.858314,0.014835,0.068524,0.508303
0.071177,-0.02318,-0.064359,-7.49432,0.602991,5.972486,0.770272,-0.195447,0.388161,0.466696,-0.073432,0.053212,-0.117066,0.856933,0.479126,9.622187,0.836283,0.075999,-0.022131,0.542546,-0.018092,0.140479,-0.030863,-1.19995,0.595092,9.851679,0.858475,0.011954,0.069524,0.507973
0.066541,-0.000273,-0.078813,-7.475178,0.602991,5.924629,0.77005,-0.195154,0.389801,0.465815,-0.078753,0.05534,-0.131965,0.825805,0.682373,9.629511,0.837194,0.073152,-0.021538,0.541556,-0.02022,0.093652,-0.063854,-1.121215,0.700073,9.768671,0.858846,0.009317,0.069791,0.507363
0.05536,0.03927,-0.079085,-7.49432,0.564706,6.049056,0.771068,-0.195098,0.388757,0.465027,-0.074496,0.068111,-0.144736,0.914306,0.698852,9.660028,0.838151,0.070225,-0.021088,0.54048,-0.02767,0.037248,-0.065982,-0.914306,0.454712,9.728388,0.859295,0.007667,0.068384,0.506822
0.055905,0.041724,-0.08563,-7.542177,0.545564,6.15434,0.772095,-0.194991,0.38774,0.464217,-0.073432,0.073432,-0.130901,0.964355,0.718994,9.677118,0.839011,0.067265,-0.02086,0.53953,-0.039377,0.051083,-0.010642,-0.970458,0.423584,9.705805,0.85945,0.005673,0.067208,0.506742
0.052087,0.017453,-0.085085,-7.513463,0.526421,6.221339,0.773181,-0.194671,0.386555,0.463531,-0.074496,0.069175,-0.120258,0.953369,0.726928,9.693598,0.839809,0.064314,-0.020619,0.538657,-0.045762,0.097909,0.017028,-1.2854,0.358887,9.66308,0.859379,0.002801,0.067738,0.506816
0.05236,-0.023998,-0.083721,-7.542177,0.51685,6.15434,0.774473,-0.194493,0.384966,0.462771,-0.063854,0.072368,-0.112809,0.95642,0.6958,9.677729,0.840534,0.061462,-0.020645,0.537857,-0.036184,0.098974,-0.024477,-1.604003,0.207519,9.579462,0.859476,4.1e-05,0.068906,0.506502
0.048542,-0.044179,-0.072813,-7.49432,0.574277,6.049056,0.77446,-0.192893,0.3859,0.462685,-0.053212,0.069175,-0.108552,1.001586,0.645141,9.653925,0.841158,0.059155,-0.021582,0.537104,-0.02767,0.080882,-0.053212,-1.682128,0.280151,9.643549,0.859706,-0.002488,0.070214,0.505925
0.048542,-0.075813,-0.066813,-7.628319,0.641276,5.924629,0.774472,-0.192607,0.386853,0.461988,-0.039377,0.070239,-0.102166,0.969848,0.639648,9.628901,0.841751,0.056802,-0.022231,0.536401,-0.023413,0.068111,-0.054276,-1.622924,0.432129,9.570307,0.859918,-0.00474,0.071762,0.505332
0.034088,-0.081812,-0.051814,-7.542177,0.641276,5.819345,0.774414,-0.192377,0.387712,0.46146,-0.030863,0.084074,-0.092588,0.910034,0.687255,9.630121,0.8424,0.054733,-0.020209,0.535676,-0.018092,0.06279,-0.037248,-1.475829,0.627441,9.578241,0.859978,-0.006216,0.073928,0.504901
0.028634,-0.062995,-0.04227,-7.475178,0.622134,5.838487,0.774225,-0.192211,0.388715,0.461002,-0.023413,0.087267,-0.077689,0.765991,0.670166,9.622797,0.842959,0.052857,-0.017993,0.535064,-0.023413,0.06279,-0.002128,-1.378783,0.605468,9.579462,0.859877,-0.008007,0.075866,0.50476
0.023453,-0.021817,-0.028362,-7.484749,0.631705,5.905486,0.773758,-0.19184,0.390098,0.460772,-0.025542,0.078753,-0.068111,0.686035,0.689086,9.624018,0.843457,0.051309,-0.015665,0.534503,-0.032991,0.073432,0.025542,-1.402587,0.516967,9.572748,0.859742,-0.010633,0.076438,0.504855
0.024816,-0.013363,-0.015544,-7.523035,0.574277,5.924629,0.77356,-0.192853,0.390941,0.459967,-0.030863,0.063854,-0.046826,0.646362,0.673217,9.661249,0.843837,0.049595,-0.013622,0.534122,-0.037248,0.078753,0.028734,-1.558227,0.476074,9.574579,0.859505,-0.013019,0.077969,0.504969
