1.341995,-0.016635,-0.593957,-2.833102,1.627119,1.981257,-0.80488,-0.139736,-0.241586,0.523708,1.284528,4.240966,-1.642111,2.74658,5.44067,3.588255,-0.924844,-0.102455,0.270945,0.24647,-0.002128,-2.176355,-1.550587,8.37646,-6.512447,1.121826,-0.84986,-0.088653,-0.352348,0.381735
1.546525,0.10772,0.48542,-4.977071,-1.981257,1.052842,-0.804394,-0.154053,-0.235417,0.523249,1.230253,-1.343061,-4.528309,19.999378,9.745478,19.999378,-0.907325,-0.122422,0.283131,0.285663,-0.366096,-2.2881,2.470083,-1.379394,3.298338,-2.389525,-0.86708,-0.087233,-0.332497,0.360556
1.15219,-1.236729,0.201804,-1.808974,-5.886343,-1.617548,-0.80603,-0.156213,-0.220679,0.526503,-0.207525,0.668338,-3.54283,15.63964,4.711911,18.718861,-0.898894,-0.130801,0.272997,0.316772,1.104673,-3.688629,-1.542073,-7.573848,5.795895,-3.255613,-0.871848,-0.079858,-0.298618,0.379899
0.556324,-0.498782,0.125718,-0.957129,-0.421137,-0.535992,-0.806405,-0.158736,-0.215315,0.527395,-1.163206,0.00745,-0.151121,-6.01196,1.72119,-2.484129,-0.899819,-0.122163,0.267996,0.321825,1.45587,-3.329983,-2.488175,-1.608275,6.602779,1.344604,-0.870607,-0.074182,-0.265211,0.40767
-0.14508,-0.043361,-0.082085,-4.354937,5.532206,1.004985,-0.806294,-0.159049,-0.21576,0.527288,0.128772,0.179855,5.512724,-3.84094,-5.255124,-12.14721,-0.916358,-0.108778,0.273933,0.270937,1.208968,-3.564114,-0.727935,0.6958,6.649776,6.066281,-0.875964,-0.06929,-0.228186,0.419295
-0.478602,0.304342,-1.365993,-15.725631,-4.15394,-1.885544,-0.798618,-0.154354,-0.224592,0.536595,0.836487,-1.468641,-5.502081,0.170288,-14.348136,19.999378,-0.895549,-0.126027,0.282241,0.320064,1.312199,-4.139864,0.549144,-4.678952,-5.406491,16.884756,-0.88599,-0.062811,-0.185317,0.420388
-1.830959,2.753257,0.156262,-6.862615,-1.292124,14.749359,-0.795854,-0.153117,-0.255455,0.527168,0.779018,-0.632154,3.677987,-3.585203,16.329947,-10.087885,-0.903372,-0.122295,0.295401,0.285819,1.733635,-5.481861,0.2916,-15.402213,-3.894651,19.999378,-0.89453,-0.055645,-0.130958,0.423747
-1.845958,3.209497,0.588503,-11.877972,7.427321,16.969898,-0.793381,-0.158356,-0.28862,0.512015,-1.376052,-1.682551,2.443478,19.494617,-12.219842,5.495602,-0.906653,-0.096114,0.310372,0.269079,1.324969,-5.936288,-2.119951,-5.274045,10.214838,19.999378,-0.890863,-0.041219,-0.072325,0.446571
-0.101993,4.928101,-1.008746,-20.61656,-0.411565,17.515461,-0.772728,-0.180653,-0.330595,0.510837,-0.084074,3.93766,-7.020741,-19.999989,8.74145,0.739135,-0.897153,-0.128494,0.265599,0.328717,1.891141,-6.706793,-0.22136,-2.541502,2.041625,19.997547,-0.891823,-0.029158,-0.002682,0.451427
-0.445604,0.716403,1.966495,-15.199209,-1.607977,28.321449,-0.781544,-0.186573,-0.333504,0.493099,-1.80281,3.36936,2.983043,-7.341304,19.329823,19.999378,-0.917071,-0.116813,0.231837,0.302622,2.644618,-7.681629,1.147242,-0.324707,0.230713,19.999378,-0.893474,-0.016055,0.077654,0.442052
0.854666,-3.5512,2.487367,-12.356536,-2.335395,29.594431,-0.803722,-0.182955,-0.29537,0.483018,-1.432457,3.960009,-0.796046,-0.943603,-5.064084,15.191642,-0.924923,-0.116313,0.188598,0.308887,0.961002,-7.227202,3.603491,-0.071411,-2.889403,19.999378,-0.900589,0.011006,0.145125,0.409573
1.314996,-2.37283,1.153008,-6.336195,-1.464407,25.794628,-0.813968,-0.184416,-0.26649,0.482101,-1.183426,5.209417,-1.414365,-3.287962,9.663691,17.891226,-0.930038,-0.125032,0.133658,0.318629,0.448042,-5.67768,1.572935,-4.999997,-5.023801,19.745472,-0.897483,0.032765,0.195671,0.393898
1.03029,-0.326977,0.69895,-2.804388,0.382852,16.816757,-0.81671,-0.192213,-0.256223,0.479979,-1.129151,5.418007,-1.896462,-3.253172,10.514521,19.999378,-0.930637,-0.135263,0.07619,0.33137,0.34694,-4.396344,-0.800303,-5.23132,-4.297483,12.532341,-0.885265,0.045542,0.234647,0.398953
1.003292,-0.437423,-0.006,-4.421936,1.215554,8.116454,-0.816374,-0.198035,-0.246178,0.483429,-1.323905,5.95438,-0.358646,0.095215,9.971308,19.981678,-0.933532,-0.143789,0.015985,0.327995,0.102166,-3.565178,-1.495247,-3.575437,-1.510619,1.237792,-0.870699,0.055262,0.265354,0.410376
0.766854,-0.382609,0.639772,-3.426522,1.713261,3.847659,-0.818872,-0.205804,-0.237674,0.480205,-0.766247,5.709607,-1.379245,7.070919,-4.22241,18.264761,-0.929723,-0.153564,-0.041034,0.332177,0.095781,-2.166777,-1.461191,-2.996214,-1.51245,-5.253903,-0.858793,0.06015,0.285167,0.421341
0.120264,-3.0366,0.363247,-2.124826,2.478964,-1.062413,-0.826996,-0.194768,-0.211772,0.482998,-0.011707,4.894405,-3.888705,8.123775,0.093384,13.278191,-0.913406,-0.166679,-0.090873,0.360058,0.22136,-0.847129,-1.691065,-5.559079,-1.312255,-11.599725,-0.848963,0.057112,0.295209,0.43456
-0.244892,-3.435571,-0.415879,-0.756132,-1.588834,-8.930014,-0.83173,-0.17597,-0.186995,0.492223,-0.348004,3.714171,-2.558415,4.858396,10.236811,5.042722,-0.900648,-0.175436,-0.128538,0.376197,0.54063,0.470391,-2.838308,-7.860713,-1.256713,-11.492303,-0.837873,0.041698,0.29517,0.457271
-0.226075,-0.233165,-0.458422,0.382852,-0.803988,-4.651647,-0.829794,-0.172808,-0.188742,0.495931,-1.050397,1.901783,-0.187305,9.160151,8.646846,14.208365,-0.89952,-0.172834,-0.14806,0.37291,0.183048,1.023792,-2.427514,-8.366694,-5.135495,-8.759151,-0.829857,0.028667,0.287484,0.477347
-0.830395,0.058632,0.019908,0.497707,-1.014557,5.168497,-0.831495,-0.164773,-0.192407,0.494406,-0.369289,1.035498,2.161456,19.4995,11.320794,10.095819,-0.906803,-0.176566,-0.153149,0.350812,-0.504446,1.701708,-1.207904,-7.45605,-6.907345,-8.328242,-0.828981,0.021956,0.270286,0.489127
-0.976021,-1.239456,-0.51569,-1.091127,-1.292124,2.823531,-0.832739,-0.147701,-0.188292,0.499267,0.704522,-0.095781,2.580764,7.95959,0.866699,3.950193,-0.91484,-0.185949,-0.143541,0.328449,-2.673352,3.457691,2.531809,-7.76794,0.971679,-8.291621,-0.848976,0.032602,0.227347,0.475901
-0.361338,-1.370902,0.016362,-3.081956,1.11027,1.540978,-0.835582,-0.139383,-0.179634,0.500098,0.594906,-1.273886,-0.49274,5.054929,-8.865962,3.365477,-0.914123,-0.184794,-0.130485,0.336446,-3.644996,4.58897,5.595734,4.315794,3.223265,0.686645,-0.881625,0.053916,0.170516,0.436747
0.007636,-1.380174,0.12081,-5.78106,2.096113,-1.091127,-0.838284,-0.134186,-0.169042,0.500689,-0.001064,-1.997564,1.606991,6.275021,-6.539913,1.004638,-0.922152,-0.178537,-0.10854,0.325531,-3.034127,1.98905,5.441421,13.95385,-1.092529,7.804561,-0.90497,0.082154,0.138054,0.393973
-0.274344,-0.257436,0.045815,-3.828516,0.89013,-1.301695,-0.838983,-0.131954,-0.169534,0.499945,-0.539566,-3.256551,0.52041,3.862913,-7.810665,2.073363,-0.928071,-0.161662,-0.07904,0.326027,-0.669402,4.246287,-0.753477,-2.613524,-3.131102,19.999378,-0.906684,0.070081,0.095617,0.404799
-0.486511,-0.218166,0.373882,0.421137,-0.421137,0.047856,-0.841975,-0.125666,-0.169242,0.496623,-0.725807,-3.97278,-0.059597,1.220702,-2.784422,4.085691,-0.931661,-0.13998,-0.044229,0.332337,1.580385,1.417558,-3.531123,12.026971,6.62048,19.844349,-0.893888,0.045837,0.093375,0.436047
-0.148898,-0.004909,0.218984,-2.335395,-0.555135,-0.746561,-0.84286,-0.125334,-0.171439,0.494449,-0.794982,-4.305884,0.850322,-0.706787,0.024414,7.727657,-0.936761,-0.116602,-0.005513,0.329914,-1.925196,0.850322,5.120022,-19.999989,-7.49084,-19.999989,-0.914897,0.064025,0.072979,0.391829
-0.23671,-0.09163,0.725948,-16.309479,5.819345,-7.704889,-0.846579,-0.12553,-0.172149,0.487752,-0.588521,-4.866735,0.423564,-3.202513,9.770502,18.636463,-0.937807,-0.096883,0.038714,0.331097,2.925575,-5.821352,-4.915689,19.999378,9.204706,19.999378,-0.890011,0.055945,0.142287,0.429533
1.40199,5.67532,1.623702,2.029114,1.493121,28.273592,-0.841861,-0.166753,-0.209416,0.468616,-0.503382,-5.829865,0.754541,-6.695553,16.436758,19.910877,-0.936767,-0.074379,0.091923,0.329359,-2.990493,6.325798,7.348525,-19.999989,3.746946,-19.999989,-0.924293,0.064273,0.067323,0.37015
1.690788,6.394177,1.41508,-19.295721,-4.29751,25.048067,-0.829967,-0.212434,-0.253995,0.448893,0.253287,-5.292428,3.073503,-6.359859,-3.942259,19.999378,-0.940338,-0.055651,0.1426,0.30385,-1.052526,-3.190569,-4.84545,14.065544,5.401608,-10.07934,-0.901735,0.082563,0.097819,0.412894
-0.03927,4.118704,-0.781308,-22.703102,5.493921,25.641487,-0.814962,-0.229813,-0.290495,0.445676,-0.135158,-6.051226,1.537816,-0.603637,7.303463,19.998158,-0.934741,-0.035227,0.198319,0.292712,-2.183805,5.973536,4.665595,-16.950064,-11.051629,16.470938,-0.922293,0.081937,0.029021,0.37658
-0.625319,-4.067708,-2.695443,-13.351951,5.12064,32.475388,-0.815746,-0.197823,-0.264598,0.474768,0.067047,-7.168669,0.392702,-3.742674,10.377802,19.999378,-0.919298,-0.015387,0.263826,0.29162,1.202583,3.190569,-1.83048,-10.900872,-14.855948,19.837025,-0.916539,0.058962,0.00381,0.395548
-0.420788,-3.495295,-1.766055,-5.474778,4.460221,24.847071,-0.817314,-0.172476,-0.239835,0.494693,0.738577,-6.287485,-0.803495,-0.169678,11.185296,18.558949,-0.898414,-0.007318,0.322021,0.298486,0.072368,5.223253,-2.317898,-2.48596,1.116332,18.680408,-0.905852,0.036061,-0.043021,0.41985
-0.339248,-1.484075,-1.394082,-3.235096,-0.325424,20.530418,-0.814777,-0.157926,-0.230459,0.508013,0.702393,-3.939789,-0.074496,-3.219603,9.685663,11.569207,-0.884809,-0.00343,0.35822,0.297946,-0.600227,6.438606,-2.457313,-4.061277,0.17395,19.999378,-0.890065,0.014325,-0.103332,0.443729
-0.382882,0.070904,-1.850594,-3.206382,-1.923829,12.739388,-0.805919,-0.149376,-0.235022,0.522433,0.495932,-1.800681,1.641046,-6.039425,6.607662,5.415036,-0.883089,0.002222,0.37457,0.282557,-2.115694,7.668859,-1.237702,-4.392698,0.65979,19.972523,-0.873276,-0.000816,-0.179824,0.452819
-0.545961,-0.680678,-1.633519,-2.651248,-1.081556,2.507678,-0.799149,-0.137029,-0.236535,0.535376,0.390573,-0.728999,1.826223,-5.675656,-1.889037,-0.826416,-0.885758,0.007703,0.380982,0.264985,-2.42645,8.126479,-0.326719,2.043456,7.794796,19.541615,-0.854566,-0.016619,-0.259264,0.449684
-0.654226,-1.497165,-1.432534,-1.923829,0.937986,-3.991228,-0.795414,-0.12173,-0.231289,0.546804,0.235195,-0.177727,0.692815,-6.627193,-5.086667,-6.9342,-0.887064,0.00952,0.382948,0.257623,-2.24553,7.195275,1.534623,7.414546,8.971553,11.692498,-0.841224,-0.034131,-0.328115,0.42838
-0.818941,-1.940588,-1.466077,-1.464407,2.048256,-6.575477,-0.792409,-0.102752,-0.223166,0.558317,0.072368,0.841808,-0.871606,-6.79443,-9.796747,-11.427606,-0.888033,0.004649,0.375963,0.264611,-1.381374,5.586156,1.146178,5.711667,2.053221,3.169554,-0.827339,-0.049966,-0.378678,0.411835
-1.080741,-1.577069,-1.201823,-0.468993,5.41735,-3.397808,-0.790348,-0.084559,-0.217469,0.566478,-0.200076,1.264308,0.187305,-7.371212,0.515747,-16.260977,-0.892627,0.00326,0.365528,0.263792,0.181984,2.781904,2.442413,-4.825437,-0.227051,16.959219,-0.826805,-0.072191,-0.398027,0.390828
-0.773399,-0.679042,-0.593957,-0.306281,3.522235,3.790231,-0.789482,-0.074396,-0.215466,0.569868,-0.760926,4.54108,2.921318,-17.410269,-2.968748,-7.592769,-0.915844,0.008529,0.321482,0.24041,0.800303,0.03512,-0.79711,19.999378,-1.641234,17.556753,-0.823335,-0.075244,-0.394602,0.400922
0.592048,-0.107992,-0.212712,-0.81356,2.766103,3.914658,-0.788442,-0.079195,-0.209941,0.572716,1.067425,4.475097,-1.038691,-0.894775,1.370238,0.964355,-0.926921,-0.016777,0.281878,0.247128,0.420372,-2.183805,-2.871299,16.969595,-7.358394,7.518306,-0.819797,-0.057602,-0.375943,0.428103
1.013927,-0.31525,0.899935,-3.254239,-0.057428,2.096113,-0.793157,-0.088512,-0.202247,0.567588,0.948231,0.612998,-3.606683,19.999378,5.357053,19.999378,-0.918488,-0.036994,0.279434,0.277346,-1.123829,-1.845379,3.172477,-1.524657,-3.700559,-1.638183,-0.839658,-0.051326,-0.364996,0.398885
1.049379,-1.074468,1.622338,-2.89053,-4.555934,-2.478964,-0.803007,-0.093434,-0.188121,0.55772,0.353325,2.221053,-2.262558,10.277704,0.479126,19.842518,-0.918254,-0.051092,0.258186,0.295854,0.2767,-2.901097,0.570429,-1.657104,10.408319,-2.548827,-0.852277,-0.045903,-0.338935,0.395767
0.839667,-1.501256,0.872119,-3.177669,-6.690332,-5.848059,-0.809377,-0.092815,-0.172377,0.553689,-0.52041,-1.565486,-1.529302,11.682122,5.522458,5.036618,-0.909273,-0.045792,0.271901,0.311751,1.533559,-3.518352,-1.939031,-4.907224,4.201658,-5.361325,-0.854825,-0.039853,-0.304718,0.418121
0.547052,0.115355,0.717767,-1.024128,-2.785246,-2.37368,-0.812246,-0.09835,-0.171402,0.548813,-0.459748,0.966323,0.017028,-4.542234,0.644531,1.00769,-0.912364,-0.045322,0.260202,0.312769,1.24728,-3.277836,-0.235195,1.448363,5.277707,3.376463,-0.863272,-0.037084,-0.270063,0.424786
-0.266708,1.538071,0.616865,3.034099,3.244668,4.019942,-0.813532,-0.105789,-0.182906,0.541767,0.760926,-0.257544,3.705657,1.890258,2.669676,-16.489248,-0.921752,-0.042356,0.26824,0.2768,1.269629,-3.593913,0.516153,-0.322265,4.639279,6.65588,-0.874485,-0.035211,-0.231839,0.424592
-0.865847,0.104447,0.329431,-9.724431,1.540978,-0.526421,-0.815731,-0.101187,-0.189427,0.537079,1.877306,-0.366096,-3.624775,-10.129389,-19.999989,-7.691646,-0.909586,-0.066959,0.274256,0.304868,1.058911,-3.841879,0.917368,-1.148681,-0.072021,6.773067,-0.88652,-0.030216,-0.191455,0.420125
-0.203985,1.195823,-1.101194,-26.187052,-9.667004,-2.861816,-0.807246,-0.104238,-0.203158,0.54425,-1.780461,-2.243402,8.761826,12.362054,19.999378,9.080806,-0.926963,-0.021268,0.294954,0.230829,0.877992,-5.013599,2.268943,-12.750847,-12.639763,19.999378,-0.903695,-0.019983,-0.143872,0.402777
-2.643356,6.993043,1.1451,-3.847659,11.830115,24.311077,-0.800223,-0.123819,-0.270433,0.52074,1.098288,-0.808817,-3.310827,5.594479,-19.999989,8.354487,-0.916428,-0.037522,0.303768,0.257813,1.749598,-5.975665,-1.150435,-14.959098,3.950804,19.909046,-0.905486,-0.011676,-0.083986,0.41581
-1.199096,6.16483,1.220094,-31.81497,6.556334,23.468805,-0.789581,-0.150943,-0.324436,0.49851,-0.495932,3.947238,-1.694258,-9.069209,-6.522823,-19.999989,-0.922833,-0.047839,0.265797,0.274653,1.291978,-6.131042,-1.237702,-5.14343,9.285273,19.999378,-0.903332,0.001391,-0.022748,0.428328
0.776672,2.050489,-0.036816,-15.955341,0.727418,28.503304,-0.78198,-0.167039,-0.335193,0.498239,-0.191562,2.782968,-5.617019,-11.59179,18.785389,19.999378,-0.913119,-0.06994,0.235252,0.325531,2.109309,-7.280414,0.632154,-2.821043,4.190671,19.999378,-0.905149,0.011346,0.051957,0.421746
0.53778,-3.653465,4.456044,-6.001199,-3.18724,26.636902,-0.814601,-0.166806,-0.294762,0.470858,-0.644925,4.349518,1.505889,-4.305418,12.00866,14.174796,-0.927481,-0.076032,0.193298,0.310847,0.510832,-7.629482,1.827287,4.6405,-1.809691,19.999378,-0.905714,0.040762,0.122902,0.403621
-0.031634,-1.009018,1.968131,-4.833502,-3.828516,27.957739,-0.827092,-0.166463,-0.282212,0.456679,-1.488861,5.114701,1.624019,-4.11804,-0.449829,19.999378,-0.94215,-0.074649,0.140411,0.295054,0.093652,-4.938038,1.360089,-0.759277,-7.45483,17.802725,-0.90409,0.062454,0.165559,0.388975
-0.095448,-1.17537,0.125991,-4.106084,-0.81356,17.860027,-0.831516,-0.159685,-0.271428,0.457602,-0.650246,6.068253,-0.24903,-2.38037,3.762205,19.893787,-0.948431,-0.087032,0.079395,0.294267,-0.386316,-2.775518,0.167084,-2.708739,-3.978879,10.554193,-0.899804,0.077339,0.187051,0.386492
0.795761,-1.533708,0.055905,-5.101498,0.162712,4.37408,-0.834083,-0.160265,-0.256336,0.461416,-0.279893,5.751112,-1.343061,1.490478,2.579955,19.999378,-0.947215,-0.101763,0.022418,0.303181,-0.313949,-2.129529,-1.379245,-3.795774,1.429443,1.084594,-0.890173,0.084547,0.204654,0.398186
1.446442,0.559323,0.130354,-4.058227,-2.813959,-3.024528,-0.830256,-0.175229,-0.255912,0.46311,0.058533,5.260501,-3.326791,8.981318,-4.737546,19.033192,-0.936696,-0.117096,-0.029605,0.32864,0.196883,-1.644239,-1.987986,-4.019163,1.520995,-5.50964,-0.878819,0.083848,0.221359,0.414292
0.376882,0.58114,-0.074995,0.363709,0.574277,-2.392823,-0.827391,-0.182511,-0.259999,0.463148,0.241581,4.18669,-4.642181,3.489988,-0.674438,10.046991,-0.918422,-0.130063,-0.072051,0.366587,0.205397,-0.509767,-1.779397,-7.251583,-0.092773,-11.024163,-0.870451,0.079728,0.227599,0.429125
-0.208894,-3.342305,-1.262091,1.990828,0.612563,-7.168897,-0.829727,-0.163277,-0.236554,0.478464,-0.329912,3.360846,-2.198704,2.252196,9.077144,3.127439,-0.907682,-0.139125,-0.105579,0.381578,0.22136,0.459748,-1.449484,-9.45373,-1.912841,-10.822748,-0.865613,0.072374,0.224552,0.441639
-0.250891,-2.129847,-1.075014,-2.335395,0.401994,-2.392823,-0.829373,-0.149556,-0.223212,0.489838,-1.328162,1.722992,-0.143671,7.833248,5.068967,10.418695,-0.907287,-0.133291,-0.124573,0.378863,-0.451235,1.422879,0.030863,-6.006466,-1.654662,-9.344477,-0.868712,0.070209,0.209374,0.443356
-0.36461,-0.091084,-0.792216,-0.727418,-1.464407,2.431108,-0.826147,-0.142465,-0.225695,0.496224,-0.673659,0.720485,0.19369,14.249259,5.759884,10.320429,-0.90832,-0.129892,-0.131551,0.375191,-1.03337,2.283843,-0.469326,-5.191648,-3.653562,-6.555782,-0.870704,0.068897,0.183862,0.450903
-0.877573,-0.451331,-1.087558,0.0,-2.603391,1.895115,-0.82282,-0.128669,-0.228189,0.504315,0.183048,0.289471,0.404408,12.66967,0.652465,5.499875,-0.909553,-0.1325,-0.131269,0.371372,-2.32322,4.31227,1.367539,-2.671507,-0.228271,-6.043087,-0.882103,0.071861,0.134436,0.445701
-0.502873,0.401971,-0.618228,-1.617548,-0.765703,2.74696,-0.819093,-0.123501,-0.235832,0.508143,0.325655,-0.195819,-0.62364,1.248168,-2.528075,-0.38147,-0.907172,-0.132067,-0.129102,0.378048,-3.08521,5.510596,4.19414,8.001704,-0.491943,3.312986,-0.903219,0.080899,0.070537,0.415533
0.008181,-0.842939,-0.291797,-3.101098,0.564706,-0.267996,-0.819235,-0.119829,-0.230539,0.511213,0.142607,-1.10148,-0.260737,5.905758,-1.004028,-0.796508,-0.907675,-0.127939,-0.11736,0.382067,-2.614819,3.103302,3.337433,11.833489,-1.997069,13.551628,-0.915737,0.094797,0.030621,0.389222
-0.014454,-0.922843,-0.346884,-3.48395,2.478964,-0.545564,-0.819435,-0.115929,-0.224135,0.514627,-0.270315,-2.069932,0.965259,6.806637,-5.684201,0.980834,-0.914124,-0.11704,-0.097497,0.37572,-0.451235,1.486733,-0.386316,1.961058,1.125488,19.999378,-0.914256,0.091109,0.01609,0.39442
-0.288525,-0.362429,0.352066,-1.588834,2.785246,-0.440279,-0.822439,-0.114413,-0.222181,0.51101,-0.650246,-2.751041,-0.176663,1.762084,-4.885251,1.514892,-0.91664,-0.098628,-0.074972,0.380018,1.482476,-0.014899,-1.842186,6.44775,0.985107,18.175039,-0.908006,0.076728,0.025653,0.411061
-0.211621,-0.439332,0.469875,-1.282553,0.622134,0.631705,-0.825917,-0.113217,-0.219728,0.506709,-0.867349,-3.289542,0.09046,-0.335083,-3.548582,5.603024,-0.919824,-0.076275,-0.04838,0.381782,1.322841,-5.106187,-3.738648,-0.411377,-9.83703,-2.132567,-0.89046,0.086355,0.07929,0.439693
-0.086448,-0.03327,0.097084,-11.361122,4.039084,-1.052842,-0.826325,-0.114005,-0.220886,0.505363,-0.723678,-3.503453,0.20859,-0.393066,1.597899,8.136592,-0.922338,-0.056973,-0.01687,0.381776,-2.168906,1.864535,4.954001,-12.706291,7.69775,3.303831,-0.910545,0.099623,0.047737,0.398368
-0.190895,2.545181,1.982312,-19.267008,2.163112,24.167509,-0.830275,-0.131184,-0.24131,0.48497,-0.644925,-4.819909,-0.904598,-12.70385,19.974964,19.999378,-0.918895,-0.034394,0.024254,0.39224,4.487868,-8.597934,-11.788503,0.762939,-17.753286,1.661986,-0.854107,0.088193,0.153103,0.489162
2.201842,4.393048,0.86612,-13.974084,-10.107283,32.896526,-0.820008,-0.170828,-0.265674,0.477298,-0.05534,-4.604933,2.287035,-9.365229,0.813598,19.920643,-0.925622,-0.015875,0.065164,0.372447,-3.589656,5.998014,6.686573,9.188837,19.999378,-10.942376,-0.888508,0.098374,0.079796,0.441025
1.458168,5.25235,2.416736,-22.530819,0.363709,2.086541,-0.813089,-0.214694,-0.298523,0.451298,0.752412,-4.660274,1.536752,0.980224,1.513061,19.997547,-0.927211,-0.00513,0.109361,0.35817,-0.608741,2.704215,-2.305127,-15.873404,-11.002801,-4.25842,-0.879491,0.090359,0.05339,0.464189
-0.674679,3.000057,-1.058651,-16.596619,5.704489,33.872799,-0.801005,-0.219054,-0.326638,0.451338,0.285214,-5.422264,0.108552,-3.75427,6.347652,19.999378,-0.92043,0.010204,0.15924,0.356845,0.045762,2.491368,3.07776,-18.316031,-9.881586,19.999378,-0.894591,0.079691,0.02693,0.438888
-0.655862,-8.511752,-5.038002,-9.19801,9.848858,23.813372,-0.804161,-0.158278,-0.269509,0.5056,1.193004,-5.708542,-1.752791,-3.84094,12.900993,19.971302,-0.903435,0.015055,0.215121,0.37053,-0.220296,3.548151,-1.006764,-2.052001,-2.709349,19.807728,-0.890232,0.065173,-0.006575,0.450765
-0.547324,-3.591288,-1.548162,-5.34078,2.411965,20.214565,-0.806729,-0.131068,-0.244027,0.521969,1.095095,-3.513031,-0.349068,-3.374632,10.190424,15.167228,-0.894059,0.015831,0.249929,0.371395,-0.391638,4.546401,-1.864535,0.391845,1.533202,17.057486,-0.879974,0.046822,-0.046959,0.470362
-0.743401,0.382063,-1.048016,-3.541378,-2.134398,14.289937,-0.801502,-0.123171,-0.251263,0.528471,0.155378,-2.116758,2.594599,-5.518795,5.274045,9.450678,-0.898038,0.027541,0.267592,0.348074,-1.042948,5.294556,-1.449484,-1.507568,0.837402,19.999378,-0.868609,0.030431,-0.097157,0.484918
-0.769308,-0.199349,-1.332177,-2.469393,-1.799403,8.049456,-0.795979,-0.111045,-0.254509,0.537868,-0.200076,-1.257923,2.61269,-5.151364,-1.967772,3.704832,-0.90368,0.040664,0.275645,0.325145,-1.442035,5.48399,-0.63109,0.826416,-0.797119,18.123159,-0.858308,0.017,-0.149709,0.490508
-0.623137,-1.153553,-0.771763,-0.124427,0.315853,1.627119,-0.795834,-0.097853,-0.247806,0.543743,-0.077689,-0.637475,1.611248,-4.677121,-4.915769,-1.589965,-0.907405,0.04883,0.2792,0.310276,-1.218546,5.361603,0.371417,3.051756,1.977538,13.06823,-0.850927,0.000433,-0.199632,0.485863
-0.557142,-1.18546,-0.57105,1.215554,0.727418,1.215554,-0.796545,-0.085317,-0.240298,0.548166,0.296921,-0.147928,-0.22881,-4.447019,-4.859616,-5.146482,-0.906709,0.047275,0.280805,0.311101,-1.717671,5.603184,1.692129,5.712887,2.506102,8.089595,-0.846769,-0.015407,-0.253471,0.467429
-0.807215,-1.555252,-0.770127,1.311267,0.229711,-1.292124,-0.796792,-0.06786,-0.231969,0.553805,0.588521,0.635347,-1.526109,-3.760984,-5.458371,-8.122554,-0.904004,0.037302,0.277482,0.323079,-1.794296,4.625154,2.07951,3.992918,1.188354,7.423702,-0.844258,-0.026828,-0.298672,0.44418
-1.42817,-1.758419,-0.664316,0.162712,3.48395,-3.771089,-0.798159,-0.047067,-0.2261,0.556415,0.565107,1.216418,-1.119573,-1.962279,-3.449705,-12.587273,-0.903535,0.026356,0.270091,0.331619,-1.555908,3.702465,1.985858,-2.496947,-0.79895,6.416622,-0.842132,-0.036135,-0.334387,0.421527
-1.228275,-1.016654,-0.303524,-0.095713,3.665804,-1.808974,-0.79956,-0.032703,-0.224343,0.556144,-0.039377,4.615576,1.449484,-18.853748,3.583982,-13.595573,-0.919853,0.014172,0.226683,0.319805,-1.19939,2.910676,2.547772,0.333252,-3.807981,6.101681,-0.843067,-0.045391,-0.361844,0.395271
-0.389427,-0.409062,0.011454,-1.062413,3.254239,-1.646262,-0.800888,-0.029266,-0.22311,0.554919,-0.147928,3.561986,3.465141,-2.749022,-0.177002,0.74646,-0.938133,0.01153,0.191031,0.28857,-0.370353,2.379624,-0.137286,8.381953,-5.70007,7.686763,-0.834103,-0.050097,-0.382337,0.394427
0.209985,0.159261,0.220348,-4.421936,-0.564706,-0.957129,-0.801439,-0.033174,-0.224794,0.553223,-0.067047,-1.165334,1.397337,19.999378,10.867913,19.674671,-0.9394,0.017523,0.20331,0.275459,-0.041505,-1.336676,-3.248037,13.249504,1.209716,5.83984,-0.826286,-0.031597,-0.371571,0.422113
0.414516,-0.377427,0.932115,-3.369094,-3.493521,1.942972,-0.80684,-0.035915,-0.2209,0.546731,-2.219989,-0.653439,1.536752,18.998402,-2.061156,19.442738,-0.941266,0.044412,0.204451,0.265022,-0.666209,-1.22706,0.417179,5.206906,6.443478,-1.475219,-0.833194,-0.02319,-0.363129,0.416388
0.098993,-0.616319,1.766055,-1.387837,-2.096113,4.469793,-0.817442,-0.03531,-0.214995,0.533208,-1.622954,-2.397716,-0.763055,6.37878,-2.517088,-1.639403,-0.932853,0.065561,0.224435,0.274056,-0.599163,-2.218925,2.780839,-1.746215,7.604976,1.32019,-0.852842,-0.020676,-0.345729,0.390762
-0.542143,-0.551415,1.937588,-3.005385,2.919244,3.63709,-0.829216,-0.034009,-0.212269,0.515924,-0.120258,-0.511896,-0.673659,5.90942,-8.404536,-6.717525,-0.929523,0.068256,0.23022,0.279855,0.128772,-2.90429,0.224553,-3.09326,6.438595,4.093015,-0.863806,-0.012847,-0.319624,0.389238
-0.46633,1.230457,0.973566,-23.172094,-7.331609,-3.828516,-0.831327,-0.039008,-0.226288,0.506122,1.583578,-3.076696,-2.68293,-13.134148,-15.839834,18.854359,-0.915599,0.056549,0.263222,0.298642,0.028734,-3.383195,0.532116,-7.268062,-0.773315,12.266839,-0.876695,-0.002849,-0.288787,0.384696
-1.720785,6.231098,-3.263766,-7.360322,0.995414,33.68137,-0.799765,-0.049099,-0.285652,0.525701,0.432078,-3.052218,1.841122,-5.522458,19.999378,-15.608512,-0.912434,0.064808,0.292081,0.279185,0.813074,-4.577264,1.49099,-18.884266,-10.216059,19.999378,-0.894104,0.003778,-0.246892,0.373631
-4.265148,0.866938,1.90759,-8.977871,21.06641,15.333207,-0.808992,-0.026534,-0.312818,0.496956,0.037248,-1.426071,3.588592,17.084951,-10.872796,2.303465,-0.917316,0.080408,0.30359,0.244726,0.004257,-4.761375,0.151121,-13.784782,11.755364,19.074085,-0.905663,0.019225,-0.20385,0.371271
-0.157352,1.570796,0.45624,-22.837099,3.847659,19.630716,-0.806454,-0.036356,-0.326416,0.491685,-0.655567,3.949367,-1.931582,-19.999989,9.19433,-0.202026,-0.923427,0.069799,0.265975,0.267695,0.175598,-4.96358,0.19369,-9.683832,9.895014,19.999378,-0.915675,0.033744,-0.157643,0.368159
0.89939,-1.346903,4.144884,-14.270794,0.698704,20.779272,-0.830562,-0.052036,-0.30837,0.460823,-0.49274,2.751041,0.856707,-7.617183,18.605335,19.999378,-0.932495,0.067661,0.23773,0.263347,0.799239,-5.70535,1.870921,-10.051264,5.187985,19.999378,-0.930298,0.042441,-0.103073,0.349445
-0.382063,-2.686444,4.120886,-3.196811,-3.847659,20.003998,-0.857361,-0.048404,-0.283843,0.42663,-1.150435,4.844386,3.372552,-6.44775,0.715332,14.914542,-0.950625,0.072979,0.185189,0.238084,-0.220296,-5.337126,3.096916,-8.912959,0.966186,19.998768,-0.944553,0.058432,-0.056353,0.318155
-1.015018,-0.670861,1.6507,-2.469393,-2.086541,18.539589,-0.867024,-0.040967,-0.279992,0.410107,-1.050397,4.503831,1.94116,-4.324338,-3.732298,18.709095,-0.961747,0.075743,0.136394,0.225154,-1.204711,-3.497067,1.379245,-1.886596,-2.18994,17.316885,-0.949053,0.079846,-0.028275,0.303506
-0.703586,0.607865,1.802052,-5.379066,-2.555535,14.902499,-0.873216,-0.041715,-0.285816,0.392498,-0.489547,5.206225,0.51296,-1.975097,1.828612,19.999378,-0.968284,0.068325,0.08325,0.22543,-0.443785,-2.920254,-0.366096,-3.723753,-3.226927,8.952022,-0.947832,0.093242,-0.003437,0.304796
0.22962,-0.346611,1.956405,-3.799802,-1.875973,9.427721,-0.881965,-0.047048,-0.279571,0.376505,-0.469326,5.17749,0.220296,0.229492,2.191771,19.736317,-0.971295,0.059951,0.03104,0.228081,0.302242,-2.607369,-0.688558,-2.968748,0.534668,0.356445,-0.945867,0.097375,0.021071,0.308871
0.522781,-0.994565,1.685061,-2.813959,-0.870987,4.383651,-0.890275,-0.051056,-0.269034,0.363889,-0.910983,4.495318,0.031927,3.45764,-0.968627,14.986564,-0.971198,0.058425,-0.012711,0.230632,0.257544,-1.565486,0.518281,-1.157226,0.979003,-6.131588,-0.94739,0.099633,0.034438,0.30221
0.192532,-1.629429,1.33954,-0.660419,-0.401994,1.205983,-0.899068,-0.048527,-0.253321,0.353755,-0.683237,3.904669,-1.2824,7.453609,-3.705442,9.563593,-0.966503,0.057235,-0.049729,0.245183,-0.218168,0.109616,1.919875,-2.260131,-0.236206,-8.713984,-0.952815,0.103239,0.029276,0.283935
0.095175,-2.653173,0.584958,1.818545,-0.602991,-4.718646,-0.907123,-0.040539,-0.230047,0.350077,-0.312884,3.839751,-2.133786,6.663815,-0.436401,6.038205,-0.958358,0.05225,-0.084367,0.267756,-0.565107,1.181298,2.261494,-3.851316,0.289306,-9.190668,-0.958718,0.106246,0.012141,0.26347
0.153262,-1.510528,-0.089994,0.947558,-0.066999,-5.541777,-0.909699,-0.036485,-0.217706,0.351727,-0.305435,2.97453,-1.514403,0.471801,2.349242,4.739987,-0.951315,0.046868,-0.11172,0.283396,-0.359711,1.123829,0.62364,-5.256955,1.2854,-9.85351,-0.960103,0.106589,-0.002202,0.25851
-0.222257,-0.791125,-0.124355,0.258425,-0.870987,-4.29751,-0.910601,-0.030824,-0.213191,0.352698,-0.704522,1.806002,0.177727,3.068846,3.770139,5.378415,-0.949553,0.047225,-0.129337,0.281749,-0.428886,1.257923,-0.987608,-8.260493,-7.787471,-10.016474,-0.956834,0.108631,-0.015928,0.269083
-0.736311,-0.356974,-0.355884,2.0004,-0.641276,-1.014557,-0.910459,-0.020782,-0.211526,0.354798,-0.765183,0.931203,1.585706,10.181879,0.032349,4.963986,-0.95246,0.050244,-0.139197,0.26629,-0.732192,3.130972,-1.94116,-9.442133,-7.824092,-4.538572,-0.949528,0.108341,-0.047467,0.290513
-1.231003,0.022907,-0.662134,-2.182254,-0.29671,0.9667,-0.90789,-0.008782,-0.217969,0.357967,-0.472519,0.51296,1.131279,9.334711,-8.331904,1.660155,-0.954437,0.053425,-0.144793,0.255386,-0.709843,2.462634,-1.042948,3.760984,-2.630614,8.253169,-0.944156,0.109261,-0.069976,0.302865
-1.03738,0.396244,-1.03029,-6.15434,0.746561,0.861416,-0.903069,0.000454,-0.226907,0.364652,-0.643861,-0.440592,-1.381374,4.994504,-8.404536,1.574706,-0.950972,0.064556,-0.140837,0.267659,1.004635,-4.764568,-2.048647,19.999378,-1.785277,19.999378,-0.940994,0.115794,-0.017729,0.317489
-0.662952,0.41697,-0.816487,-4.335794,0.382852,1.828117,-0.89886,0.005662,-0.23456,0.370125,-1.078067,-1.835801,-2.078446,0.118408,-0.12085,0.667724,-0.947014,0.083062,-0.12299,0.284833,2.409422,-1.757048,-0.62364,8.461909,13.158562,16.277456,-0.941757,0.097353,0.008535,0.321768
-0.229074,-0.398699,-0.518417,-0.564706,-1.177269,5.206782,-0.898098,0.011267,-0.230201,0.374556,-1.253666,-2.156135,-0.909919,1.02539,-0.751342,4.612424,-0.94581,0.102425,-0.103426,0.290252,0.888634,-1.98905,1.352639,11.202996,1.992797,-1.420898,-0.946349,0.095805,0.030757,0.307068
0.32125,-1.791417,-0.472875,1.789831,-1.866402,6.853044,-0.900539,0.017081,-0.21124,0.379615,-1.154692,-2.100795,-0.189433,1.506347,-1.921386,5.990597,-0.945945,0.120463,-0.084911,0.28889,-0.593842,-1.138729,0.17347,-15.013419,8.623652,-15.542594,-0.946096,0.103672,0.038107,0.304457
-0.105265,-2.77971,-0.529326,-7.226325,10.777273,1.627119,-0.904193,0.027755,-0.186697,0.383145,-1.161077,-2.508396,-0.865221,-6.566158,13.69323,17.633047,-0.944085,0.137471,-0.063419,0.292873,-0.094717,0.234131,1.11638,8.388057,19.999378,16.577749,-0.949499,0.102631,0.035526,0.294361
0.2588,5.70559,1.142918,-27.220751,-7.082755,42.285961,-0.896217,0.000411,-0.23875,0.373879,-1.009957,-4.51341,-0.910983,-17.113638,18.286734,19.848011,-0.94217,0.15882,-0.023056,0.294196,0.163892,0.163892,-5.639368,-15.37902,-19.999989,-7.318111,-0.931657,0.099663,0.03862,0.34725
2.32756,5.850125,3.189317,-14.452649,-15.524633,52.077393,-0.892206,-0.048403,-0.280686,0.350477,1.373924,-2.963887,1.660203,-6.923214,-0.602417,19.999378,-0.94958,0.15258,0.00512,0.273828,-0.2916,-3.260808,0.81733,16.497183,19.999378,-19.940174,-0.932297,0.113257,0.068994,0.33649
0.897481,-1.226367,2.479186,-28.359734,0.153141,1.359123,-0.903104,-0.059763,-0.266896,0.331044,1.223867,-2.978786,4.927396,-6.016842,3.239744,19.996937,-0.963424,0.147399,0.028382,0.22198,-0.636411,3.663088,-1.122765,-17.614737,-19.999989,4.861447,-0.929687,0.106874,0.032166,0.351024
-2.165572,0.007363,-0.038179,-12.538391,8.240881,27.479176,-0.904452,-0.041564,-0.272937,0.325169,0.985479,-4.412307,3.606683,-7.740474,2.821654,19.999378,-0.970331,0.14699,0.066491,0.18006,1.696386,-0.160699,3.460884,-11.404412,-2.227782,19.999378,-0.943083,0.09186,0.03412,0.31778
-2.212477,-4.885831,-1.663517,-8.470592,3.751946,22.157537,-0.912318,-0.002148,-0.234793,0.335464,1.931582,-4.743284,-0.385252,-8.389277,1.28662,19.999378,-0.968316,0.135229,0.114883,0.175703,-0.257544,2.313641,-0.661953,0.062866,4.437253,10.144648,-0.941359,0.084719,0.012343,0.32635
-0.760309,-0.958568,0.110719,-4.910072,-1.502693,18.7693,-0.915285,0.007663,-0.22681,0.33278,2.339183,-3.276772,0.104295,-4.690549,5.586545,19.999378,-0.967362,0.11689,0.149368,0.16801,-1.468641,3.319341,1.201518,-4.422605,-0.298462,15.034781,-0.94383,0.086559,-0.026258,0.317798
-0.414516,0.550051,1.213004,-4.737789,-2.37368,8.843872,-0.917524,0.007772,-0.234866,0.320811,2.038005,-2.227438,2.214668,-7.600704,3.199461,16.484365,-0.969767,0.103141,0.170116,0.141301,-1.485669,3.81953,1.560165,-0.879516,-0.438232,12.279046,-0.945678,0.086046,-0.068623,0.305896
-0.909753,0.852484,1.565342,-0.564706,0.200997,8.126026,-0.920722,0.009444,-0.243956,0.3044,1.146178,-1.962445,4.049404,-10.740351,-0.241089,10.437006,-0.972634,0.101191,0.184614,0.098245,-1.240895,4.161149,2.186998,0.124512,-5.2832,9.709467,-0.947102,0.0853,-0.113549,0.287786
-0.880846,0.043633,1.050743,-0.555135,1.502693,6.393622,-0.92409,0.013975,-0.245589,0.292472,0.373546,-1.489925,4.943359,-9.94018,-3.262938,1.715087,-0.974121,0.108384,0.192415,0.048054,-0.81733,4.295242,1.807067,0.217285,-5.286252,13.298332,-0.945589,0.080134,-0.156921,0.273512
-0.920934,-0.283616,1.231275,-1.024128,0.478565,6.652047,-0.928594,0.019656,-0.244174,0.278742,0.260737,-0.979094,3.648189,-6.411739,-3.645628,-5.477292,-0.973668,0.114632,0.196752,0.010518,-0.727935,3.980229,1.290914,1.638793,-3.254393,12.116693,-0.941666,0.074699,-0.195646,0.263436
-1.031108,-0.404153,1.525527,0.019143,0.334995,4.039084,-0.933902,0.026241,-0.241862,0.26198,0.534245,0.40228,1.597413,-7.496334,-4.209592,-10.139154,-0.975059,0.114181,0.190205,-0.006068,-0.561915,3.292735,1.064232,3.066405,1.583861,8.138423,-0.937438,0.068699,-0.22711,0.254759
-1.112375,-0.500964,1.569433,1.11027,1.895115,1.962115,-0.939176,0.033153,-0.239037,0.244339,0.217103,2.302999,0.698136,-7.693477,-6.781002,-7.569576,-0.979311,0.11519,0.165981,-0.011093,-1.065297,2.701022,1.182362,7.502437,4.689328,7.483516,-0.933568,0.068596,-0.254241,0.243102
-1.176188,-1.543253,1.417535,0.229711,2.67039,-1.454836,-0.945869,0.042726,-0.227757,0.22721,-0.313949,2.763812,2.019913,2.86743,-1.945189,-4.555662,-0.982378,0.12291,0.138136,-0.027136,-1.618697,2.720178,2.076317,9.152217,2.684325,7.783199,-0.930376,0.071639,-0.283202,0.221489
-1.208368,-1.669244,1.381537,-2.115255,3.349952,-4.220939,-0.951882,0.053343,-0.216548,0.210177,-0.877992,1.284528,4.485739,19.851063,1.662597,6.114499,-0.980605,0.137465,0.121999,-0.068018,-2.330669,2.026299,4.08346,-0.491943,0.93811,1.701049,-0.931245,0.075627,-0.30895,0.177778
-0.875392,-0.473966,1.617975,-2.574677,-1.445265,-4.460221,-0.955242,0.059667,-0.216516,0.192523,-0.885441,-0.697072,5.124279,18.565662,0.097046,19.999378,-0.973687,0.150766,0.12394,-0.117618,-1.991179,1.277079,4.681559,-1.316528,-3.491209,0.778198,-0.932419,0.079087,-0.328048,0.129295
-0.546506,-0.143717,1.353176,-0.430708,-5.379066,-1.129412,-0.957415,0.064063,-0.21757,0.178628,-1.203647,-1.554844,2.82128,12.07763,-0.6781,19.058826,-0.966142,0.162702,0.137575,-0.145477,-0.871606,0.282022,2.249787,7.047726,-7.520137,2.865599,-0.933645,0.08073,-0.33242,0.1062
-0.979839,-0.3777,1.695424,1.119841,-3.445665,3.005385,-0.960461,0.072098,-0.215802,0.160433,-0.995057,-1.997564,0.890763,2.779539,0.228271,1.098022,-0.960126,0.169767,0.158593,-0.155492,-0.618319,-0.642796,0.910983,3.578489,-1.434936,2.053832,-0.93657,0.084728,-0.326398,0.095467
-1.430079,-0.444241,2.675262,1.378266,2.344966,6.039485,-0.964642,0.079727,-0.214217,0.131194,0.453363,-2.672287,0.097909,-2.898558,-1.762694,-10.724482,-0.955743,0.163284,0.183562,-0.161837,-0.909919,-1.608055,1.869856,3.936155,5.405881,6.073605,-0.943001,0.08772,-0.312503,0.073399
-1.147281,-1.301907,2.808617,0.325424,4.460221,5.235496,-0.970027,0.084866,-0.204394,0.100299,1.51121,-0.813074,2.9873,-12.490228,19.591663,-19.86388,-0.951632,0.151837,0.183146,-0.1944,-1.0057,-2.360467,2.604177,1.965941,5.070798,3.809202,-0.951201,0.089466,-0.292115,0.043264
-0.898845,-1.066833,2.427644,-12.117254,8.939586,-2.507678,-0.973346,0.088391,-0.198402,0.073572,1.950738,1.278143,-0.385252,-10.645746,-2.457884,-6.870724,-0.957376,0.136308,0.166385,-0.192766,-0.649182,-2.973465,2.5648,-6.2915,0.800781,10.21789,-0.959909,0.087543,-0.265918,0.013762
-0.572959,3.920991,1.384537,-40.725842,-2.574677,-5.359923,-0.964797,0.088205,-0.239821,0.062166,-5.193454,-4.57407,8.552172,15.91979,16.444693,18.59618,-0.920975,0.188508,0.207815,-0.270328,0.627897,-5.100866,2.305127,-19.999989,-4.560544,19.999378,-0.972396,0.075962,-0.220319,-0.011292
-3.830998,2.834796,3.268129,-12.9021,12.729816,25.488346,-0.955303,0.113507,-0.271945,0.023443,3.304442,3.702465,-3.29912,-2.341307,-19.999989,-14.449454,-0.941689,0.16273,0.171283,-0.239574,-0.334169,-5.058296,0.178791,-17.349234,18.14086,19.113148,-0.982013,0.07634,-0.171721,-0.018052
-1.818142,4.126885,3.095505,-28.388449,2.880959,29.508289,-0.941145,0.119802,-0.315971,-0.006939,0.279893,1.245152,0.746027,-15.003043,15.371696,-19.999989,-0.942624,0.163913,0.156337,-0.245241,-1.632533,-4.073882,3.194826,-8.331904,10.986932,19.999378,-0.985852,0.084094,-0.133871,-0.055625
-1.347721,-1.080195,5.333072,-16.232908,-2.134398,15.926627,-0.940731,0.114266,-0.313015,-0.063101,-0.299049,-0.370353,-2.183805,-7.88879,7.673946,19.999378,-0.947057,0.161326,0.162701,-0.224891,0.117066,-5.60744,3.98555,-8.517451,1.961058,19.978626,-0.988909,0.072633,-0.082846,-0.099559
-1.721604,-2.132574,4.56649,-7.676175,-2.699104,22.664816,-0.941753,0.114202,-0.295135,-0.113783,-0.103231,3.101173,1.724056,-6.032101,19.42931,19.246204,-0.947914,0.170606,0.129715,-0.235625,-0.012771,-4.37506,2.309384,-2.949217,3.135984,19.999378,-0.989148,0.064434,-0.04118,-0.125425
-1.797689,-2.309561,1.915772,-10.202995,0.679562,21.152552,-0.94417,0.121425,-0.272346,-0.140061,-0.222425,3.475783,3.040512,-5.346066,6.227414,18.340443,-0.944268,0.183462,0.090701,-0.257806,-0.674723,-3.261872,3.124586,-3.046263,2.079467,19.111317,-0.985205,0.063824,-0.010831,-0.158658
-1.347721,0.147262,2.316652,-6.498906,0.363709,16.893328,-0.938988,0.126744,-0.27346,-0.165678,-0.486354,3.991936,3.735456,-3.411863,-0.575561,17.989492,-0.936336,0.200349,0.045902,-0.28464,-0.232003,-2.450927,1.864535,-5.807492,3.395384,11.322015,-0.981967,0.060917,0.010808,-0.17862
-0.730857,-0.877846,3.179499,-5.101498,0.899701,10.001999,-0.934924,0.121683,-0.267376,-0.199029,-0.107487,4.335683,3.194826,-3.276976,-0.835571,18.763416,-0.928072,0.213524,-0.001976,-0.305086,0.625769,-2.212539,0.386316,-6.743771,4.39575,3.917845,-0.981232,0.049993,0.029376,-0.183883
-0.719948,-1.154099,2.952606,-3.302095,0.143569,6.460621,-0.931062,0.116564,-0.257865,-0.23029,-0.555529,3.721621,2.503074,2.521971,-7.179561,14.80651,-0.918507,0.229489,-0.038208,-0.319705,0.606613,-1.127022,1.957123,-2.464598,0.192871,-2.177733,-0.97737,0.042941,0.03638,-0.203892
-1.107193,-1.273,2.489003,-0.899701,0.344566,3.751946,-0.927292,0.116279,-0.245037,-0.257988,-0.444849,3.08521,0.625769,4.18884,-6.207272,10.730585,-0.914153,0.242906,-0.064624,-0.318018,-0.247966,0.815202,3.755676,-2.364501,-1.11145,-4.72656,-0.96912,0.049852,0.025965,-0.240081
-1.305179,-1.680425,1.43826,1.923829,-0.727418,1.617548,-0.926308,0.120441,-0.22601,-0.276329,-0.636411,2.687187,-0.386316,6.476437,-2.492674,7.647701,-0.912176,0.256755,-0.084522,-0.307994,-0.587456,0.925882,2.96708,-3.698118,-2.639769,-5.357053,-0.96136,0.06016,0.0158,-0.26816
-1.332723,-2.554726,0.987202,1.339981,-0.07657,-1.215554,-0.927612,0.123547,-0.198447,-0.291346,-0.759862,2.776582,-0.217103,5.999142,1.769408,8.176265,-0.908672,0.271089,-0.105816,-0.299365,-0.989736,1.355832,1.914554,-3.159788,-7.314449,-9.516596,-0.955383,0.075562,0.004094,-0.285498
-1.19146,-2.667899,0.85003,-0.555135,0.51685,-4.555934,-0.928107,0.125661,-0.173063,-0.304741,-0.791789,2.159328,0.365032,1.231078,6.389767,1.85913,-0.90324,0.282752,-0.124238,-0.297935,-1.783653,3.641803,1.90604,-1.743163,-7.122798,-9.624628,-0.947599,0.104936,-0.026911,-0.30052
-1.331632,-1.33954,0.83994,0.918844,-0.315853,-4.0008,-0.925727,0.134185,-0.158315,-0.316153,-0.999314,1.410108,1.94116,4.098508,7.724605,0.728759,-0.892958,0.292082,-0.139276,-0.312902,-2.10718,3.903604,1.837929,7.38525,-9.318232,3.688963,-0.937767,0.136973,-0.057707,-0.313836
-1.785963,-0.673861,1.015291,-0.564706,1.550549,-1.789831,-0.920717,0.146062,-0.149502,-0.329525,-0.871606,0.458684,4.493189,8.259883,-7.760616,3.168333,-0.875135,0.295203,-0.151862,-0.352028,-2.406229,2.161456,3.577949,14.094841,-4.711301,15.076896,-0.921203,0.163643,-0.07336,-0.345276
-1.667062,-0.756491,0.362156,-4.402794,1.033699,-0.354138,-0.917694,0.158515,-0.139446,-0.336536,-1.283464,-0.356518,3.074567,7.540889,-8.804317,1.80664,-0.860884,0.301031,-0.15152,-0.381171,-0.737513,0.177727,1.230253,1.828612,6.734615,18.045645,-0.915799,0.168305,-0.074193,-0.357034
-0.8923,-0.507782,0.250618,-4.488935,0.574277,2.478964,-0.915744,0.164631,-0.134079,-0.341064,-1.395209,-1.750662,0.045762,3.086546,-8.135371,4.632565,-0.859241,0.306885,-0.129498,-0.388263,0.510832,-3.426828,-0.175598,3.385618,7.118526,9.282221,-0.919516,0.149605,-0.043991,-0.360784
-0.218712,-0.566414,0.910844,-1.339981,0.153141,2.660819,-0.912893,0.162027,-0.130946,-0.351025,-1.403723,-2.521166,-0.674723,0.974121,-5.952755,3.68469,-0.860635,0.310705,-0.09857,-0.391209,-0.13835,-3.049026,1.430328,-1.359252,7.255245,-2.124633,-0.915051,0.137651,-0.01874,-0.378648
-0.314705,-0.793579,1.9035,-2.507678,1.540978,1.378266,-0.906294,0.158809,-0.127444,-0.370351,-1.753855,-2.887263,-0.312884,-1.032714,1.239623,8.547969,-0.859171,0.313066,-0.065779,-0.399349,0.045762,-2.721242,1.696386,-15.682364,-2.18872,-6.987911,-0.908525,0.127666,0.00203,-0.397833
-0.817305,0.394608,1.492529,-9.236296,2.134398,2.919244,-0.898469,0.165782,-0.132256,-0.38441,-1.88582,-3.70885,0.274572,-7.592769,11.911614,18.881214,-0.854112,0.312572,-0.02797,-0.414729,1.142986,-3.209725,-0.704522,-2.213744,-6.242062,14.526969,-0.91199,0.106351,0.027805,-0.3952
-0.745856,2.80289,2.023218,-11.772687,2.919244,14.806787,-0.884902,0.179651,-0.159587,-0.398995,-1.438842,-3.719492,2.146557,-6.39465,12.467034,19.992664,-0.841152,0.307095,0.002311,-0.445131,0.479969,-5.326483,-0.768376,12.462762,-5.551144,17.06542,-0.912718,0.080047,0.077097,-0.393175
0.593957,2.990785,3.14841,-6.757331,-1.512264,29.843285,-0.868174,0.179646,-0.193006,-0.420406,-0.342683,-3.465141,3.055411,-1.735229,8.207393,18.715809,-0.825961,0.29274,0.023043,-0.481199,-0.515088,2.081639,7.796566,-2.438353,19.999378,-1.605834,-0.880588,0.096926,0.052729,-0.46085
0.055087,1.509164,2.125757,-20.721844,2.995814,11.41855,-0.855623,0.181416,-0.21189,-0.435995,0.246902,-3.631161,3.21611,-0.300293,10.02746,19.999378,-0.80973,0.272092,0.041893,-0.518208,1.238766,0.301178,-3.834429,-8.018184,-3.906858,-2.379759,-0.898719,0.086961,0.046941,-0.427236
-1.143736,0.483783,1.065469,-14.519648,2.201397,20.070997,-0.847451,0.189746,-0.214373,-0.447056,0.419308,-4.127093,3.636482,-3.065794,11.578973,19.979847,-0.789331,0.246995,0.062315,-0.558623,-1.296235,0.36716,7.075017,-8.488765,-6.838375,19.999378,-0.865134,0.104583,0.041468,-0.488751
-1.422989,-1.868048,0.760854,-5.608776,4.613362,20.673988,-0.845305,0.190067,-0.193202,-0.460433,0.553401,-4.1239,3.61094,-4.318845,12.736198,19.999378,-0.767175,0.220111,0.081659,-0.596923,-0.413986,1.642111,1.107866,-9.229731,-10.916131,19.716175,-0.859638,0.11831,0.027345,-0.496255
-1.642518,-0.793034,0.810487,-4.364509,0.727418,21.410976,-0.840163,0.197257,-0.179535,-0.472202,1.06104,-3.571564,3.64606,-6.337276,13.871452,19.999378,-0.744192,0.19214,0.093272,-0.632892,-0.539566,2.218925,1.269629,-0.280151,-1.090087,14.77111,-0.853408,0.132455,0.00907,-0.504043
