0.141535,0.296433,0.100629,-0.842274,1.100698,6.479764,-0.282018,-0.109532,-0.022614,0.952863,-0.220296,1.147242,-0.82478,-0.114746,-3.820799,2.310179,-0.338555,0.184756,0.083017,0.918883,0.163892,0.708779,-0.361839,1.693114,-0.120239,7.829586,-0.283924,-0.020476,-0.004624,0.958612
0.347157,0.356429,0.228256,-1.081556,1.646262,6.479764,-0.283948,-0.114037,-0.018076,0.951858,-0.126644,1.532495,-1.680423,0.870971,-0.997314,2.074584,-0.32446,0.170313,0.077904,0.927169,0.146864,0.551272,-0.891827,1.832885,-0.413208,9.477533,-0.275312,-0.024147,-0.004778,0.961035
0.458694,0.408516,0.340339,-1.234697,1.138984,7.590034,-0.286811,-0.11882,-0.012558,0.950503,0.184112,1.745341,-2.180612,2.573851,2.883299,2.493285,-0.305443,0.152066,0.079545,0.936614,0.187305,0.067047,-1.517595,1.724853,-0.92041,9.953608,-0.260645,-0.023251,-0.003789,0.965143
0.476966,-0.344157,0.219257,-0.736989,-0.162712,8.030313,-0.288378,-0.115022,-0.007028,0.950552,0.235195,1.927325,-2.015656,4.008176,4.307249,4.603269,-0.288033,0.13201,0.080796,0.945026,0.353325,-0.233067,-1.412236,4.126585,1.388549,8.291011,-0.246941,-0.020168,0.000952,0.968816
0.416425,-0.916298,0.000818,-0.334995,-0.765703,7.226325,-0.287908,-0.10574,-0.001249,0.951797,0.05534,2.064611,-0.696008,2.629393,3.359373,7.24731,-0.282823,0.111406,0.078207,0.949461,0.163892,-0.338426,-0.619383,2.525633,1.415404,7.648921,-0.240928,-0.015757,0.004521,0.9704
0.394881,-0.659953,0.070359,-0.382852,-0.535992,5.838487,-0.288106,-0.09891,0.003483,0.952466,-0.194755,2.216796,0.752412,3.426512,2.027587,10.971673,-0.29139,0.091563,0.069649,0.949657,-0.130901,-0.307563,0.080882,0.632324,-0.148926,7.174678,-0.241933,-0.011929,0.003975,0.970207
0.590139,-0.170715,0.322886,-0.899701,-0.411565,5.800202,-0.29046,-0.09796,0.008216,0.95182,-0.160699,1.959252,-0.088331,7.440792,3.283689,10.625605,-0.291636,0.074787,0.0638,0.95146,-0.032991,-0.388445,-0.102166,2.024535,-1.228027,8.301387,-0.240933,-0.006176,0.003986,0.97051
0.735493,-0.044451,0.344157,-1.033699,-0.344566,6.345766,-0.292876,-0.098763,0.01391,0.95093,0.008514,1.080196,-1.296235,6.243283,1.452026,11.021111,-0.279965,0.065433,0.062506,0.955732,0.159635,-0.692815,-0.472519,-0.202026,-1.536864,7.192379,-0.236293,0.00047,0.005202,0.971663
0.655044,-0.038724,0.390245,-1.004985,-0.497707,6.709475,-0.295812,-0.099318,0.0189,0.949876,-0.183048,0.582135,-0.847129,4.473875,-1.434936,10.899652,-0.272244,0.061651,0.058836,0.958443,0.299049,-0.723678,-0.671531,-0.268555,-0.642089,7.564693,-0.229723,0.006459,0.007844,0.973199
0.412334,0.263436,0.395699,-1.397408,0.51685,7.704889,-0.299065,-0.102402,0.020531,0.948496,-0.013835,0.617255,-0.455491,3.142698,-0.907592,9.421381,-0.26837,0.05725,0.056348,0.959957,0.398023,-0.699201,-0.848193,-1.423339,-0.494384,8.222041,-0.221426,0.010629,0.012253,0.975038
0.214894,0.449695,0.248164,-2.421536,1.311267,8.547162,-0.301216,-0.109171,0.02182,0.94703,0.24903,0.875863,-0.232003,2.097167,-0.704956,9.248652,-0.266969,0.048547,0.056005,0.960847,0.464005,-0.814138,-0.545951,0.418091,1.142578,10.507807,-0.216401,0.017424,0.019027,0.97596
0.125991,0.446422,0.125173,-2.766103,1.339981,9.810573,-0.302248,-0.115688,0.0218,0.945927,0.225617,0.923754,0.206461,1.762694,-1.953734,8.433223,-0.26979,0.039784,0.054602,0.960542,0.555529,-0.922689,-0.405473,1.306762,2.196044,10.129999,-0.212703,0.025301,0.027306,0.976404
0.095448,0.179714,0.13799,-2.143969,1.004985,10.911271,-0.303441,-0.116132,0.021099,0.945507,0.025542,0.949295,-0.401216,0.407715,-2.551878,6.512447,-0.266661,0.030652,0.050999,0.961948,0.444849,-0.768376,0.219232,2.564696,2.196044,9.746088,-0.215077,0.032468,0.034023,0.97546
0.116992,-0.251709,0.344157,-1.378266,-0.086142,10.528419,-0.30646,-0.11252,0.022146,0.944946,-0.179855,1.7198,-0.454427,0.490112,1.347656,8.752437,-0.262948,0.013103,0.046367,0.963602,0.342683,-0.781147,1.10148,3.572386,1.662597,9.848627,-0.225637,0.041357,0.039812,0.972514
0.202895,-0.186259,0.546506,-2.201397,-1.416551,9.379865,-0.311176,-0.110884,0.023306,0.943569,-0.133029,1.429264,-0.743898,-0.041504,3.333738,12.093499,-0.256553,-0.001048,0.042102,0.965608,0.514024,-0.967387,1.185555,3.810423,1.16516,9.71557,-0.237261,0.05097,0.046913,0.968969
0.092448,0.186259,0.635136,-3.531806,0.306281,8.690732,-0.316889,-0.114278,0.023028,0.941267,-0.267122,1.496311,0.97058,-1.733397,4.542844,18.586414,-0.266696,-0.014982,0.036213,0.96298,0.718357,-1.436714,1.168527,3.151243,0.079346,12.026971,-0.248562,0.064294,0.056546,0.96482
-0.224711,0.585503,0.455695,-5.26421,2.210968,9.217153,-0.321439,-0.120904,0.019558,0.938972,-0.20114,0.725807,0.875863,3.112791,-3.836057,14.512321,-0.275612,-0.020077,0.031575,0.960536,1.117444,-2.350889,0.815202,3.306273,0.848999,16.052847,-0.25605,0.084808,0.072532,0.960197
-0.530689,0.306523,0.061359,-4.642076,2.258825,8.776874,-0.322617,-0.123982,0.013847,0.938268,0.065982,0.815202,1.450549,2.383421,-2.285155,7.845455,-0.289926,-0.026361,0.029468,0.956228,1.404787,-2.748912,0.433143,0.632324,1.069946,18.28002,-0.259615,0.107094,0.092243,0.955309
-0.593957,0.208076,-0.140717,-2.459822,2.124826,10.537991,-0.322233,-0.124705,0.009285,0.93836,0.392702,1.075939,-0.621512,-0.454712,4.560544,10.327143,-0.284306,-0.038323,0.031057,0.95746,1.269629,-2.832987,0.456556,0.393066,0.172119,15.808097,-0.262959,0.130282,0.110408,0.949569
-0.485692,0.572959,-0.081267,-1.981257,2.842673,14.175081,-0.322374,-0.127709,0.004581,0.937943,-0.101102,0.809881,0.116001,-5.216672,8.519282,19.999378,-0.285814,-0.046625,0.02866,0.956717,0.681109,-2.413679,0.630026,0.749511,-0.300903,14.256583,-0.267471,0.151096,0.12136,0.943871
-1.019381,1.925862,0.156262,-7.188039,6.862615,22.042683,-0.325279,-0.143661,-0.009452,0.934589,-0.2916,0.091524,2.615883,4.243162,2.828978,18.200674,-0.311062,-0.044896,0.027416,0.948928,0.216039,-2.007142,0.471455,0.790405,1.470946,15.620109,-0.270074,0.168697,0.12741,0.93934
-1.030835,2.668445,-0.080449,-10.490134,1.215554,18.989441,-0.325432,-0.16691,-0.028612,0.930273,0.226682,0.421436,2.256173,3.294065,-8.092036,2.177123,-0.332417,-0.047734,0.027828,0.941508,0.101102,-1.38563,0.06279,0.056763,2.131346,13.118889,-0.269301,0.179915,0.131587,0.936901
-0.309523,0.262072,-0.385336,-5.675776,-2.440679,11.322837,-0.321943,-0.168521,-0.034924,0.930981,-0.096845,0.486354,-0.993993,-1.262817,0.798339,6.311031,-0.323133,-0.05425,0.02477,0.944468,-0.174534,-0.771568,0.483162,1.491088,0.073242,8.611445,-0.272673,0.18702,0.129863,0.934773
0.416152,-2.408827,0.590958,-2.230111,-2.651248,4.469793,-0.327154,-0.147362,-0.024248,0.933091,0.352261,0.617255,-2.331733,-5.193479,7.269893,11.958611,-0.300972,-0.063342,0.026044,0.951166,-0.223489,-0.043634,0.212846,-0.056763,-2.113646,7.693477,-0.274468,0.18744,0.125928,0.934702
0.932933,-2.332469,0.548961,-0.267996,-1.100698,2.880959,-0.331185,-0.127382,-0.008496,0.934885,0.380995,0.352261,1.138729,-4.508665,2.964476,7.928462,-0.311563,-0.069454,0.029805,0.94721,-0.039377,0.120258,0.36716,0.609741,-0.601196,4.357908,-0.278257,0.185979,0.122983,0.934265
0.67277,-1.060833,0.261799,0.842274,1.234697,3.503092,-0.333059,-0.11845,0.003144,0.935426,0.230938,-0.039377,1.382438,0.878906,-1.614989,8.331294,-0.324475,-0.06777,0.031935,0.942918,-0.078753,0.498061,0.801367,1.40686,3.05908,2.202758,-0.285758,0.182164,0.121267,0.932976
0.246255,0.795216,0.104447,-0.59342,2.785246,3.713661,-0.333951,-0.127162,0.004851,0.933956,0.058533,-0.300114,-0.179855,2.968138,-1.930541,8.322139,-0.322707,-0.063299,0.032766,0.943807,-0.451235,0.996122,1.019535,-0.026855,3.603513,1.571044,-0.2952,0.174411,0.114035,0.93243
0.089448,1.717786,-0.130627,-1.655833,2.775674,4.421936,-0.332793,-0.144547,0.001436,0.93185,0.065982,-0.141543,-0.628961,1.414794,-0.3479,7.780757,-0.316759,-0.060426,0.033145,0.945994,-0.54063,1.249409,0.649182,-1.844481,2.675169,1.280517,-0.301408,0.163445,0.105135,0.933476
-0.05645,1.324541,-0.310614,-1.48355,0.708275,6.163911,-0.330214,-0.155166,-0.002777,0.931056,0.043634,-0.257544,0.48529,2.069701,1.846312,7.868038,-0.321368,-0.056419,0.035922,0.944585,-0.321398,1.532495,0.214975,-0.511474,-0.285034,1.748656,-0.304607,0.148901,0.095983,0.935854
-0.283616,0.534234,-0.472057,-1.18684,-0.468993,7.302895,-0.326166,-0.157551,-0.008903,0.932044,-0.080882,-0.757733,1.46332,3.687742,1.405028,7.651363,-0.335044,-0.046692,0.039314,0.940219,-0.074496,1.96883,-0.891827,0.877685,-2.217406,3.550413,-0.298316,0.130164,0.08868,0.941378
-0.445604,-0.071449,-0.596139,-1.655833,-0.622134,7.178468,-0.321146,-0.154044,-0.015172,0.93429,-0.18092,-1.057847,1.845379,4.702756,-0.081787,6.244503,-0.352092,-0.033454,0.042406,0.934401,-0.239452,2.261494,-0.601291,4.108884,-2.455443,6.295162,-0.294533,0.110577,0.079225,0.945906
-0.355611,-0.342521,-0.71504,-1.359123,-0.162712,6.623333,-0.314986,-0.14785,-0.019299,0.937306,-0.09046,-1.238766,0.97803,4.536741,-1.759643,4.637448,-0.360782,-0.019156,0.04608,0.93131,-0.52041,2.07951,0.586392,5.443112,-1.071166,7.981563,-0.301217,0.094798,0.067116,0.94645
-0.163625,-0.535598,-0.666225,-0.59342,0.267996,5.991628,-0.309193,-0.140341,-0.019648,0.940377,-0.089396,-1.123829,0.13835,2.733763,-1.168212,6.166378,-0.361635,-0.006348,0.04892,0.931009,-0.372481,1.803874,0.806688,4.129636,0.606079,8.884883,-0.309659,0.081245,0.057932,0.945593
0.027271,-0.297797,-0.507782,-0.354138,0.775275,6.384051,-0.304627,-0.135963,-0.018058,0.94254,-0.135158,-0.959938,-0.420372,0.877075,2.935179,7.797237,-0.35721,0.002744,0.053086,0.932506,-0.16602,1.667652,0.308627,1.804808,1.749267,7.808834,-0.313171,0.065968,0.052912,0.94592
-0.055905,-0.048815,-0.347702,-0.325424,0.794417,7.054041,-0.301615,-0.133669,-0.017841,0.94384,0.137286,-1.009957,-0.482097,-1.353149,3.02429,7.113643,-0.352058,0.00975,0.059082,0.934056,-0.151121,1.731506,0.209654,1.293945,1.840209,6.992184,-0.315757,0.049765,0.047861,0.94632
-0.238892,-0.031361,-0.109901,-0.660419,1.205983,6.872187,-0.301141,-0.131498,-0.018565,0.944282,0.175598,-0.757733,0.661953,1.896972,4.312131,6.608273,-0.35773,0.016659,0.065301,0.931385,-0.172406,1.681487,0.22881,2.001342,1.481322,6.892086,-0.318521,0.035438,0.042548,0.946293
-0.349611,0.021544,-0.005454,-1.378266,2.038685,6.977471,-0.301805,-0.130707,-0.019958,0.944152,0.135158,-0.611934,0.715164,-0.272217,3.312376,6.135251,-0.363869,0.021137,0.07021,0.928555,-0.210718,1.587835,0.534245,2.391356,1.11267,8.948359,-0.324124,0.022844,0.036567,0.945027
-0.370064,-0.032725,-0.039543,-1.971686,2.679961,8.23131,-0.302169,-0.129679,-0.021464,0.944144,0.040441,-0.552337,0.851386,1.726073,2.183837,8.192744,-0.371318,0.027292,0.074296,0.925121,-0.157506,1.221739,0.777954,3.408812,2.730101,11.785272,-0.331829,0.013163,0.032618,0.942679
-0.326704,-0.223075,0.034088,-2.660819,2.488536,9.561719,-0.303192,-0.127279,-0.021972,0.944131,-0.052147,-0.376738,0.76944,2.3468,0.754394,9.05273,-0.377888,0.032135,0.075082,0.922238,-0.057469,0.962066,0.660888,1.464843,4.533079,14.05883,-0.338208,0.004396,0.029747,0.940587
-0.244346,-0.243528,0.15817,-2.804388,1.808974,11.447264,-0.305294,-0.124605,-0.021384,0.943824,-0.070239,-0.547015,0.582135,4.876706,0.232544,10.25329,-0.382621,0.038978,0.076449,0.919907,-0.053212,0.83223,0.846065,0.697021,5.353391,13.185417,-0.346239,-0.003291,0.027476,0.937734
-0.092448,-0.181351,0.359701,-4.354937,2.459822,11.016556,-0.308957,-0.124262,-0.020097,0.942705,-0.105359,-0.837551,0.285214,5.238034,1.884765,11.280511,-0.384312,0.048153,0.079082,0.918544,0.324591,-0.111744,0.373546,1.508788,3.480833,18.12438,-0.349532,-0.003189,0.031513,0.936385
0.044451,0.012272,0.316614,-8.480164,1.148555,10.920842,-0.311796,-0.126469,-0.019694,0.941484,-0.247966,-1.291978,0.326719,5.897824,1.973266,14.047844,-0.385893,0.061972,0.082008,0.916795,0.594906,-0.245838,0.576814,-3.090819,-4.003294,19.116199,-0.354679,-0.003037,0.036831,0.934253
0.371428,0.366246,0.545143,-6.910472,-0.631705,12.701102,-0.316192,-0.13272,-0.01782,0.939192,-0.426757,-2.001821,0.411858,5.209348,1.145629,18.798817,-0.38742,0.082687,0.085528,0.914192,-0.983351,0.472519,0.213911,-1.080932,-5.061643,12.852165,-0.356741,-0.003678,0.024574,0.933869
0.580322,0.07254,0.816214,-4.441079,-1.78026,11.753545,-0.322795,-0.135673,-0.01347,0.936593,-0.555529,-2.30832,0.403344,1.568603,-0.32959,19.896229,-0.388345,0.105881,0.088372,0.911131,-0.953552,-0.183048,-0.039377,-2.6593,-1.090087,6.997677,-0.356205,0.000529,0.015326,0.934278
0.264526,0.126264,0.690223,-4.37408,-1.981257,13.284951,-0.328616,-0.13765,-0.012439,0.934291,-0.307563,-2.207218,0.354389,0.783691,-1.026,18.37096,-0.389374,0.126374,0.092188,0.907695,0.154314,-0.427821,0.274572,-1.171874,-0.95581,15.244132,-0.358703,0.003224,0.016456,0.933297
-0.077449,0.428696,0.314705,-7.226325,-2.536392,15.658631,-0.331328,-0.142059,-0.016006,0.932618,-0.013835,-2.023106,-0.084074,0.692749,-0.005493,17.714834,-0.386527,0.14377,0.099305,0.905571,0.791789,-0.570429,-0.979094,-1.65161,-4.301755,19.999378,-0.349387,0.00552,0.024909,0.936627
-0.050451,0.372246,-0.203713,-6.843473,-0.66999,17.151752,-0.329159,-0.14618,-0.01976,0.932677,-0.012771,-1.865599,-0.080882,0.604858,2.412718,15.776969,-0.383676,0.159331,0.106327,0.903378,-0.013835,-0.230938,-1.288785,-2.489623,-1.347045,10.904534,-0.337191,0.00674,0.024754,0.941083
0.090266,-0.088085,-0.207531,-4.488935,0.689133,13.361522,-0.326897,-0.14716,-0.020064,0.933312,-0.160699,-1.478219,0.567236,-1.492309,0.630493,11.69555,-0.386871,0.172322,0.108913,0.899314,-0.359711,0.353325,-0.750284,-1.370849,0.9552,5.755612,-0.330149,0.003377,0.02033,0.9437
0.067359,-0.434423,-0.209712,-3.369094,0.59342,9.513863,-0.324783,-0.145083,-0.018937,0.934398,-0.189433,-1.052526,0.320334,-0.123901,-1.70288,8.006587,-0.388545,0.181881,0.109184,0.896673,-0.52041,0.933332,0.559786,-2.369994,-1.855468,7.787471,-0.335571,-0.004613,0.010595,0.941939
0.040906,-0.488419,-0.499873,-2.163112,-0.622134,6.498906,-0.319858,-0.140345,-0.019661,0.936803,-0.144736,-0.657696,-0.327784,0.494995,-1.293945,7.672725,-0.384704,0.187105,0.109708,0.89719,-0.335233,1.166399,0.405473,-3.911741,-2.353514,11.29577,-0.339456,-0.015194,0.002501,0.940492
-0.015817,-0.611683,-0.614683,-1.158126,-1.225125,5.178068,-0.314014,-0.133444,-0.020414,0.939767,-0.23626,-0.343747,-0.587456,-0.247192,-0.427856,5.443722,-0.378811,0.189065,0.108882,0.899385,-0.013835,0.991865,-1.257923,-2.465209,-1.719359,11.920159,-0.327574,-0.025461,-0.002942,0.944474
0.068722,-0.427606,-0.508054,-1.081556,-1.177269,5.053641,-0.309019,-0.128554,-0.020814,0.942093,-0.222425,0.00745,-0.819459,-0.961303,-0.971069,3.878172,-0.371268,0.187741,0.107075,0.903017,-0.039377,0.661953,-1.783653,0.412597,0.262451,9.40307,-0.310698,-0.029785,-0.004959,0.950024
0.113719,0.011454,-0.3777,-0.976272,-0.574277,5.800202,-0.305181,-0.127407,-0.021482,0.943484,-0.24903,0.373546,-0.649182,-0.700683,-1.166381,3.233641,-0.365621,0.183586,0.103149,0.906625,0.085139,0.473583,-1.413301,2.526854,2.283934,8.015132,-0.297244,-0.033315,-0.004416,0.954206
0.066541,0.231529,-0.197713,-0.66999,0.258425,6.173482,-0.303296,-0.12794,-0.021171,0.944026,-0.194755,0.76199,-0.696008,-0.326538,-2.904661,2.199706,-0.360121,0.176686,0.09797,0.910762,0.151121,0.142607,-0.826909,2.579955,1.549682,7.418819,-0.289339,-0.033624,-0.002315,0.956629
0.073904,0.326158,0.076631,-0.526421,0.976272,6.192625,-0.304078,-0.130073,-0.019819,0.943513,-0.146864,1.014213,-1.22706,0.070801,-2.047118,1.603393,-0.350028,0.166994,0.093226,0.917003,0.261801,0.079817,-0.917368,2.760618,0.266113,8.439326,-0.280495,-0.03324,0.000308,0.959275
0.244619,0.529053,0.361065,-0.775275,1.177269,7.140183,-0.307292,-0.1348,-0.017023,0.941861,-0.113873,1.250473,-1.327098,0.958251,2.006835,0.484009,-0.338403,0.154611,0.091953,0.923642,0.335233,-0.176663,-1.118508,1.655272,-0.43518,9.6112,-0.269652,-0.030492,0.003683,0.962463
0.513781,0.266708,0.564778,-0.794417,0.736989,7.925029,-0.312045,-0.13735,-0.011223,0.940015,-0.159635,1.555908,-0.755605,3.190916,3.710325,1.826781,-0.332243,0.140505,0.088247,0.928481,0.387381,-0.454427,-1.267501,1.891478,-0.288696,7.927241,-0.257317,-0.025216,0.008395,0.965957
0.683951,-0.407698,0.566959,-0.794417,0.239282,7.551748,-0.316558,-0.13381,-0.002516,0.93908,-0.172406,1.79536,-0.73432,6.104733,2.860716,5.069577,-0.326523,0.124962,0.083154,0.933191,0.308627,-0.644925,-0.827973,3.758543,1.313476,6.593624,-0.249215,-0.018125,0.013838,0.968175
0.619046,-0.928842,0.625591,-0.765703,-0.162712,6.594619,-0.321598,-0.125224,0.006473,0.938533,-0.392702,2.069932,-0.045762,4.409177,0.847167,9.086909,-0.327218,0.108616,0.073548,0.935796,0.267122,-0.856707,-0.186241,3.502806,0.372925,7.360836,-0.247272,-0.008601,0.019081,0.968716
0.470148,-0.66977,0.754855,-1.062413,-0.344566,5.953343,-0.327914,-0.119153,0.012473,0.937076,-0.478905,2.409422,0.011707,5.571896,0.74646,11.970819,-0.328485,0.089474,0.061718,0.938229,0.195819,-0.986543,0.188369,-0.125732,0.102539,6.023556,-0.248864,-1.2e-05,0.021503,0.968295
0.395153,-0.233983,0.653953,-0.947558,-0.51685,6.058627,-0.333427,-0.116981,0.016166,0.935346,-0.152185,2.025234,-0.777954,6.774288,0.828857,11.378778,-0.322217,0.072301,0.055028,0.942291,0.074496,-0.966323,0.557658,1.167602,0.789184,6.006466,-0.254059,0.0108,0.025923,0.966777
0.220348,-0.217075,0.517054,-0.842274,-1.196411,6.45105,-0.337857,-0.114489,0.017941,0.934031,-0.155378,1.161077,-0.582135,3.12866,-1.392211,10.386957,-0.317386,0.063105,0.049017,0.94492,0.143671,-0.96313,0.54063,0.474853,-1.865844,7.335201,-0.259083,0.020589,0.027829,0.96523
0.109083,-0.140172,0.353975,-0.928415,-1.119841,8.01117,-0.340925,-0.112253,0.018316,0.93318,-0.150057,0.499125,0.723678,2.447508,-1.958617,10.178827,-0.324511,0.060452,0.043991,0.942918,0.244773,-0.689623,0.444849,-0.511474,-1.948241,8.25561,-0.263276,0.026474,0.029908,0.963889
0.067632,-0.013635,0.202076,-2.316252,-1.148555,8.776874,-0.342546,-0.112128,0.017247,0.932622,0.100038,0.509767,0.594906,3.71887,-2.694701,10.068354,-0.33053,0.056579,0.042213,0.941148,0.410794,-0.633218,-0.109616,0.791625,-2.394408,9.633173,-0.262503,0.031799,0.034476,0.963787
0.101447,0.122173,0.140717,-4.173083,-0.679562,9.379865,-0.343538,-0.11464,0.016254,0.931969,0.103231,0.724742,0.566172,5.037839,-3.890379,9.207148,-0.336323,0.050946,0.039746,0.939523,0.538502,-0.772633,-0.459748,3.118284,-1.345214,11.69616,-0.258351,0.038526,0.041393,0.964391
0.190623,0.116992,0.087539,-5.225924,-0.038285,8.82473,-0.343943,-0.117918,0.016523,0.931406,0.00745,0.365032,-0.305435,2.742308,-2.196654,10.490107,-0.333703,0.048152,0.038055,0.940674,0.680045,-1.268565,-0.799239,3.084105,-0.585327,11.239007,-0.250772,0.049446,0.051257,0.965419
0.071722,0.064359,0.103629,-6.690332,1.694118,7.982456,-0.344682,-0.120645,0.01669,0.93078,-0.232003,1.465448,0.597034,-4.811399,6.539303,18.912342,-0.339697,0.034001,0.031205,0.939398,1.029113,-2.05184,-0.676852,4.199827,1.538695,11.787103,-0.24403,0.067045,0.067047,0.965117
-0.249255,0.451059,0.221984,-4.948357,3.26381,10.260424,-0.347071,-0.125788,0.013659,0.92926,0.585328,-0.790725,-1.553779,-1.347656,-3.549803,13.094475,-0.325104,0.038684,0.038643,0.944092,1.451613,-2.925575,-0.098974,4.052122,5.66528,16.181631,-0.242298,0.091608,0.089135,0.961742
-0.540507,0.208349,-0.000818,-3.790231,2.191826,11.236695,-0.347722,-0.127692,0.008462,0.928819,0.232003,-0.057469,1.000378,0.595703,2.775877,9.016109,-0.334627,0.038414,0.041512,0.940648,1.470769,-3.080953,0.626833,1.288451,5.238645,16.803579,-0.247142,0.11728,0.110652,0.955466
-0.416425,0.491965,-0.392699,-3.426522,1.732404,15.05564,-0.344889,-0.129653,0.003942,0.929633,0.521474,-0.343747,-0.72155,1.085815,3.07495,15.654899,-0.327931,0.039264,0.048359,0.942642,0.872671,-2.373238,1.533559,-0.397339,3.02307,15.267936,-0.260458,0.138022,0.122845,0.947635
-0.169351,0.687769,-0.546234,-5.905486,2.641676,18.960726,-0.339994,-0.13736,-0.00034,0.930337,0.246902,-0.508703,0.237324,5.328977,8.475947,19.999378,-0.330017,0.04345,0.053442,0.941455,-0.05534,-1.759176,1.786846,-1.247558,0.533447,15.247184,-0.275462,0.15552,0.123522,0.940568
-0.179714,0.634863,-0.490328,-6.939186,3.78066,19.276579,-0.335701,-0.144354,-0.003953,0.930829,0.246902,-0.375674,1.908169,1.066284,-1.105346,8.991084,-0.347904,0.047449,0.055385,0.934685,-0.504446,-1.328162,1.207904,-2.209471,-0.78247,15.618278,-0.28471,0.169395,0.119447,0.935932
-0.152171,-0.389972,-0.600502,-4.622933,2.057827,12.739388,-0.330359,-0.141969,-0.004224,0.933103,0.261801,0.046826,0.37461,-4.019163,-1.270141,3.925169,-0.351555,0.044872,0.056316,0.933389,-0.160699,-1.148307,0.09046,-0.564575,-1.553344,12.503654,-0.284317,0.179462,0.119762,0.934134
0.154353,-1.452168,-0.427878,-2.172683,1.627119,7.752745,-0.326396,-0.129553,0.003265,0.936303,0.094717,-0.060661,-1.480347,-2.543944,5.87402,7.17773,-0.337573,0.042665,0.05926,0.938458,0.155378,-0.628961,-0.713036,1.644286,0.0,8.050532,-0.277369,0.182818,0.122956,0.935157
0.418879,-1.729512,0.201531,-0.478565,1.751546,6.163911,-0.327879,-0.113952,0.014922,0.937699,-0.139414,0.445913,-0.427821,-2.069091,4.654538,15.277701,-0.33366,0.037602,0.057057,0.940209,0.084074,-0.050019,-0.578942,1.361694,1.610106,6.259151,-0.272234,0.181207,0.125152,0.936687
0.435514,-0.877846,0.504782,0.210568,2.230111,6.699903,-0.332187,-0.106168,0.024225,0.936902,0.383124,0.871606,0.773697,-0.93872,1.542968,11.943353,-0.341474,0.026587,0.057265,0.937764,-0.078753,0.272444,-0.09046,0.601196,2.409056,5.643307,-0.271286,0.177034,0.124641,0.937827
0.01009,0.172897,0.410698,-0.9667,1.770689,7.178468,-0.336251,-0.107614,0.026165,0.935233,0.378867,0.840744,0.747091,1.976317,-1.748046,9.507441,-0.349168,0.019208,0.056299,0.935166,-0.262865,0.731128,0.237324,0.531616,2.753294,5.097653,-0.273603,0.169595,0.120866,0.939022
-0.224984,0.81785,0.023453,-1.885544,1.138984,7.322037,-0.336804,-0.116428,0.021481,0.934097,0.244773,0.636411,0.06279,2.481078,-1.388549,7.482906,-0.350272,0.014218,0.055451,0.934893,-0.455491,1.319648,0.39483,0.161133,3.085936,4.456174,-0.277749,0.157417,0.113538,0.940838
-0.258254,0.465785,-0.161988,-1.502693,0.535992,6.565906,-0.335466,-0.120169,0.015338,0.934226,0.067047,0.491675,-0.179855,2.340697,0.756836,7.863765,-0.348935,0.011149,0.055089,0.935455,-0.479969,1.702772,0.413986,-0.546264,2.248534,4.026487,-0.282509,0.14142,0.10441,0.943016
-0.227984,0.23371,-0.181078,-1.196411,-0.095713,6.594619,-0.333971,-0.120461,0.010622,0.934789,0.071304,0.525731,0.285214,2.116088,1.519775,8.302608,-0.351922,0.007562,0.055279,0.93436,-0.455491,1.937967,0.742834,0.203857,1.309203,3.547971,-0.290581,0.123413,0.094382,0.944148
-0.257436,-0.015272,-0.292615,-1.052842,0.095713,7.436893,-0.331523,-0.117781,0.006992,0.936035,0.032991,0.373546,0.842872,3.102415,1.496581,8.165889,-0.360041,0.006053,0.055349,0.931269,-0.541694,2.20509,1.355832,1.542358,0.267944,4.307249,-0.304911,0.107178,0.08031,0.942912
-0.404426,-0.250073,-0.285798,-0.784846,0.861416,7.523035,-0.329485,-0.112432,0.004678,0.937426,0.0,0.122387,1.137664,3.271482,0.866088,7.896114,-0.370749,0.007383,0.055603,0.927033,-0.567236,2.388138,1.460127,1.924437,-0.133667,6.243893,-0.320105,0.088829,0.064596,0.940989
-0.488419,-0.302706,-0.144808,-0.497707,1.445265,6.74776,-0.32888,-0.107083,0.002693,0.938273,0.077689,-0.088331,0.919497,3.37097,0.831298,7.773433,-0.379279,0.01026,0.057357,0.923441,-0.630026,2.259365,1.245152,1.612548,-0.825195,8.117671,-0.332818,0.070845,0.048388,0.939076
-0.44615,-0.200167,-0.036543,-0.239282,1.540978,6.317052,-0.329219,-0.102898,0.00092,0.938625,0.102166,-0.122387,0.731128,3.2666,0.463257,7.97668,-0.386035,0.013343,0.05922,0.92048,-0.484226,1.890077,0.85245,1.418456,-1.58081,8.962398,-0.341483,0.055696,0.035036,0.937577
-0.536416,-0.052087,-0.037634,-0.449851,1.359123,6.345766,-0.329619,-0.099913,-0.002138,0.938805,0.117066,-0.293728,0.532116,2.208251,1.156615,7.493282,-0.390801,0.017511,0.062535,0.918177,-0.266058,1.683616,0.400151,2.48596,-1.849975,8.905635,-0.345728,0.042532,0.025347,0.937023
-0.682315,0.120537,-0.083176,-1.244268,1.177269,6.202196,-0.329665,-0.099551,-0.007189,0.938803,0.11813,-0.365032,0.65131,1.777343,1.817626,6.849972,-0.396525,0.021625,0.066731,0.915335,-0.373546,1.702772,0.487418,3.52844,-1.09436,8.676143,-0.350545,0.029973,0.015581,0.935932
-0.765763,0.132536,-0.150262,-1.56012,0.736989,5.723632,-0.329034,-0.100026,-0.014114,0.938895,-0.05534,-0.45762,0.984415,1.753539,2.029418,6.560055,-0.405132,0.027268,0.06971,0.911184,-0.849257,1.713414,1.339869,3.014525,-0.797729,9.95727,-0.363013,0.019114,0.001224,0.931583
-0.741492,0.217075,-0.139626,-1.454836,0.440279,5.876772,-0.328449,-0.101463,-0.02132,0.93881,-0.05534,-0.557658,1.221739,0.727539,0.722045,6.370235,-0.415752,0.034076,0.072984,0.9059,-0.997186,1.256858,1.625083,2.594603,-0.314331,10.764154,-0.377864,0.01296,-0.012372,0.925683
-0.649862,0.346339,-0.095175,-1.081556,-0.038285,7.484749,-0.32813,-0.100622,-0.02892,0.938808,-0.135158,-0.668338,1.213225,0.809936,1.030883,6.625362,-0.426011,0.040671,0.075884,0.900607,-0.667274,0.473583,1.223867,2.43347,1.14624,11.38244,-0.388981,0.012063,-0.018837,0.920969
-0.4996,0.331067,-0.031634,-0.957129,-0.784846,9.341579,-0.328165,-0.100265,-0.035479,0.938609,-0.107487,-0.667274,0.802431,1.863402,-0.220337,8.28979,-0.432818,0.049442,0.076384,0.896873,-0.205397,0.106423,0.640668,1.867064,1.86035,10.941766,-0.394811,0.012258,-0.019284,0.918473
-0.306796,0.329976,-0.02918,-1.607977,-0.880559,10.738988,-0.327965,-0.100672,-0.040515,0.938432,-0.044698,-0.554465,0.277765,2.236937,-1.25183,8.912349,-0.434563,0.05552,0.077632,0.895566,0.285214,0.120258,0.030863,1.591796,2.190551,10.806879,-0.394859,0.010134,-0.016122,0.91854
-0.183805,0.353429,-0.044724,-1.942972,-0.29671,11.150554,-0.327574,-0.101418,-0.043466,0.938356,-0.084074,-0.537437,-0.387381,3.932493,0.159302,9.826654,-0.430297,0.061213,0.079527,0.897087,0.445913,0.096845,-0.301178,2.597655,1.705321,10.402826,-0.391877,0.008033,-0.01141,0.919908
-0.07554,0.150262,-0.030816,-2.794817,1.272982,10.566705,-0.327483,-0.103718,-0.04308,0.938154,-0.103231,-0.644925,-0.597034,4.757688,0.736694,10.707392,-0.424033,0.067762,0.082021,0.899371,0.443785,0.02767,-0.393766,3.795164,2.061156,11.741326,-0.388063,0.006767,-0.006411,0.921582
0.099811,0.058905,-0.04636,-4.718646,1.330409,9.839287,-0.326976,-0.106488,-0.041977,0.93807,-0.273508,-1.263244,-0.586392,5.702511,0.211792,12.908928,-0.417214,0.080618,0.085412,0.901183,0.587456,0.456556,-1.165334,-0.062866,0.893554,17.069082,-0.377073,0.000209,-0.002442,0.926176
0.420243,0.310069,-0.209167,-4.603791,0.823131,10.691132,-0.324458,-0.112618,-0.039101,0.938353,-0.395894,-1.901783,-0.585328,5.56152,-0.269165,14.129021,-0.409652,0.099578,0.090133,0.902296,-0.285214,0.545951,0.081946,-7.451168,-4.496458,14.621573,-0.37767,-0.004657,-0.008312,0.925887
0.704677,0.179714,0.181896,-3.359523,0.22014,9.820144,-0.325266,-0.118581,-0.03306,0.937571,-0.674723,-2.348761,-0.536373,4.182127,-0.223389,16.783438,-0.401644,0.123134,0.093797,0.902616,-0.855643,0.161763,1.030177,-3.287962,1.330566,7.537838,-0.387035,-0.00434,-0.016739,0.921899
0.747219,0.429787,0.261527,-2.766103,-1.138984,10.624132,-0.326447,-0.12461,-0.029059,0.93651,-0.848193,-2.540323,-0.799239,2.747191,1.419067,17.981558,-0.390599,0.148048,0.097059,0.903375,0.384188,0.413986,-2.342376,0.119629,-0.776977,10.152582,-0.365038,-0.009037,-0.015036,0.930823
0.618774,1.094376,-0.144535,-6.786045,-3.436093,14.921642,-0.323728,-0.137393,-0.028898,0.935671,-0.74177,-2.345568,-0.768376,1.019897,1.832274,19.999378,-0.379995,0.170134,0.10026,0.903659,0.270315,0.067047,-0.08301,1.959838,-6.48254,19.999378,-0.364084,-0.009861,-0.013578,0.931211
0.382336,1.842413,-0.355611,-8.106883,-1.339981,21.487547,-0.319011,-0.15647,-0.033577,0.934138,-0.405473,-1.90604,-0.317141,-0.143433,1.905517,16.869497,-0.374346,0.187035,0.103991,0.902253,0.425693,-1.622954,-3.047961,-2.882078,-3.594969,12.639763,-0.335585,0.003793,-0.005085,0.941985
0.305705,0.725675,-0.036816,-5.532206,0.526421,16.213766,-0.317664,-0.165367,-0.034617,0.933025,-0.139414,-1.651689,-0.073432,1.236572,1.572265,11.686395,-0.371517,0.200978,0.108865,0.899846,0.270315,-0.119194,-3.457691,-1.698607,6.891476,-1.335449,-0.302853,0.003177,-0.000488,0.953028
0.165806,-0.385336,-0.080176,-3.799802,1.177269,11.274981,-0.317099,-0.162497,-0.030021,0.933881,-0.186241,-1.220675,-0.078753,1.585082,1.769408,8.472285,-0.368981,0.210757,0.112118,0.898251,-0.104295,0.222425,-0.547015,4.636228,-1.80786,4.43176,-0.297628,0.003372,-0.002265,0.954669
-0.128445,-1.031108,-0.696495,-3.541378,1.550549,8.059027,-0.311257,-0.15376,-0.027885,0.937385,-0.517217,-0.835422,-0.076625,1.308593,0.665893,7.423702,-0.366318,0.218381,0.110269,0.897749,-0.626833,1.161077,2.528616,-6.154171,-3.988645,9.962763,-0.321588,-0.007197,-0.013308,0.946754
-0.391336,-1.1391,-1.00411,-1.741975,0.086142,6.345766,-0.302666,-0.139736,-0.030113,0.942312,-0.52041,-0.472519,-0.054276,0.9729,0.415649,5.994259,-0.36411,0.223088,0.107036,0.897881,0.101102,0.969516,0.187305,-6.96899,-2.201537,15.942984,-0.323184,-0.017773,-0.016183,0.946027
-0.2498,-0.523053,-0.868574,-0.736989,-1.292124,5.359923,-0.294793,-0.132357,-0.033435,0.945755,-0.326719,-0.029799,-0.195819,0.459594,-0.705566,4.358518,-0.361903,0.223174,0.103327,0.899186,-0.002128,0.553401,-2.042262,-0.769653,0.277099,10.801386,-0.303748,-0.024197,-0.017066,0.952288
-0.041179,0.063268,-0.614683,-0.507278,-1.722832,5.206782,-0.288821,-0.131257,-0.03623,0.947646,-0.203268,0.36716,-0.609805,-0.060425,-1.085815,3.330076,-0.356696,0.219013,0.100029,0.902656,-0.226682,0.682173,-0.921625,1.835326,2.998656,7.523189,-0.29494,-0.029227,-0.019621,0.954862
-0.022635,0.387245,-0.31225,-0.736989,-0.985843,5.34078,-0.285589,-0.133198,-0.039166,0.948238,-0.251159,0.654503,-0.70665,-0.192261,-1.349487,3.096312,-0.350784,0.212462,0.095362,0.907032,-0.188369,0.628961,0.241581,1.356811,0.217285,7.573238,-0.297189,-0.03297,-0.022256,0.953985
0.0,0.734129,-0.019908,-0.851845,-0.172283,5.18764,-0.28511,-0.138239,-0.041286,0.94757,-0.332041,0.912047,-0.744963,0.106201,-2.543334,2.454833,-0.344612,0.204627,0.088831,0.91185,0.045762,0.175598,-0.052147,1.61621,-0.377807,7.990718,-0.296631,-0.032822,-0.021936,0.954171
0.168806,1.017472,0.230438,-1.11027,0.66999,6.173482,-0.286873,-0.147496,-0.040583,0.945671,-0.36716,1.193004,-1.085517,0.119629,-2.922362,2.062987,-0.335409,0.194221,0.081673,0.918205,0.2767,-0.017028,-1.097224,0.926513,-1.45935,8.832393,-0.286007,-0.031375,-0.020323,0.957493
0.323977,0.741492,0.461967,-1.694118,0.717847,7.618747,-0.290717,-0.15467,-0.037281,0.943484,-0.246902,1.489925,-1.181298,1.001586,0.706787,1.263427,-0.324844,0.180705,0.078579,0.925008,0.53318,-0.552337,-1.583578,2.289428,-1.903685,9.252924,-0.270707,-0.025344,-0.014598,0.962213
0.442605,0.045269,0.559323,-1.952543,-0.287139,8.173882,-0.295226,-0.154755,-0.032877,0.942233,-0.091524,1.943288,-0.874799,1.9812,3.652952,2.91992,-0.31765,0.162016,0.074919,0.931251,0.645989,-0.700265,-1.736827,2.935179,-0.328979,7.955317,-0.253876,-0.018145,-0.006507,0.96704
0.473421,-0.458149,0.306251,-1.540978,-1.158126,7.360322,-0.297338,-0.150488,-0.027884,0.942421,0.019156,2.117822,-0.837551,2.947386,3.610838,5.97778,-0.311033,0.141303,0.071651,0.937096,0.529988,-0.879056,-1.273886,2.688597,1.166991,6.335445,-0.241499,-0.009304,0.001815,0.97035
0.398153,-0.45624,0.077994,-1.234697,-1.004985,6.039485,-0.297408,-0.146024,-0.024044,0.943207,-0.085139,2.21786,-0.169213,3.331907,1.259765,10.367426,-0.31053,0.119892,0.066007,0.940655,0.275636,-0.794982,-0.348004,1.902465,0.256348,6.738277,-0.238082,-0.000379,0.007052,0.971215
0.415061,-0.32234,0.18326,-1.722832,-0.459422,5.178068,-0.298318,-0.144088,-0.020873,0.943293,-0.176663,2.122079,0.36716,7.443843,1.924437,12.28637,-0.314995,0.102256,0.05844,0.941753,0.106423,-1.006764,0.470391,0.996704,-0.115967,6.706539,-0.242572,0.011177,0.010543,0.970007
0.486783,-0.10472,0.273253,-1.617548,0.057428,5.312066,-0.299933,-0.144393,-0.017542,0.942801,0.06279,1.569743,-0.11813,7.963862,2.161864,11.585687,-0.314738,0.088773,0.055338,0.943392,0.18092,-1.016342,0.220296,-0.429077,0.900268,5.976559,-0.244582,0.019085,0.016022,0.969304
0.438514,-0.131991,0.314977,-0.89013,-0.057428,6.45105,-0.302316,-0.142621,-0.012728,0.942387,0.074496,0.815202,-0.786468,5.234372,-0.171509,9.899286,-0.307849,0.082356,0.054383,0.946298,0.140479,-0.794982,0.238388,0.821533,-0.032349,6.600948,-0.246804,0.028476,0.019128,0.968454
0.308432,-0.109083,0.212712,-1.215554,-0.81356,7.771888,-0.303785,-0.140977,-0.01031,0.942192,-0.056404,0.439528,-0.282022,3.157957,-2.903441,8.68957,-0.305546,0.079537,0.05124,0.94746,0.130901,-0.62364,0.432078,0.039673,-1.342162,7.29919,-0.250964,0.034218,0.019815,0.967184
0.163625,-0.09872,0.131718,-2.421536,-1.282553,8.939586,-0.304572,-0.139865,-0.01013,0.942105,-0.029799,0.212846,-0.044698,2.984007,-2.595213,8.884273,-0.305323,0.078375,0.049456,0.947724,0.42995,-0.616191,0.192626,0.490722,-1.890258,9.409784,-0.253111,0.03925,0.024549,0.966325
0.080449,-0.160352,0.101175,-3.48395,-0.59342,8.9013,-0.305152,-0.139297,-0.010586,0.941997,0.261801,0.269251,0.021285,4.481809,-3.381956,10.70373,-0.305972,0.076009,0.050301,0.947663,0.539566,-0.755605,-0.127708,2.688597,-0.969238,11.33117,-0.252146,0.045821,0.031419,0.966089
0.08263,-0.117264,0.072268,-4.345366,0.114855,8.489735,-0.305536,-0.140084,-0.01037,0.941758,0.091524,0.952488,0.896084,8.134151,-0.43457,11.009515,-0.315004,0.068445,0.047765,0.945409,0.731128,-1.172784,-0.490611,3.384398,1.041259,10.469355,-0.247569,0.055844,0.042063,0.96634
0.004363,-0.019362,0.112901,-7.130611,1.48355,7.63789,-0.306497,-0.141823,-0.010352,0.941186,-0.22881,0.516153,1.106802,-3.212278,2.957762,12.168572,-0.325454,0.063351,0.043391,0.942431,0.965259,-1.701708,-0.194755,4.129636,0.933227,12.99926,-0.245722,0.070439,0.055914,0.965156
-0.072813,0.486238,0.169897,-6.594619,2.029114,10.557134,-0.308084,-0.148095,-0.01222,0.939678,0.282022,0.114937,-1.14405,-1.732787,0.265503,19.763783,-0.314852,0.05998,0.045972,0.946124,1.283464,-2.453056,-0.02767,2.827757,2.877806,17.501822,-0.245155,0.090729,0.074651,0.962334
-0.235347,0.444514,0.026453,-5.522635,1.923829,13.380664,-0.308629,-0.153386,-0.015262,0.938605,0.194755,-0.625769,1.154692,2.20703,-0.770263,10.965569,-0.325587,0.066182,0.048686,0.941932,1.311134,-2.562671,0.230938,-0.465088,2.648314,18.195791,-0.246816,0.111194,0.093208,0.958135
-0.286616,0.353702,-0.499873,-5.78106,2.354537,16.146767,-0.304468,-0.157173,-0.018507,0.939279,0.264994,-0.073432,-0.184112,-3.501585,0.899047,14.566642,-0.323951,0.064597,0.051133,0.942476,0.725807,-2.176355,0.73432,-1.582641,3.565061,17.1527,-0.252754,0.129444,0.104645,0.953101
-0.293433,0.276798,-0.865301,-8.662018,2.775674,17.754744,-0.296745,-0.160564,-0.023065,0.941075,0.427821,-0.45017,-0.848193,2.690428,7.489009,19.999378,-0.315861,0.066596,0.058138,0.944674,-0.116001,-1.628276,1.049333,-2.096556,0.311279,16.56249,-0.261114,0.144873,0.105466,0.948525
-0.324249,0.218984,-0.639772,-7.886744,3.589234,18.147167,-0.291345,-0.163014,-0.026583,0.942247,0.329912,-0.214975,0.697072,0.114136,0.932006,12.796623,-0.322456,0.067353,0.061271,0.942191,-0.241581,-1.382438,0.486354,-1.030883,-1.96411,18.489979,-0.264205,0.15794,0.104876,0.945645
-0.016908,-0.837758,-0.457331,-4.804788,2.45025,13.485949,-0.287558,-0.155706,-0.023233,0.944732,0.089396,0.250095,0.423564,-2.392577,0.287475,6.245724,-0.326567,0.063483,0.060438,0.941097,0.170277,-1.485669,-0.9908,-0.224609,-1.502685,14.246818,-0.253835,0.169322,0.110772,0.945843
0.355611,-0.975475,-0.015272,-3.196811,1.607977,9.341579,-0.287332,-0.148323,-0.015304,0.946149,0.017028,0.508703,-1.140857,-1.381835,4.558713,12.835075,-0.315981,0.05618,0.060572,0.945157,0.400151,-1.148307,-1.404787,1.449584,1.562499,8.356318,-0.239789,0.175734,0.119825,0.947234
0.506418,-0.576231,0.48542,-2.344966,1.895115,7.082755,-0.29149,-0.145188,-0.006335,0.945466,0.048955,0.91524,-0.121322,-0.731201,2.539671,12.909538,-0.315258,0.046432,0.058399,0.946065,0.260737,-0.543823,-0.876927,1.072997,3.798826,7.089229,-0.231244,0.178066,0.126051,0.948115
0.270799,-0.033816,0.700041,-1.579263,2.019542,7.006185,-0.297987,-0.145703,-0.000681,0.94338,0.194755,1.125958,0.467198,-0.161743,0.346679,10.122065,-0.32031,0.034955,0.056093,0.945,-0.044698,-0.089396,-0.120258,0.662841,4.290769,6.480099,-0.229848,0.177672,0.1271,0.948388
0.018544,0.302706,0.480784,-2.096113,1.598405,6.948757,-0.302709,-0.149363,0.001111,0.941301,0.116001,0.965259,0.039377,1.107177,-0.116577,8.283076,-0.321382,0.026661,0.052474,0.945114,-0.393766,0.444849,0.599163,0.095825,3.311766,5.257565,-0.235027,0.173544,0.122391,0.948502
-0.071722,0.308432,0.121355,-2.0004,0.861416,6.269196,-0.304073,-0.153494,0.000959,0.940197,-0.015963,0.814138,-0.148993,1.678466,0.537109,7.40295,-0.320449,0.020867,0.050245,0.945698,-0.506575,0.945038,0.875863,-0.38208,2.532347,4.301145,-0.243278,0.165133,0.114722,0.948882
-0.07854,0.061087,-0.031361,-1.493121,0.574277,5.551349,-0.304102,-0.152103,0.000796,0.940413,-0.050019,0.730063,0.163892,1.923827,1.074218,7.996211,-0.322374,0.01582,0.048561,0.945229,-0.443785,1.213225,0.993993,-1.300048,1.682738,3.771971,-0.253144,0.153969,0.106213,0.949169
-0.064359,-0.088903,-0.011999,-1.368695,0.488136,5.752346,-0.304203,-0.149185,0.000629,0.940848,-0.064918,0.584264,0.484226,3.086546,0.863647,8.541255,-0.327269,0.012585,0.046743,0.943686,-0.325655,1.367539,1.039755,-0.579834,1.468505,3.156736,-0.263703,0.141072,0.098627,0.949117
-0.108265,-0.097629,-0.004636,-1.234697,0.526421,6.546763,-0.304453,-0.146065,0.000222,0.941257,-0.108552,0.178791,0.73432,4.506223,0.510864,8.351436,-0.33432,0.013507,0.045615,0.941254,-0.251159,1.585706,1.161077,0.73059,1.295776,3.022459,-0.275545,0.126724,0.092053,0.948438
-0.187077,-0.05645,-0.057269,-1.043271,0.727418,6.814759,-0.304377,-0.143223,-0.000656,0.941718,-0.050019,-0.081946,0.585328,4.595334,0.432739,7.062984,-0.339833,0.01661,0.045951,0.939211,-0.31927,1.871985,1.296235,1.899413,0.395508,4.102781,-0.289134,0.112898,0.082543,0.947013
-0.238074,-0.036816,-0.035725,-0.803988,0.784846,6.594619,-0.304583,-0.140475,-0.001897,0.942063,-0.021285,-0.147928,0.427821,3.810423,1.123657,7.111202,-0.343808,0.019999,0.047168,0.937637,-0.259673,2.097602,0.777954,1.470946,-0.809326,5.599972,-0.29814,0.094923,0.07122,0.947112
-0.320432,-0.126264,0.050724,-0.535992,0.765703,6.489335,-0.305706,-0.136618,-0.003547,0.942262,-0.002128,-0.254352,0.615126,3.140867,2.269286,7.411495,-0.349433,0.023869,0.04949,0.935345,-0.190498,2.047583,0.271379,1.717528,-1.845702,7.106929,-0.302158,0.076953,0.061179,0.948171
-0.420243,-0.233438,0.028362,-0.679562,1.004985,6.833901,-0.306776,-0.131659,-0.005495,0.942611,0.034055,-0.399087,0.805624,2.930907,2.392577,7.459713,-0.356732,0.028919,0.052699,0.932266,-0.184112,1.870921,-0.046826,2.553099,-1.680907,8.017573,-0.302849,0.061083,0.052347,0.949633
-0.509418,-0.341703,-0.055905,-1.024128,1.081556,6.738189,-0.307182,-0.125825,-0.007663,0.94326,0.006385,-0.624704,0.936525,1.903075,1.437987,6.840816,-0.365073,0.03631,0.05636,0.928557,-0.163892,1.868792,-0.121322,3.446043,-0.344238,8.54919,-0.302606,0.04574,0.045031,0.950948
-0.528235,-0.39679,-0.085903,-1.081556,1.177269,6.403193,-0.307312,-0.119915,-0.009631,0.943969,0.041505,-0.52041,0.799239,2.69409,0.258789,6.379391,-0.372242,0.043363,0.058839,0.925249,-0.427821,1.482476,0.771568,4.224241,0.610351,10.191645,-0.310395,0.035171,0.036725,0.949242
-0.477238,-0.341703,-0.133354,-1.215554,1.071985,6.364908,-0.306892,-0.115031,-0.01127,0.944696,0.032991,-0.5683,0.764119,0.135498,1.704711,6.612545,-0.378839,0.047372,0.062151,0.922153,-0.527859,0.934396,1.344126,3.759153,1.37268,10.298456,-0.323255,0.030054,0.029486,0.94537
-0.449968,-0.317977,-0.095993,-1.167697,0.928415,6.9009,-0.306764,-0.110036,-0.01277,0.945313,0.021285,-0.636411,0.843936,1.525268,2.788084,7.399898,-0.386067,0.053355,0.066309,0.918532,-0.268187,0.313949,1.055719,3.804319,1.676635,10.279535,-0.333202,0.029738,0.026955,0.941996
-0.401153,-0.270253,0.03927,-1.004985,0.708275,7.695318,-0.307791,-0.1049,-0.014272,0.945541,0.008514,-0.635347,1.002507,1.315917,0.337524,7.502437,-0.394976,0.061466,0.067181,0.914163,0.091524,0.342683,0.340554,1.849975,2.06787,10.581659,-0.336459,0.026708,0.028525,0.940882
-0.300797,-0.25989,0.126809,-0.775275,0.727418,9.293723,-0.309489,-0.099946,-0.01504,0.945512,-0.048955,-0.642796,0.597034,1.119995,-0.517578,7.678829,-0.399667,0.068106,0.068347,0.911564,0.258608,0.600227,-0.061725,1.237182,3.073118,10.550531,-0.335978,0.02004,0.029868,0.941179
-0.166352,-0.318795,0.142081,-1.272982,1.493121,10.423136,-0.311243,-0.095832,-0.013597,0.945384,-0.120258,-0.37461,0.283086,2.542723,0.151977,8.435054,-0.401592,0.072701,0.068556,0.910346,0.098974,0.419308,0.119194,2.69409,4.581296,9.622187,-0.33713,0.015976,0.030668,0.940818
-0.072813,-0.256345,0.092721,-2.478964,2.009971,10.451849,-0.312363,-0.094286,-0.011741,0.945195,-0.218168,-0.495932,0.061725,4.669187,2.005614,10.977777,-0.401318,0.078667,0.069137,0.909927,0.084074,0.473583,0.343747,3.186033,7.167964,11.48681,-0.340409,0.011393,0.031247,0.939685
0.014999,-0.118628,-0.024271,-5.292923,2.258825,9.169296,-0.31213,-0.095137,-0.010902,0.945197,-0.253287,-0.921625,0.122387,7.078243,2.597655,10.66894,-0.40128,0.088963,0.071244,0.908832,0.373546,0.423564,0.089396,-1.313476,5.577389,15.584098,-0.341284,0.005435,0.034115,0.939321
0.361065,0.20944,-0.193077,-6.269196,0.306281,10.949556,-0.309835,-0.100057,-0.009005,0.945464,-0.342683,-1.569743,0.202204,5.322873,1.753539,13.632805,-0.401303,0.105148,0.074677,0.906816,0.06279,0.88757,0.49274,-9.230951,-11.8872,16.997061,-0.346137,-0.00345,0.029997,0.937694
0.626137,-0.057269,0.467421,-4.019942,-0.650848,12.01197,-0.313439,-0.102624,-0.00406,0.944033,-0.493804,-2.195512,0.396959,5.479733,0.811767,19.072865,-0.402302,0.12742,0.078592,0.90318,-1.107866,-0.335233,1.080196,-6.582638,-5.291745,6.717525,-0.356056,0.002979,0.019268,0.934257
0.496328,0.02018,0.710404,-2.699104,-0.89013,11.810972,-0.319438,-0.104174,-0.000685,0.941859,-0.606613,-2.339183,0.294792,1.239623,-0.624389,18.471668,-0.40241,0.14978,0.080864,0.899491,-0.388445,0.476776,-1.431393,-3.259275,-0.221557,8.443599,-0.342696,-0.002112,0.013004,0.939349
