0.006,0.05945,-0.015272,9.877572,0.210568,1.751546,-0.319798,-0.588695,0.255172,-0.697171,0.003193,-0.013835,0.00745,10.446772,2.370604,-0.576782,-0.302103,-0.706198,0.166814,-0.61821,0.004257,-0.003193,0.011707,10.437616,-1.767577,0.372925,-0.254842,-0.598803,0.350852,-0.673339
0.008999,0.067632,-0.011181,9.906285,0.306281,1.847259,-0.321096,-0.588018,0.253515,-0.697749,0.0,-0.008514,-0.002128,10.438227,2.38098,-0.557251,-0.303365,-0.705837,0.16569,-0.618306,0.003193,0.0,0.008514,10.403437,-1.808471,0.357055,-0.253615,-0.598909,0.352113,-0.67305
0.003,0.068995,-0.01009,9.858429,0.325424,1.85683,-0.322459,-0.587388,0.251854,-0.698252,-0.002128,-0.002128,0.001064,10.404047,2.422484,-0.509643,-0.304439,-0.705198,0.164823,-0.618738,0.004257,0.0,-0.001064,10.364374,-1.732787,0.419922,-0.254644,-0.598646,0.350929,-0.673513
0.001636,0.062177,-0.00709,9.79143,0.287139,1.808974,-0.323086,-0.588141,0.251049,-0.697619,-0.001064,-0.001064,0.014899,10.389399,2.446288,-0.531006,-0.305471,-0.705745,0.163712,-0.617901,0.001064,-0.001064,0.005321,10.405268,-1.72058,0.383301,-0.255813,-0.599509,0.349825,-0.672876
0.005181,0.042815,-0.007636,9.772287,0.248854,1.808974,-0.322038,-0.587324,0.252263,-0.698353,0.004257,0.001064,0.022349,10.431513,2.419432,-0.593872,-0.304389,-0.706473,0.164556,-0.617379,-0.001064,-0.003193,0.013835,10.394892,-1.758422,0.386963,-0.254476,-0.59864,0.351085,-0.673501
0.014181,0.046906,-0.004636,9.781859,0.267996,1.732404,-0.321818,-0.588108,0.252303,-0.69778,0.002128,0.001064,0.036184,10.421137,2.396849,-0.601196,-0.303101,-0.707071,0.165665,-0.617031,-0.002128,0.008514,0.008514,10.37475,-1.780394,0.314331,-0.254009,-0.599363,0.351743,-0.67269
0.006545,0.049906,-0.004909,9.954143,0.306281,1.70369,-0.321814,-0.588908,0.252189,-0.697149,0.001064,-0.003193,0.031927,10.538935,2.384032,-0.638427,-0.301789,-0.707651,0.166823,-0.616697,-0.003193,0.005321,0.023413,10.410761,-1.799926,0.327148,-0.253134,-0.599824,0.352785,-0.672063
0.010363,0.05236,0.001091,10.356136,0.267996,1.78026,-0.321336,-0.589486,0.252578,-0.696739,-0.004257,-0.009578,0.013835,10.463251,2.360228,-0.624389,-0.300403,-0.707987,0.168177,-0.61662,0.002128,-0.00745,0.006385,10.418085,-1.799315,0.351562,-0.253614,-0.599114,0.35211,-0.672869
0.01609,0.091357,-0.039815,11.093125,0.37328,1.971686,-0.322566,-0.590027,0.250931,-0.696308,-0.00745,-0.008514,-0.003193,10.521235,2.460936,-0.594482,-0.301812,-0.707804,0.166969,-0.616471,0.003193,-0.005321,0.00745,10.454096,-1.782836,0.343017,-0.254037,-0.600268,0.351806,-0.671839
0.05236,0.190623,-0.055087,11.399407,0.440279,2.105684,-0.32427,-0.588856,0.248247,-0.697468,-0.004257,0.006385,0.032991,10.671991,2.562254,-0.506591,-0.302782,-0.70712,0.166244,-0.616976,-0.001064,0.003193,0.02022,10.614618,-1.714477,0.337524,-0.25519,-0.600961,0.350728,-0.671346
0.138808,0.197986,-0.08154,10.250853,0.392423,2.277967,-0.324941,-0.587142,0.245671,-0.69951,0.001064,0.039377,0.04789,10.819086,2.596434,-0.437011,-0.303488,-0.706067,0.165708,-0.617979,-0.004257,0.039377,0.006385,10.720819,-1.70227,0.438843,-0.256287,-0.600292,0.34961,-0.672109
0.208349,0.059723,0.098175,8.958728,0.172283,2.201397,-0.323243,-0.586033,0.244552,-0.701616,0.002128,0.052147,0.017028,10.689081,2.532347,-0.411987,-0.304283,-0.704917,0.165033,-0.619079,-0.010642,0.084074,0.032991,10.712885,-1.784667,0.41748,-0.256271,-0.598497,0.349644,-0.673697
0.202349,-0.216803,0.246528,8.135597,0.07657,1.847259,-0.319476,-0.586432,0.245702,-0.702605,0.011707,0.02767,-0.050019,10.630487,2.38037,-0.366211,-0.304595,-0.703865,0.164715,-0.620207,-0.012771,0.096845,0.120258,10.501703,-1.826781,0.484009,-0.255346,-0.596246,0.350567,-0.675561
0.110992,-0.312523,0.194168,8.097312,0.047856,1.684547,-0.315985,-0.587421,0.247944,-0.702571,0.031927,-0.023413,-0.126644,10.528559,2.238768,-0.383301,-0.304379,-0.703482,0.164613,-0.620774,-0.014899,0.052147,0.220296,10.216059,-1.817016,0.647583,-0.25419,-0.594066,0.351607,-0.677375
0.050724,-0.301342,0.067904,9.025727,0.038285,1.512264,-0.313535,-0.590077,0.250042,-0.700696,0.039377,-0.073432,-0.158571,10.435175,2.177123,-0.526123,-0.303589,-0.704355,0.164819,-0.620117,-0.013835,0.006385,0.244773,10.092768,-1.87744,0.563354,-0.252124,-0.591976,0.353476,-0.679003
0.032998,-0.316614,-0.030271,9.609575,0.066999,1.339981,-0.312134,-0.593325,0.251352,-0.698106,0.039377,-0.095781,-0.103231,10.283197,2.175292,-0.585327,-0.302482,-0.705561,0.165349,-0.619145,-0.008514,-0.041505,0.161763,10.050043,-2.009887,0.327759,-0.249971,-0.592037,0.355687,-0.678591
0.011726,-0.318523,0.006818,9.753145,0.239282,1.454836,-0.311019,-0.596643,0.252512,-0.695352,0.025542,-0.116001,-0.021285,10.28686,2.291259,-0.488891,-0.301701,-0.705477,0.166126,-0.619413,0.009578,-0.087267,0.056404,10.126337,-2.023925,0.335693,-0.24835,-0.592917,0.357189,-0.677628
-0.013908,-0.297524,0.041452,9.877572,0.392423,1.732404,-0.311188,-0.598337,0.252461,-0.693837,0.013835,-0.142607,0.018092,10.502924,2.421263,-0.321045,-0.301896,-0.705487,0.166174,-0.619294,0.015963,-0.051083,0.002128,10.308832,-1.985472,0.53894,-0.248456,-0.592457,0.356636,-0.678282
-0.046906,-0.295342,0.029452,10.145568,0.459422,1.971686,-0.311351,-0.599515,0.25292,-0.692578,0.009578,-0.164956,0.056404,10.767206,2.6416,-0.275879,-0.302184,-0.705744,0.166214,-0.618849,0.004257,0.010642,0.030863,10.405268,-1.880492,0.778198,-0.248931,-0.591648,0.355925,-0.679187
-0.041452,-0.29507,0.038724,10.222138,0.564706,2.220539,-0.311343,-0.600615,0.25349,-0.69142,0.017028,-0.176663,0.039377,10.992425,2.817381,-0.217895,-0.302581,-0.706187,0.166038,-0.618197,-0.021285,-0.006385,0.103231,10.446772,-1.873778,0.853881,-0.248987,-0.59062,0.355873,-0.680088
-0.025907,-0.290706,0.066268,10.30828,0.258425,1.923829,-0.310713,-0.601406,0.254519,-0.690637,0.028734,-0.176663,-0.002128,11.15661,2.789305,-0.182495,-0.302992,-0.706615,0.165682,-0.617602,-0.044698,-0.044698,0.156442,10.632318,-1.903685,0.808105,-0.248806,-0.589712,0.356275,-0.680731
-0.028634,-0.31525,0.133627,10.202995,0.172283,1.808974,-0.309369,-0.602097,0.25628,-0.689988,0.046826,-0.20114,0.064918,11.538079,2.930907,-0.194702,-0.302853,-0.707158,0.165729,-0.617036,-0.067047,-0.073432,0.22136,10.760492,-2.05139,0.672607,-0.248131,-0.588638,0.35735,-0.681343
-0.061359,-0.330522,0.227711,10.049855,0.22014,1.454836,-0.308422,-0.604363,0.257804,-0.687859,0.071304,-0.277765,0.133029,11.788934,2.957762,-0.577392,-0.302423,-0.708688,0.165794,-0.615471,-0.072368,-0.147928,0.203268,10.998528,-2.171019,0.685424,-0.247114,-0.58795,0.358744,-0.681575
-0.085903,-0.350429,0.275162,9.982856,0.258425,1.062413,-0.305971,-0.606865,0.261309,-0.685424,0.092588,-0.323527,0.050019,11.280511,2.713011,-0.976562,-0.300813,-0.711865,0.166428,-0.612416,-0.043634,-0.260737,0.071304,11.077264,-2.014159,0.860595,-0.246871,-0.588979,0.359036,-0.68062
-0.076358,-0.376882,0.240255,10.202995,-0.248854,0.995414,-0.302702,-0.608913,0.265677,-0.683377,0.09046,-0.366096,-0.225617,10.504145,2.613524,-1.309814,-0.300786,-0.715738,0.165282,-0.608212,-0.031927,-0.353325,0.017028,11.203607,-1.9812,0.595703,-0.247009,-0.591781,0.358902,-0.678205
-0.036543,-0.404426,0.124355,10.499705,-0.555135,0.842274,-0.299827,-0.611436,0.269217,-0.681002,0.093652,-0.375674,-0.142607,10.075068,2.480467,-1.462402,-0.300032,-0.719503,0.164898,-0.604233,-0.050019,-0.375674,0.063854,11.369622,-2.279052,0.043335,-0.245138,-0.594818,0.361118,-0.675045
0.006,-0.430878,0.012272,10.269995,-0.411565,0.899701,-0.297318,-0.614417,0.271903,-0.678347,0.121322,-0.294792,-0.059597,9.727777,2.212523,-1.423949,-0.298352,-0.722619,0.165045,-0.601299,-0.074496,-0.325655,0.13835,11.202996,-2.616576,-0.19043,-0.242596,-0.596796,0.364249,-0.67253
0.018544,-0.47533,-0.134172,9.19801,-0.267996,0.899701,-0.295592,-0.617443,0.273712,-0.67562,0.152185,-0.187305,0.136222,9.317011,2.090453,-0.975341,-0.294718,-0.723911,0.166993,-0.600999,-0.085139,-0.251159,0.070239,11.287225,-2.981566,0.056152,-0.240366,-0.597679,0.367184,-0.670948
0.009817,-0.468512,-0.33134,8.451449,-0.028714,0.784846,-0.297119,-0.620732,0.272284,-0.672506,0.171341,-0.243709,-0.052147,9.664911,2.08618,-0.513916,-0.293538,-0.725014,0.166381,-0.600416,-0.122387,-0.271379,-0.107487,11.116937,-3.135984,0.703125,-0.240099,-0.598487,0.368533,-0.669582
-0.038997,-0.374155,-0.463603,7.609176,0.124427,0.229711,-0.299298,-0.625432,0.270936,-0.667713,0.194755,-0.384188,-0.330976,9.734491,2.313841,-0.811767,-0.29408,-0.727562,0.163577,-0.597834,-0.177727,-0.406537,-0.383124,10.537714,-3.226316,1.21643,-0.24181,-0.601103,0.368607,-0.666576
-0.09163,-0.253073,-0.339794,7.293324,1.464407,1.091127,-0.302684,-0.627781,0.268853,-0.664818,0.202204,-0.40228,-0.243709,9.661249,2.831419,-1.555175,-0.293913,-0.731847,0.161088,-0.593344,-0.218168,-1.015278,-0.667274,8.919063,-3.18054,0.969238,-0.24313,-0.60869,0.368964,-0.65897
-0.189259,-0.571868,-0.232074,9.753145,-0.449851,-3.034099,-0.30326,-0.632558,0.271003,-0.659131,0.225617,-0.117066,0.114937,9.627069,3.194578,-2.375487,-0.291576,-0.733996,0.160524,-0.591995,-0.17347,-1.995436,-0.709843,7.655025,-2.592772,-0.576782,-0.240095,-0.623701,0.371875,-0.644246
-0.226347,0.082358,-0.121628,10.729417,-0.918844,-0.717847,-0.304646,-0.632145,0.272587,-0.658234,0.283086,0.085139,0.639604,7.981563,2.794188,-2.735594,-0.285847,-0.734288,0.16304,-0.593736,-0.103231,-1.409044,-0.717293,8.622432,-2.828978,-1.347045,-0.238823,-0.63519,0.372635,-0.632955
-0.316886,0.071177,-0.110447,11.083554,-0.124427,-2.45025,-0.307002,-0.63195,0.274324,-0.656603,0.31182,-0.08301,0.957809,7.866817,1.469726,-2.854613,-0.277036,-0.734985,0.168851,-0.595424,-0.093652,-1.019535,-0.692815,9.788202,-1.787719,-1.826781,-0.239493,-0.644721,0.37182,-0.623474
-0.399244,0.727311,-0.240528,10.289138,-0.430708,-1.636691,-0.31236,-0.627424,0.273925,-0.658581,0.297985,-0.277765,0.667274,9.095454,0.817871,-2.451781,-0.269219,-0.736929,0.173656,-0.595224,-0.191562,-0.903533,-0.989736,8.754268,-0.965576,-2.252196,-0.243441,-0.654477,0.368976,-0.613388
-0.25989,1.311724,-0.371155,10.365707,-0.717847,-0.842274,-0.319037,-0.619564,0.270196,-0.664336,0.235195,-0.615126,0.60342,9.74914,0.997314,-2.130736,-0.261516,-0.740598,0.179397,-0.592395,-0.177727,-1.211096,-1.373924,7.42004,-0.523681,-2.573241,-0.248412,-0.667389,0.364179,-0.600208
-0.121355,1.45735,-0.452695,10.260424,-0.784846,0.392423,-0.325416,-0.610648,0.264923,-0.671581,0.219232,-0.63109,0.46507,10.976556,1.655272,-1.860961,-0.254538,-0.743923,0.184462,-0.589707,-0.175598,-1.094031,-0.521474,9.278559,-0.795898,-2.592772,-0.248467,-0.676258,0.364739,-0.589828
-0.037361,1.591795,-0.330794,10.959127,-1.177269,0.708275,-0.330758,-0.600513,0.259391,-0.680214,0.235195,-0.691751,0.587456,10.432123,1.881713,-1.948851,-0.249018,-0.748213,0.188246,-0.585425,-0.111744,-0.829037,-0.20114,10.064692,-1.995848,-2.394408,-0.245941,-0.681533,0.367278,-0.583202
0.01009,1.748874,-0.377427,10.767702,-0.478565,0.07657,-0.336854,-0.590228,0.252251,-0.688855,0.268187,-0.570429,0.239452,10.744013,1.281738,-2.06787,-0.243163,-0.751348,0.191084,-0.582946,-0.009578,-0.657696,-0.075561,10.560297,-2.135619,-1.909789,-0.242817,-0.684807,0.369346,-0.579357
-0.007363,2.13012,-0.435514,10.403993,0.038285,1.646262,-0.343988,-0.57651,0.24395,-0.699849,0.220296,-0.751348,0.688558,11.007073,1.389159,-2.307127,-0.234572,-0.754681,0.198028,-0.579836,-0.024477,-0.671531,-0.340554,10.692743,-1.519775,-1.843261,-0.242,-0.688915,0.369066,-0.57499
-0.005727,2.470186,-0.567505,10.805987,-0.660419,3.254239,-0.353372,-0.55926,0.232865,-0.712827,0.246902,-0.56085,0.468262,11.57348,1.002807,-1.871947,-0.228611,-0.756668,0.201769,-0.578335,-0.067047,-0.800303,-0.820523,10.620722,-1.751098,-1.525878,-0.243854,-0.695408,0.365915,-0.568366
0.068722,2.890974,-0.561505,9.705289,-1.349552,3.818945,-0.362976,-0.538841,0.219758,-0.727734,0.332041,-0.69388,0.475712,11.076043,0.581054,-2.077025,-0.221181,-0.75964,0.205723,-0.57593,-0.022349,-0.784339,-1.080196,11.14013,-1.782836,-1.809081,-0.246791,-0.702781,0.360712,-0.561312
0.195804,2.735258,-0.501509,10.145568,-0.641276,4.345366,-0.370899,-0.519367,0.206448,-0.741662,0.369289,-0.72155,0.313949,10.726923,-0.163574,-2.803343,-0.213543,-0.763777,0.208788,-0.572227,-0.012771,-0.688558,-0.847129,11.199944,-1.851806,-2.927855,-0.247676,-0.709112,0.357619,-0.554902
0.377973,2.546272,-0.557687,9.245867,-0.727418,4.402794,-0.377532,-0.501764,0.192312,-0.754128,0.403344,-0.682173,0.043634,11.370843,-0.245972,-2.933958,-0.207317,-0.768074,0.209428,-0.568519,-0.023413,-0.392702,-0.770504,11.889642,-1.873168,-3.121336,-0.249336,-0.71334,0.35427,-0.550874
0.48542,2.354558,-0.674952,8.60459,-0.239282,4.996214,-0.384241,-0.485709,0.176985,-0.764927,0.386316,-0.675788,-0.317141,10.621943,-0.743408,-2.579955,-0.203424,-0.772837,0.207228,-0.56426,0.001064,-0.338426,-0.933332,11.600335,-1.903685,-2.945555,-0.252013,-0.717777,0.34936,-0.547013
0.512145,2.293472,-0.739583,8.489735,0.325424,5.388637,-0.391178,-0.469956,0.161036,-0.774713,0.373546,-0.614062,-0.356518,10.315546,-0.6427,-1.874389,-0.200509,-0.777019,0.204242,-0.560638,-0.031927,-0.240517,-1.056783,11.168206,-1.388549,-3.182981,-0.255734,-0.722139,0.343615,-0.543172
0.51569,2.29129,-0.769308,7.752745,0.832702,6.881758,-0.398531,-0.454027,0.144121,-0.783743,0.300114,-0.740706,-0.650246,10.087885,-0.118408,-1.870726,-0.199845,-0.78225,0.199389,-0.555322,-0.189433,-0.147928,-1.284528,10.760492,-0.084839,-2.854002,-0.263886,-0.725989,0.33546,-0.539223
0.561778,2.282563,-0.784853,7.71446,-0.449851,4.125226,-0.40439,-0.439506,0.12873,-0.791659,0.275636,-0.810945,-1.023792,9.381098,-0.387573,-2.20703,-0.200822,-0.788589,0.192195,-0.548498,-0.275636,-0.054276,-1.330291,10.955194,0.202637,-2.563475,-0.273294,-0.729158,0.327087,-0.535392
0.778035,2.322651,-1.005473,6.52762,1.847259,6.441479,-0.412334,-0.424308,0.107774,-0.798949,0.286279,-0.79711,-0.97803,9.590448,0.787963,-2.335204,-0.20241,-0.794528,0.184566,-0.541924,-0.306499,0.121322,-1.162142,10.891107,0.855102,-2.257689,-0.282978,-0.730788,0.319285,-0.532843
0.907844,2.261838,-0.981748,6.642476,2.249253,5.905486,-0.419426,-0.41051,0.085331,-0.805154,0.31182,-0.73432,-1.386695,9.409174,1.227416,-2.379759,-0.206482,-0.800818,0.173119,-0.534861,-0.343747,0.197947,-1.067425,10.296015,0.820922,-1.773681,-0.292354,-0.731358,0.312364,-0.531097
0.925843,2.253384,-0.964022,5.302495,2.316252,6.269196,-0.425789,-0.395888,0.063273,-0.81115,0.337362,-0.689623,-1.105737,9.121089,1.246337,-3.200071,-0.207787,-0.806302,0.164479,-0.52881,-0.295857,0.102166,-1.257923,10.35644,0.953979,-1.526488,-0.301976,-0.733028,0.304117,-0.52819
0.850303,2.286654,-0.946023,5.283352,2.019542,6.891329,-0.431784,-0.380011,0.042361,-0.816916,0.316077,-0.552337,-1.304749,9.636225,1.205444,-3.247068,-0.21056,-0.811211,0.154,-0.523332,-0.225617,0.05534,-1.218546,9.365839,0.817871,-1.597289,-0.310374,-0.73483,0.296173,-0.525324
0.827668,2.204024,-0.952841,5.685347,1.914258,7.025327,-0.437272,-0.364365,0.022865,-0.821888,0.306499,-0.584264,-1.096159,9.217524,1.137084,-3.200071,-0.211994,-0.815901,0.145476,-0.517872,-0.204333,-0.105359,-1.258987,9.456781,0.827026,-2.470091,-0.316845,-0.737923,0.289406,-0.520879
0.916843,2.121393,-0.987475,5.446064,2.182254,6.910472,-0.442333,-0.349639,0.003242,-0.825878,0.273508,-0.538502,-1.276015,8.861079,0.601806,-3.204344,-0.214294,-0.820634,0.135749,-0.512057,-0.202204,-0.143671,-1.414365,9.826044,0.679321,-2.557982,-0.323951,-0.74158,0.281564,-0.515585
0.996747,2.130393,-1.041471,5.168497,3.809374,6.364908,-0.447682,-0.337346,-0.01952,-0.827882,0.159635,-0.647053,-1.46332,8.327022,0.763549,-3.928831,-0.217954,-0.826398,0.125359,-0.503824,-0.232003,-0.170277,-1.645303,10.344233,1.801757,-3.317869,-0.332548,-0.746849,0.271805,-0.507684
1.104739,2.170753,-1.04338,4.402794,5.254639,6.269196,-0.45238,-0.324693,-0.043567,-0.82947,0.040441,-0.443785,-1.692129,8.361812,1.452636,-4.541013,-0.224249,-0.831317,0.112862,-0.495861,-0.332041,-0.232003,-1.76024,9.807734,2.93701,-3.538816,-0.343422,-0.752502,0.260731,-0.497809
1.162007,2.081851,-0.854393,4.326223,5.982057,6.862615,-0.454962,-0.312877,-0.067056,-0.831031,-0.155378,-0.615126,-1.402658,7.920527,3.138426,-5.081784,-0.231952,-0.836301,0.102974,-0.48599,-0.458684,-0.307563,-1.418622,8.945308,3.143309,-3.680418,-0.353028,-0.756998,0.253146,-0.488093
1.113738,2.033309,-0.744492,4.642076,6.087341,7.015756,-0.4563,-0.301467,-0.089274,-0.832424,-0.292664,-0.652375,-1.569743,7.875972,4.015501,-5.590207,-0.241754,-0.841025,0.092216,-0.4751,-0.552337,-0.272444,-1.070618,9.024043,3.060301,-3.732298,-0.361235,-0.759924,0.248772,-0.479718
1.045289,1.895046,-0.806124,4.393222,6.001199,6.441479,-0.458035,-0.290875,-0.110199,-0.832733,-0.458684,-0.750284,-1.388823,8.678584,4.008176,-5.341184,-0.251897,-0.845348,0.083959,-0.46355,-0.622576,-0.343747,-0.809881,9.261469,3.400877,-3.609617,-0.36856,-0.762191,0.246843,-0.471475
1.058379,1.918226,-0.933206,3.694518,6.020342,6.297909,-0.460484,-0.27973,-0.131774,-0.832065,-0.770504,-0.70665,-0.806688,7.136837,4.944455,-3.102415,-0.263001,-0.846916,0.081647,-0.454851,-0.645989,-0.280957,-0.851386,9.773554,4.137571,-2.9718,-0.378205,-0.763203,0.243269,-0.463997
1.089467,2.043126,-0.896936,2.766103,5.848059,6.661618,-0.462198,-0.267114,-0.154334,-0.831382,-0.88757,-1.239831,-0.609805,7.234493,4.768674,-4.249265,-0.273722,-0.850657,0.082727,-0.441142,-0.602356,-0.549144,-0.985479,8.582759,4.041135,-3.149412,-0.386545,-0.76659,0.239837,-0.453204
1.114829,2.026764,-0.861756,2.718246,5.04407,7.49432,-0.463282,-0.254388,-0.176926,-0.830268,-0.912047,-1.348382,-0.26393,7.462764,4.877316,-4.724729,-0.282834,-0.854402,0.087165,-0.427079,-0.642796,-0.573621,-0.827973,7.574459,3.402098,-3.883054,-0.393136,-0.769516,0.238766,-0.443026
1.130646,1.929134,-0.969749,2.526821,4.900501,7.963314,-0.464939,-0.241017,-0.1962,-0.828999,-0.930139,-1.169591,-0.552337,8.934321,4.542844,-5.346677,-0.291236,-0.856677,0.090551,-0.416025,-0.70665,-0.408665,-0.54063,8.187861,2.984617,-4.824826,-0.398865,-0.770569,0.239874,-0.435411
1.09683,1.880592,-1.0202,2.364109,5.666204,7.963314,-0.466486,-0.230098,-0.216826,-0.826089,-1.024856,-0.874799,-0.979094,9.064937,4.975583,-5.833737,-0.302147,-0.858805,0.089312,-0.40395,-0.813074,-0.234131,-0.586392,8.430171,3.056639,-4.781491,-0.405905,-0.77043,0.240443,-0.428787
1.069287,1.860685,-1.15219,1.952543,6.039485,8.240881,-0.468897,-0.218793,-0.237323,-0.822152,-1.155756,-0.134093,-0.636411,7.015377,5.032346,-6.04675,-0.314428,-0.857095,0.088502,-0.39835,-0.912047,-0.195819,-0.561915,8.698726,3.2843,-4.642331,-0.413596,-0.769549,0.241492,-0.422382
1.013382,1.812688,-1.273,1.70369,6.441479,8.75773,-0.472322,-0.206402,-0.255233,-0.818021,-1.224931,0.093652,-0.856707,8.327632,4.576414,-5.517575,-0.326799,-0.853809,0.086684,-0.395841,-0.919497,-0.091524,-0.598099,8.386836,3.919676,-4.459836,-0.421914,-0.768326,0.241583,-0.416284
0.884391,1.686152,-1.397354,1.339981,6.470192,8.958728,-0.477408,-0.193189,-0.271561,-0.813022,-1.452677,-0.615126,-1.062104,8.095698,4.288938,-5.881955,-0.341284,-0.852837,0.086089,-0.385713,-0.965259,-0.078753,-0.610869,8.331294,4.999387,-4.945065,-0.431022,-0.766933,0.241254,-0.409662
0.680951,1.570251,-1.466077,0.918844,6.862615,9.178867,-0.483554,-0.179751,-0.285686,-0.807613,-1.650625,-0.416115,-1.256858,8.427119,4.325559,-6.469112,-0.35822,-0.850291,0.083883,-0.376349,-1.011021,0.08301,-0.759862,9.182734,4.670407,-4.801633,-0.440984,-0.764802,0.239658,-0.403939
0.493874,1.265364,-1.503165,0.497707,7.475178,8.930014,-0.490459,-0.16939,-0.297969,-0.801226,-1.970958,0.723678,-1.582514,8.822017,4.479978,-5.533444,-0.379954,-0.841718,0.076258,-0.375928,-1.021663,0.079817,-0.702393,9.412226,5.792843,-4.679563,-0.451079,-0.762507,0.238129,-0.397993
0.397062,0.902662,-1.502619,0.861416,8.508878,8.394022,-0.49844,-0.161287,-0.308485,-0.79396,-2.312577,0.748155,-1.567614,8.290401,6.840206,-3.564451,-0.406521,-0.830167,0.068866,-0.375249,-1.014213,0.240517,-0.614062,10.361322,5.311887,-5.082395,-0.460566,-0.759087,0.237045,-0.394293
0.270253,0.93866,-1.53998,1.713261,8.82473,7.724031,-0.506594,-0.152194,-0.317889,-0.786853,-2.646746,1.104673,-1.965637,8.147578,5.777585,-3.677366,-0.435799,-0.815701,0.058881,-0.375813,-1.066361,0.209654,-0.507639,9.266352,5.307614,-5.170285,-0.470052,-0.755333,0.236863,-0.390399
0.160898,0.712313,-1.577341,2.708675,8.60459,7.484749,-0.515756,-0.144207,-0.324878,-0.779517,-3.154385,0.067047,-2.348761,7.371822,5.33508,-4.805905,-0.468594,-0.8032,0.052013,-0.364109,-1.137664,0.105359,-0.718357,8.559566,5.331418,-5.304563,-0.480656,-0.7521,0.235706,-0.384382
0.102265,0.452422,-1.639519,1.129412,8.910872,6.661618,-0.526179,-0.137572,-0.330742,-0.77124,-3.426828,0.606613,-1.83048,3.359373,9.622797,-2.504881,-0.503757,-0.785185,0.045783,-0.357222,-1.066361,-0.140479,-0.999314,7.388301,5.557858,-5.725094,-0.491268,-0.750759,0.233098,-0.375066
0.04227,0.294524,-1.732239,-0.957129,9.877572,7.379465,-0.537889,-0.130954,-0.336054,-0.761962,-3.502389,0.172406,-1.544201,4.904782,14.699698,-1.212157,-0.537604,-0.766658,0.044275,-0.348208,-1.080196,-0.11068,-0.439528,6.736446,6.833492,-5.296018,-0.500212,-0.747857,0.234151,-0.368325
-0.063541,0.164988,-1.901045,-0.909273,10.212567,7.054041,-0.551223,-0.124223,-0.339911,-0.751781,-3.423636,0.144736,-1.178105,9.469599,19.874256,-2.982786,-0.568687,-0.747532,0.045158,-0.340212,-1.167463,-0.435271,-0.267122,5.962521,8.317256,-4.592282,-0.508886,-0.745117,0.237895,-0.359491
-0.143444,0.29916,-2.124666,-1.694118,10.671989,6.661618,-0.56569,-0.115012,-0.344243,-0.740444,-3.449177,0.677916,-1.410108,-0.704345,19.813221,-2.60742,-0.599811,-0.725838,0.041206,-0.334184,-1.349447,-0.170277,0.448042,7.208248,8.363643,-4.160764,-0.516872,-0.73865,0.246226,-0.355815
-0.158443,0.522508,-2.034672,-2.756532,10.164711,5.551349,-0.578547,-0.10398,-0.349678,-0.729513,-3.045833,0.696008,-0.351197,-2.216796,14.422599,-1.508178,-0.623645,-0.705218,0.043341,-0.334436,-1.564422,-0.001064,0.858836,6.53381,7.778316,-3.471678,-0.525418,-0.72924,0.2573,-0.354871
0.043088,0.539961,-1.806688,-3.503092,8.75773,4.335794,-0.589289,-0.094419,-0.356434,-0.718867,-2.653131,0.820523,1.367539,4.314573,13.168938,-0.561523,-0.638289,-0.685366,0.055342,-0.346105,-1.595284,0.168149,0.507639,7.569576,7.990718,-2.677611,-0.536116,-0.719566,0.264703,-0.353169
0.370064,0.60432,-1.782963,-4.488935,7.676175,4.862216,-0.599224,-0.085855,-0.36584,-0.706904,-2.664838,0.850322,1.281336,3.103636,9.10583,3.015745,-0.65328,-0.663626,0.067096,-0.358212,-1.870921,0.11813,-0.287343,8.79272,4.136961,-3.111571,-0.549494,-0.710098,0.269689,-0.347962
0.767399,0.598593,-2.003311,-4.555934,6.939186,5.924629,-0.610204,-0.078511,-0.378004,-0.691803,-2.819152,0.904598,1.981601,5.095822,7.891231,4.511106,-0.66587,-0.639207,0.08423,-0.375403,-2.068868,0.169213,-0.975901,9.204096,3.897093,-3.954466,-0.56657,-0.701095,0.27002,-0.338445
1.136918,0.664589,-2.203478,-5.053641,7.274181,5.78106,-0.621577,-0.072257,-0.393036,-0.673748,-3.11288,0.97058,1.422879,4.220579,6.441036,4.957883,-0.681597,-0.612217,0.098237,-0.38853,-2.305127,0.360775,-1.381374,8.173213,4.607541,-2.078856,-0.586945,-0.690545,0.267205,-0.327469
1.322632,0.557415,-2.240021,-5.541777,7.676175,4.651647,-0.632919,-0.067882,-0.408379,-0.654236,-3.086274,0.583199,0.800303,4.127195,5.037839,4.748532,-0.698294,-0.586729,0.110964,-0.394731,-2.455184,0.091524,-1.816645,7.191158,5.09094,0.239258,-0.610362,-0.679383,0.262215,-0.311659
1.562888,0.526326,-2.31038,-5.101498,7.398608,4.52722,-0.644065,-0.065117,-0.424765,-0.632856,-2.723371,0.088331,-0.554465,4.32739,6.2915,5.186765,-0.71709,-0.566713,0.117319,-0.38839,-2.615883,-0.195819,-1.856021,7.191768,6.859127,2.018431,-0.634002,-0.667712,0.258383,-0.292288
1.61143,0.533962,-2.327287,-4.613362,7.082755,4.431508,-0.654561,-0.062828,-0.441045,-0.610798,-2.570121,-0.175598,-1.044012,5.03906,7.387691,5.274045,-0.736067,-0.54897,0.121904,-0.376786,-2.521166,-0.419308,-2.179548,6.287838,8.829951,2.817381,-0.656757,-0.657595,0.252908,-0.268825
1.532617,0.392154,-2.240021,-4.29751,7.369894,4.59422,-0.664509,-0.061764,-0.455199,-0.589405,-2.445606,-0.388445,-1.56655,4.302366,7.394405,4.733274,-0.755465,-0.533394,0.124152,-0.35964,-2.357275,-0.713036,-1.488861,5.640255,10.564569,3.052366,-0.675152,-0.647087,0.253033,-0.247819
1.437988,0.368155,-2.081851,-4.632504,7.733603,5.063213,-0.673173,-0.061138,-0.467954,-0.569308,-2.390266,-0.355454,-1.260051,5.172727,10.028681,4.608762,-0.772389,-0.518512,0.127077,-0.3441,-2.196576,-0.716228,-0.757733,6.450191,10.798944,3.248899,-0.690203,-0.635214,0.257404,-0.232075
1.254728,0.454876,-1.851685,-4.785645,7.523035,5.819345,-0.680034,-0.060067,-0.478983,-0.551826,-2.494561,-0.324591,-0.690687,5.355832,9.962763,3.741453,-0.786804,-0.502272,0.133581,-0.332882,-2.033748,-0.609805,-0.051083,7.250972,9.88891,3.486937,-0.702462,-0.621796,0.265298,-0.222541
1.020472,0.596684,-1.554434,-4.622933,6.82433,6.240481,-0.684959,-0.05743,-0.488506,-0.537481,-2.470083,-0.543823,-0.056404,7.041012,9.87121,3.905027,-0.797774,-0.485922,0.14578,-0.325846,-1.836865,-0.775825,0.104295,7.813106,8.157954,3.02368,-0.712232,-0.609179,0.275323,-0.214044
0.769036,0.555233,-1.316633,-5.053641,5.924629,6.240481,-0.689149,-0.053707,-0.495871,-0.525636,-2.290228,-0.479969,0.172406,8.588252,9.750971,3.264769,-0.806651,-0.470078,0.158442,-0.321295,-1.598477,-1.042948,-0.109616,6.18652,7.204586,2.45056,-0.720097,-0.599289,0.285001,-0.202678
0.521963,0.370882,-1.146463,-5.158926,4.106084,6.709475,-0.693676,-0.04924,-0.500541,-0.515595,-2.292356,-0.519345,0.064918,7.305904,6.762691,2.360228,-0.815366,-0.454125,0.171154,-0.315669,-1.43565,-0.93546,0.434207,6.512447,5.628659,1.18164,-0.724844,-0.588707,0.298438,-0.197361
0.265345,0.082358,-1.046107,-5.41735,3.608377,6.183053,-0.699234,-0.044768,-0.501828,-0.507177,-2.302999,-0.36716,0.154314,5.875851,4.908444,2.628172,-0.823687,-0.437034,0.183217,-0.311392,-1.195133,-1.023792,0.234131,5.938717,5.223386,1.168823,-0.72813,-0.580415,0.310745,-0.19072
0.095993,-0.310341,-1.019654,-5.426922,3.206382,5.666204,-0.706662,-0.041091,-0.499485,-0.499446,-2.238081,-0.325655,0.48529,6.611935,3.227537,3.120726,-0.830469,-0.418676,0.196627,-0.310421,-0.992929,-0.999314,0.820523,6.267696,5.302732,1.458739,-0.729227,-0.571404,0.325572,-0.188998
-0.085358,-0.510782,-1.048561,-6.068198,3.436093,5.800202,-0.71524,-0.036851,-0.494812,-0.492165,-2.055033,0.014899,0.759862,6.801144,4.748532,3.819578,-0.835787,-0.400608,0.207417,-0.31296,-0.843936,-0.971644,0.756669,6.841427,4.807126,1.25183,-0.729141,-0.563703,0.339761,-0.187471
-0.235619,-0.725402,-1.076377,-6.192625,4.106084,6.192625,-0.724899,-0.032785,-0.487619,-0.485455,-2.049712,0.104295,0.400151,7.642208,4.907224,4.712522,-0.842045,-0.38275,0.216003,-0.312725,-0.689623,-0.930139,0.836487,6.327511,4.318845,1.109619,-0.727972,-0.556652,0.353733,-0.187242
-0.386427,-0.998928,-1.011746,-6.202196,4.651647,6.441479,-0.735365,-0.029709,-0.477466,-0.479971,-2.094409,-0.143671,0.891827,8.069453,3.490599,5.438229,-0.846173,-0.36322,0.228836,-0.315735,-0.619383,-0.88757,0.953552,6.93359,4.821774,1.06079,-0.726037,-0.549592,0.367907,-0.188295
-0.52878,-1.327814,-0.98202,-6.929615,4.632504,6.422336,-0.747208,-0.026817,-0.464149,-0.474887,-1.960316,0.488483,1.229188,9.675898,4.01428,5.778805,-0.849619,-0.342292,0.236956,-0.32377,-0.689623,-0.867349,1.320712,7.135616,4.967038,1.358031,-0.724019,-0.540186,0.383658,-0.191814
-0.734675,-1.526345,-0.984747,-6.470192,4.575077,6.862615,-0.759636,-0.023841,-0.448058,-0.470767,-1.917747,0.488483,0.929075,7.852169,3.861082,7.251583,-0.853708,-0.321307,0.243743,-0.329431,-0.756669,-0.763055,1.363282,7.930293,4.873044,2.091063,-0.722832,-0.529653,0.398355,-0.195667
-0.934024,-1.622611,-1.114829,-6.498906,4.938786,7.523035,-0.772659,-0.019702,-0.430101,-0.466492,-1.828351,0.567236,0.966323,8.77563,3.154905,7.23022,-0.857024,-0.300976,0.249681,-0.335521,-0.699201,-0.872671,1.336676,8.135371,4.982907,1.879882,-0.72068,-0.519675,0.413477,-0.198963
-1.078014,-1.771782,-1.119192,-5.71406,4.9675,7.858029,-0.785784,-0.015613,-0.410186,-0.462642,-1.797489,0.820523,1.003571,6.388546,3.077391,7.169185,-0.861001,-0.278589,0.252178,-0.342728,-0.681109,-0.849257,1.328162,8.34106,4.680173,1.28662,-0.717767,-0.509806,0.428797,-0.202565
-1.177006,-1.932407,-0.990474,-4.881358,5.158926,8.317451,-0.798398,-0.012334,-0.388412,-0.45993,-1.737892,0.870542,1.075939,6.657711,4.168699,7.373653,-0.864064,-0.25956,0.253052,-0.349254,-0.673659,-0.808817,1.438842,9.172968,4.089353,0.211792,-0.713836,-0.500035,0.444574,-0.206758
-1.167462,-2.052398,-0.774763,-4.096512,4.498507,8.977871,-0.810091,-0.010303,-0.365301,-0.458468,-1.699579,1.099352,1.271758,5.370481,4.249265,7.301631,-0.866885,-0.239016,0.251355,-0.358041,-0.904598,-0.726871,1.668716,12.258294,1.586303,0.59082,-0.710992,-0.486687,0.461077,-0.212194
-1.10992,-2.348286,-0.829577,-4.689932,2.74696,8.853444,-0.822789,-0.008945,-0.339587,-0.455643,-1.780461,1.055719,1.232381,7.730098,2.739256,8.034663,-0.868564,-0.217478,0.252824,-0.366567,-1.057847,-1.012085,0.809881,12.108148,5.312497,1.777343,-0.709651,-0.476276,0.475086,-0.209383
-1.124374,-2.375284,-0.749128,-5.034499,4.555934,9.217153,-0.834052,-0.009501,-0.313928,-0.45355,-1.671909,1.194069,1.348382,7.661739,3.156126,8.46313,-0.869699,-0.196721,0.251974,-0.376065,-0.345876,-0.47784,0.51296,7.158199,7.463375,-3.613889,-0.707202,-0.473635,0.481854,-0.208193
-1.206459,-2.465277,-0.417515,-5.168497,5.589633,8.575876,-0.843035,-0.011101,-0.288367,-0.453878,-1.521852,1.106802,1.011021,7.120357,3.870847,8.593745,-0.87146,-0.178556,0.249708,-0.38251,-0.365032,-0.125579,-0.405473,7.510372,6.9165,0.651245,-0.709426,-0.474388,0.480626,-0.201644
-1.217913,-2.30738,-0.170715,-5.551349,5.178068,9.044869,-0.849832,-0.012337,-0.264346,-0.455793,-1.374988,1.343061,1.374988,7.432247,3.027342,9.94079,-0.871812,-0.159787,0.245246,-0.392758,-0.591713,0.709843,1.705964,12.562248,7.188716,2.307127,-0.713025,-0.45992,0.483887,-0.214275
-1.168825,-1.898591,0.150535,-5.790631,3.158526,9.245867,-0.853779,-0.011072,-0.244523,-0.459499,-1.332419,1.475026,1.560165,6.199948,0.678711,11.080316,-0.871515,-0.137229,0.238904,-0.405642,-0.467198,0.282022,1.074875,7.69775,1.052856,-1.464233,-0.713143,-0.45064,0.489124,-0.221587
-1.064105,-1.444805,0.260981,-5.915058,1.579263,8.355737,-0.856042,-0.007798,-0.228409,-0.46363,-1.364346,1.651689,1.366474,3.842771,-1.197509,12.720329,-0.8718,-0.113945,0.230794,-0.416781,-0.324591,1.041883,0.352261,8.433833,6.942745,3.286131,-0.71975,-0.444457,0.482773,-0.226579
-1.133373,-1.106375,0.321522,-6.15434,0.880559,8.671589,-0.857059,-0.002321,-0.214614,-0.468378,-1.31007,1.600605,1.17917,3.236082,-0.802001,12.542717,-0.872149,-0.091971,0.222243,-0.426024,-0.058533,0.971644,0.317141,8.366084,6.226803,7.794185,-0.724794,-0.439865,0.476392,-0.232881
-1.222276,-0.93866,0.360792,-6.393622,0.334995,7.312466,-0.85725,0.004484,-0.201982,-0.4736,-1.246216,1.504825,1.185555,2.369994,-2.480467,10.371698,-0.871333,-0.070418,0.214581,-0.435622,-0.108552,1.123829,0.77689,8.859248,3.707884,8.348384,-0.729405,-0.432236,0.470931,-0.243633
-1.216276,-0.64359,0.320159,-6.001199,-0.622134,7.073184,-0.856895,0.012926,-0.191589,-0.478382,-1.103609,1.451613,1.332419,1.640624,-2.453612,10.678705,-0.869205,-0.050106,0.2065,-0.446454,-0.1458,1.313263,0.838615,9.010615,3.558958,6.495358,-0.734693,-0.423503,0.464252,-0.255603
-1.172098,-0.344703,0.218712,-6.183053,-1.799403,6.881758,-0.85632,0.022728,-0.183702,-0.482125,-0.985479,1.240895,1.111059,1.822509,-3.721311,9.792475,-0.867107,-0.031834,0.200164,-0.455014,-0.204333,1.344126,1.135536,9.065547,2.404173,6.81274,-0.739456,-0.412318,0.459075,-0.269146
-1.03029,-0.178351,0.157352,-6.077769,-2.440679,6.881758,-0.855643,0.032281,-0.177745,-0.485007,-0.877992,0.829037,0.872671,2.387694,-2.968138,10.083612,-0.864949,-0.016866,0.196618,-0.461423,-0.434207,1.554844,0.831165,8.380733,2.505492,8.125606,-0.746729,-0.400229,0.451415,-0.28005
-0.878119,0.131991,0.119991,-6.537191,-2.785246,6.537191,-0.854504,0.042066,-0.17525,-0.487168,-0.612998,0.238388,0.881184,2.351683,-2.122802,10.065302,-0.861517,-0.007346,0.196238,-0.468206,-0.707714,1.916682,0.968451,7.857662,1.393432,8.37585,-0.755952,-0.3842,0.442231,-0.292148
-0.792489,0.42297,0.147262,-6.489335,-2.019542,7.19761,-0.852623,0.052414,-0.175802,-0.489257,-0.274572,-0.295857,0.985479,2.9718,-2.479247,10.606073,-0.856324,-0.002806,0.199119,-0.476491,-0.905662,1.733635,1.250473,8.248286,1.951903,7.515865,-0.763895,-0.365739,0.435772,-0.304621
-0.742856,0.671952,0.329158,-5.85763,-1.866402,8.154739,-0.849366,0.063314,-0.17857,-0.492618,0.164956,-0.556594,1.077003,3.203123,-2.338255,10.16662,-0.849855,-0.004025,0.202623,-0.486484,-0.864157,2.013528,1.401594,7.740474,1.171264,7.668453,-0.771758,-0.345984,0.427057,-0.31984
-0.734402,0.859847,0.392699,-6.029913,-1.454836,8.662018,-0.8453,0.074886,-0.183114,-0.496307,0.660888,-0.002128,1.071682,3.690794,-1.526488,9.562983,-0.844493,-0.008007,0.199189,-0.497075,-0.758798,2.070996,1.412236,7.277217,0.822143,8.06457,-0.778889,-0.326533,0.417262,-0.335548
-0.697314,0.72513,0.340612,-5.85763,-1.78026,8.116454,-0.841653,0.085594,-0.186513,-0.499498,1.085517,0.682173,0.965259,3.640745,-2.064818,9.894403,-0.840742,-0.011701,0.188052,-0.507587,-0.667274,1.8507,1.332419,6.88232,0.582885,8.052363,-0.784516,-0.308622,0.408299,-0.350101
-0.705222,0.60023,0.313887,-5.254639,-1.579263,7.523035,-0.838264,0.095794,-0.188712,-0.50251,1.210032,0.570429,1.547394,2.664793,-3.560789,9.069209,-0.833423,-0.014568,0.177642,-0.523095,-0.523602,1.675102,1.324969,7.432857,0.881958,7.917476,-0.788507,-0.292362,0.399838,-0.364559
-0.71204,0.575959,0.374155,-4.488935,-1.493121,7.159325,-0.834573,0.105857,-0.190393,-0.505989,1.346254,1.258987,0.581071,1.813964,-3.616941,9.15771,-0.83214,-0.016431,0.160221,-0.530655,-0.31182,1.679359,1.087646,6.843868,0.871582,8.118892,-0.792397,-0.278613,0.389581,-0.377756
-0.679042,0.635136,0.443423,-5.522635,-1.789831,6.929615,-0.830247,0.115687,-0.193224,-0.509865,1.158949,0.826909,0.310756,2.113646,-3.94409,9.448236,-0.831392,-0.019545,0.147724,-0.535327,-0.114937,1.603798,0.97803,6.677853,1.163329,8.036494,-0.795524,-0.267152,0.378553,-0.390463
-0.493601,0.716403,0.455422,-4.709075,-0.708275,6.345766,-0.825706,0.124103,-0.198111,-0.513373,1.112123,0.192626,-0.53318,2.429808,-3.341673,10.162348,-0.834051,-0.0267,0.140758,-0.532751,0.04789,1.600605,0.955681,6.827389,1.362914,7.636714,-0.79823,-0.256961,0.36692,-0.402693
-0.529598,0.825486,0.517054,-4.699504,-0.29671,6.565906,-0.820395,0.132938,-0.204085,-0.51732,1.202583,-0.192626,-0.267122,1.499023,-1.284789,9.852289,-0.834941,-0.036819,0.13447,-0.532379,0.11813,1.487797,1.078067,6.513058,1.156615,7.248531,-0.799538,-0.247243,0.356049,-0.415729
-0.497692,1.071196,0.678497,-4.335794,-0.325424,6.479764,-0.813671,0.142552,-0.212263,-0.522068,1.364346,-0.40228,-0.014899,2.160643,-0.507202,9.066157,-0.834148,-0.05061,0.128638,-0.533929,0.195819,1.500568,1.070618,5.694577,0.861206,7.622676,-0.800399,-0.237972,0.34462,-0.428905
-0.451604,1.192005,0.805306,-4.364509,-0.29671,6.221339,-0.805883,0.152047,-0.221845,-0.527457,1.670845,0.158571,-0.038312,2.215575,0.29602,10.432123,-0.833836,-0.0644,0.116525,-0.535708,0.361839,1.470769,0.76199,5.603024,0.548706,7.755123,-0.80177,-0.231039,0.331903,-0.440021
-0.421879,1.307361,0.775853,-4.82393,-0.07657,6.384051,-0.797728,0.161513,-0.232737,-0.532324,1.14405,-2.787225,2.146557,3.82263,-0.516357,9.629511,-0.817519,-0.086833,0.136752,-0.552642,0.407601,1.145114,0.68643,5.419919,0.186157,6.918941,-0.801986,-0.22584,0.321513,-0.449929
-0.54487,1.320996,0.772854,-5.685347,-0.507278,6.671189,-0.789239,0.172444,-0.242583,-0.537131,0.983351,-0.744963,1.445228,2.678832,-2.009887,9.434809,-0.807401,-0.095149,0.139314,-0.565361,0.398023,1.107866,0.928011,6.173703,-0.897827,6.340328,-0.800179,-0.219346,0.313516,-0.461844
-0.625591,1.140464,0.848394,-5.254639,-1.368695,7.082755,-0.78094,0.183189,-0.24897,-0.542752,0.725807,-1.499503,1.869856,2.868651,-3.14575,8.74023,-0.793623,-0.105165,0.150073,-0.580149,0.25648,1.223867,0.908854,6.176144,-2.03369,5.882565,-0.798753,-0.211384,0.305591,-0.473197
-0.625046,0.783216,0.800397,-4.651647,-2.086541,6.929615,-0.773852,0.191673,-0.251823,-0.548627,0.553401,-2.036941,1.381374,3.45764,-2.795408,8.551631,-0.781482,-0.117738,0.165667,-0.589889,0.197947,1.362217,0.937589,6.628414,-2.520751,5.850216,-0.797448,-0.202353,0.297054,-0.484645
-0.568868,0.644136,0.671679,-4.441079,-2.354537,6.575477,-0.767843,0.199219,-0.253606,-0.553538,0.577878,-1.838994,1.10893,3.670042,-2.616576,8.618159,-0.770778,-0.129639,0.179029,-0.597524,0.127708,1.318584,0.945038,5.952755,-3.013304,5.968014,-0.795988,-0.192701,0.288972,-0.495738
-0.496601,0.62341,0.534507,-4.843073,-2.526821,6.594619,-0.762678,0.206547,-0.255459,-0.55713,0.569364,-1.624019,0.768376,2.792967,-1.781005,8.883052,-0.762409,-0.140455,0.18909,-0.602696,0.010642,1.21961,0.775825,6.005246,-2.821654,6.182248,-0.795105,-0.183096,0.281938,-0.504763
-0.435514,0.539416,0.378791,-4.957929,-2.536392,6.709475,-0.758691,0.213265,-0.256624,-0.559502,0.45017,-1.295171,0.611934,3.862913,-2.065428,8.230586,-0.755321,-0.148817,0.198013,-0.606734,-0.086203,1.482476,0.641732,5.289914,-2.869261,6.921993,-0.795792,-0.17142,0.272568,-0.512864
-0.385336,0.491147,0.214621,-5.024928,-2.354537,6.82433,-0.755852,0.219643,-0.25726,-0.560584,0.606613,-0.80456,0.306499,3.867185,-2.816771,9.19372,-0.750767,-0.15585,0.201436,-0.609487,-0.171341,0.979094,0.315013,5.914303,-1.784667,7.532955,-0.796706,-0.162632,0.267287,-0.517067
-0.374155,0.459512,0.101447,-5.436493,-1.952543,6.699903,-0.753657,0.226227,-0.257649,-0.560742,0.515088,-1.882627,0.461877,2.863768,-1.87622,6.74255,-0.743085,-0.168402,0.213577,-0.611427,-0.015963,1.070618,0.152185,5.675656,-1.756591,7.846065,-0.798436,-0.154895,0.259996,-0.520482
-0.352338,0.501509,0.031634,-5.71406,-1.349552,6.814759,-0.751748,0.233086,-0.25836,-0.560167,0.443785,-1.132343,0.293728,2.198485,-1.340942,6.336056,-0.738145,-0.176233,0.219472,-0.613112,0.04789,0.888634,-0.358646,5.159909,-0.661621,7.706295,-0.802418,-0.149734,0.25226,-0.519674
-0.354793,0.496601,-0.037361,-5.895915,-0.947558,6.939186,-0.750261,0.23998,-0.258716,-0.559085,0.392702,-1.234509,0.557658,2.243651,-0.836181,4.829709,-0.731275,-0.183671,0.227057,-0.616391,0.06279,1.004635,-0.003193,5.557858,-0.072632,7.892452,-0.804682,-0.146678,0.244452,-0.520776
-0.346339,0.448604,-0.110719,-5.742774,-0.909273,7.025327,-0.749507,0.245467,-0.25818,-0.557961,0.4225,-0.731128,0.199011,2.865599,-0.438843,4.770505,-0.727554,-0.189004,0.23024,-0.617999,0.034055,0.941846,-0.008514,5.516964,-0.0177,8.018184,-0.806761,-0.143676,0.237377,-0.521669
-0.352338,0.384245,-0.112083,-5.723632,-1.215554,6.891329,-0.748863,0.251206,-0.257145,-0.556748,0.343747,0.042569,-0.389509,3.656004,-0.235596,4.093626,-0.728929,-0.192844,0.228591,-0.615802,0.041505,1.096159,0.174534,5.266721,-0.343628,8.277583,-0.807938,-0.136547,0.229924,-0.525088
-0.250618,0.303524,-0.048269,-5.436493,-1.808974,6.508478,-0.748232,0.255968,-0.256392,-0.555774,0.341619,0.241581,-0.619383,2.870482,-0.686645,4.954831,-0.732566,-0.193458,0.223702,-0.613082,0.060661,1.091902,0.189433,4.922482,-1.119384,8.569942,-0.809107,-0.129063,0.221702,-0.528704
-0.095448,0.328067,0.079085,-5.04407,-2.07697,6.585048,-0.7473,0.258995,-0.256861,-0.555408,0.312884,0.690687,0.005321,2.132567,-0.274658,4.889524,-0.733726,-0.190079,0.215831,-0.615568,0.073432,1.059976,0.274572,4.932858,-1.676635,8.574214,-0.809549,-0.12184,0.214167,-0.532831
-0.043361,0.397335,0.150262,-5.015356,-2.163112,6.82433,-0.745954,0.261627,-0.258289,-0.555322,0.321398,1.023792,0.551272,2.326659,0.196533,4.063718,-0.732361,-0.184459,0.205714,-0.62233,0.079817,0.864157,-0.011707,5.095822,-1.574096,8.152461,-0.810916,-0.116895,0.208331,-0.534172
-0.067359,0.382882,0.15108,-5.18764,-1.904687,7.073184,-0.744594,0.264037,-0.259479,-0.555451,0.538502,1.51121,0.873735,3.810423,-0.205078,3.78845,-0.728495,-0.17798,0.194414,-0.632308,0.108552,0.687494,-0.140479,5.429684,-1.416015,8.001704,-0.81251,-0.114019,0.203811,-0.534116
-0.116719,0.275435,0.180805,-5.666204,-1.48355,6.891329,-0.743219,0.266091,-0.259673,-0.556221,0.822652,2.232759,0.233067,6.316525,-0.86914,5.329587,-0.729267,-0.170013,0.174971,-0.639251,0.172406,0.616191,-0.037248,4.978635,-0.698852,7.679439,-0.813342,-0.112516,0.199606,-0.534756
-0.081812,0.109083,0.246255,-6.60419,-0.545564,6.345766,-0.74068,0.266531,-0.262378,-0.558125,0.939717,2.580764,0.054276,10.300898,1.819457,9.175409,-0.73134,-0.161753,0.151114,-0.645084,0.219232,0.523602,0.152185,4.625241,-0.238647,8.013911,-0.813003,-0.112272,0.195768,-0.536738
-0.061087,-0.023453,0.378518,-7.235896,-0.526421,6.575477,-0.737798,0.266016,-0.264505,-0.561176,0.79711,2.619076,-0.473583,8.96606,3.358152,16.430044,-0.736888,-0.153146,0.125351,-0.646391,0.217103,0.701329,0.713036,2.343138,-0.10498,9.706415,-0.810596,-0.108013,0.188125,-0.543937
-0.148353,0.031089,0.431969,-8.652447,-1.138984,7.561319,-0.734376,0.267156,-0.26619,-0.564317,0.098974,1.94861,-0.444849,3.642576,-1.243896,17.408438,-0.742027,-0.139994,0.109231,-0.646419,0.292664,0.991865,0.751348,1.272582,0.079346,11.15783,-0.808315,-0.102745,0.177687,-0.551805
-0.321522,0.354247,0.309796,-8.135597,-1.320838,7.695318,-0.730515,0.272152,-0.268339,-0.565921,0.309692,1.216418,-0.815202,1.6156,-4.915158,9.587397,-0.748169,-0.133506,0.097877,-0.642519,0.290535,1.013149,0.491675,1.642455,0.518188,11.462396,-0.807135,-0.098098,0.166644,-0.557792
-0.435241,0.452149,0.225257,-6.460621,-0.421137,6.431907,-0.72632,0.276072,-0.271183,-0.568063,0.439528,1.870921,0.032991,3.934324,-3.480833,8.347163,-0.749002,-0.123673,0.082645,-0.645649,0.312884,0.952488,0.063854,2.597655,1.309203,10.171503,-0.808032,-0.095585,0.155732,-0.560078
-0.336521,0.30216,0.362701,-6.642476,-0.181855,5.809773,-0.721809,0.278965,-0.27415,-0.570968,0.329912,0.235195,0.261801,6.879879,2.32849,10.160517,-0.746894,-0.126088,0.079967,-0.647957,0.503382,0.78966,-0.320334,3.356932,1.645507,9.676508,-0.810793,-0.09711,0.144832,-0.558748
-0.220075,0.355884,0.432514,-6.250053,-0.287139,5.943771,-0.717189,0.280243,-0.278094,-0.574246,-0.342683,-0.152185,-0.074496,-0.81665,1.66809,7.470699,-0.747973,-0.123874,0.081442,-0.646954,0.557658,0.504446,-0.078753,4.157712,1.082763,8.765254,-0.811376,-0.100847,0.137682,-0.559048
-0.183805,0.426515,0.480238,-6.317052,-0.430708,5.9342,-0.712126,0.281608,-0.282922,-0.577512,-0.638539,0.539566,0.699201,0.795898,1.538085,8.122554,-0.744922,-0.114646,0.0805,-0.652272,0.586392,0.685366,0.084074,3.241575,0.744628,8.327632,-0.81129,-0.103552,0.128463,-0.56087
