0.195531,0.222529,-0.389699,-4.441079,-0.832702,9.379865,-0.88705,-0.063633,-0.142361,0.434532,0.285214,0.464005,-0.908854,-0.358887,0.933837,9.173578,-0.877673,-0.104067,0.046503,0.465499,0.271379,-2.342376,-0.39483,-4.320066,-2.362669,11.299432,-0.914291,-0.022487,0.022358,0.403805
0.248709,0.099811,-0.451877,-4.555934,-0.22014,9.322437,-0.884499,-0.066327,-0.144205,0.438701,0.342683,0.419308,-1.26218,0.53894,0.283203,9.279169,-0.871943,-0.107701,0.042849,0.47568,0.272444,-2.379624,-1.004635,-3.752439,-2.088012,10.769037,-0.909328,-0.015246,0.043055,0.413556
0.419697,0.046906,-0.506418,-4.211368,0.612563,9.064013,-0.881752,-0.071123,-0.144136,0.443476,0.264994,0.481033,-1.272822,0.206909,0.83435,9.598383,-0.866197,-0.111032,0.03823,0.485701,0.368224,-2.453056,-1.669781,-3.035277,-1.501464,10.255732,-0.900947,-0.008983,0.06465,0.428981
0.569686,0.003,-0.542416,-3.838088,1.253839,8.202596,-0.878839,-0.077265,-0.142434,0.44875,0.135158,0.407601,-1.096159,-0.772094,1.826781,9.513544,-0.861343,-0.114136,0.033077,0.493923,0.564043,-2.445606,-2.242338,-1.751708,-0.662231,9.779657,-0.889281,-0.005018,0.086904,0.448991
0.605411,-0.001636,-0.497964,-3.771089,1.761117,7.724031,-0.876064,-0.083797,-0.140285,0.453653,0.140479,0.341619,-0.976965,-1.692504,2.81494,8.904414,-0.856553,-0.11867,0.028892,0.501389,0.724742,-2.285971,-2.48924,-0.632934,-0.17395,9.942621,-0.87572,-0.00339,0.108374,0.470479
0.580867,-0.084539,-0.402517,-3.771089,1.837688,7.513463,-0.873784,-0.089856,-0.137478,0.457733,0.122387,0.329912,-0.736449,-2.11975,2.893065,8.637691,-0.852863,-0.122959,0.024891,0.506831,0.742834,-2.367917,-2.460505,0.477295,0.308227,10.369257,-0.861307,-0.001387,0.130607,0.491001
0.497146,-0.10172,-0.298615,-3.570091,1.598405,7.599605,-0.872021,-0.095239,-0.134808,0.46079,0.046826,0.327784,-0.439528,-1.89453,2.568358,8.477778,-0.850812,-0.126309,0.020823,0.509631,0.704522,-2.453056,-2.350889,1.265258,0.672607,10.32226,-0.846491,0.001642,0.153364,0.509825
0.411243,0.009272,-0.213803,-3.541378,1.48355,7.752745,-0.870527,-0.10048,-0.133485,0.462881,0.009578,0.345876,-0.293728,-1.656493,2.078246,8.580928,-0.849693,-0.128766,0.016343,0.511043,0.637475,-2.408358,-2.11463,1.120605,1.603393,9.546503,-0.832039,0.004251,0.175456,0.526214
0.381245,0.136627,-0.15408,-3.665804,1.292124,8.30788,-0.869107,-0.106075,-0.133528,0.464287,-0.037248,0.343747,-0.301178,-1.438598,1.670531,8.91479,-0.848741,-0.129838,0.011588,0.512483,0.487418,-2.158263,-1.419686,0.588379,2.811278,8.540645,-0.820749,0.00729,0.19513,0.536874
0.404971,0.195804,-0.145899,-3.617948,1.148555,8.910872,-0.867604,-0.112183,-0.13385,0.465569,-0.042569,0.383124,-0.379931,-1.174316,1.249999,9.082637,-0.847432,-0.130236,0.006646,0.51463,0.286279,-1.762369,-0.20114,0.978393,3.012083,8.997798,-0.81641,0.012265,0.210223,0.5377
0.433605,0.11781,-0.185714,-3.541378,0.995414,9.150154,-0.865954,-0.118117,-0.133382,0.467303,-0.061725,0.467198,-0.499125,-1.297607,1.049194,9.149165,-0.845466,-0.130834,0.000662,0.517746,0.16602,-1.939031,-0.192626,2.74658,2.46826,8.590083,-0.811648,0.019701,0.226767,0.537967
0.419152,0.014181,-0.217075,-3.416951,0.899701,8.872586,-0.864215,-0.123257,-0.13251,0.469439,0.023413,0.501253,-0.597034,-1.068115,1.279907,9.459833,-0.842949,-0.132171,-0.004708,0.521477,0.06279,-1.876242,-0.126644,2.362059,1.903685,9.412226,-0.80728,0.028242,0.240658,0.538123
0.407698,-0.055905,-0.267254,-3.225525,1.024128,8.633304,-0.862543,-0.128003,-0.129812,0.47199,-0.019156,0.458684,-0.558722,-0.772705,1.639403,9.701532,-0.840719,-0.133017,-0.009021,0.524794,0.052147,-1.82303,-0.320334,3.085325,0.740356,9.374384,-0.801822,0.03748,0.25403,0.539571
0.380155,-0.112083,-0.306251,-2.689533,1.129412,8.355737,-0.861071,-0.130537,-0.125532,0.475132,-0.009578,0.37461,-0.452299,-0.624389,2.044677,9.604486,-0.838992,-0.133967,-0.01181,0.527255,0.191562,-1.79536,-0.862028,3.645628,-0.149536,8.63708,-0.793218,0.044685,0.268428,0.544744
0.352338,-0.167443,-0.338976,-2.756532,1.158126,8.52802,-0.859525,-0.132424,-0.120942,0.478586,0.008514,0.31927,-0.389509,-0.872192,2.116698,9.410395,-0.837566,-0.13505,-0.01404,0.529188,0.31182,-1.718735,-1.142986,3.682859,0.22644,7.829586,-0.783098,0.049706,0.282943,0.551563
0.330794,-0.1279,-0.314432,-2.861816,1.359123,8.585447,-0.85796,-0.135242,-0.116968,0.481584,-0.013835,0.31182,-0.351197,-1.055908,1.826781,9.26391,-0.836383,-0.135633,-0.016666,0.530831,0.376738,-1.561229,-1.161077,3.721311,1.280517,7.361446,-0.773215,0.052675,0.296513,0.558065
0.335158,-0.020998,-0.2588,-2.928815,1.521835,8.662018,-0.856437,-0.139047,-0.114077,0.4839,0.00745,0.292664,-0.365032,-1.058349,1.627807,9.462885,-0.835068,-0.135976,-0.019156,0.532725,0.373546,-1.401594,-1.049333,3.831785,2.236937,7.219234,-0.763966,0.053711,0.30928,0.563746
0.356974,0.012272,-0.20044,-3.053242,1.694118,8.652447,-0.855002,-0.143613,-0.111736,0.485647,0.019156,0.244773,-0.420372,-0.968017,1.40747,9.50683,-0.833405,-0.135905,-0.021283,0.535262,0.336297,-1.229188,-1.020599,4.281614,3.118284,7.035519,-0.754633,0.053796,0.321505,0.56944
0.359974,-0.053178,-0.239437,-3.072384,1.713261,8.786445,-0.853452,-0.147749,-0.108731,0.487812,-0.001064,0.194755,-0.525731,-0.753784,1.293334,9.260859,-0.831177,-0.1353,-0.023059,0.538794,0.225617,-1.087646,-0.810945,4.69238,3.331297,6.716305,-0.746598,0.054918,0.332172,0.573786
0.31825,-0.073631,-0.291525,-2.995814,1.741975,8.642876,-0.851724,-0.151297,-0.105734,0.490394,0.015963,0.170277,-0.599163,-0.993652,1.420287,9.196161,-0.828125,-0.134472,-0.024392,0.543621,0.009578,-0.971644,-0.363967,5.270993,2.960814,6.50024,-0.740721,0.059115,0.341252,0.575653
0.248982,-0.073631,-0.300251,-2.478964,1.85683,8.480164,-0.850229,-0.153183,-0.102442,0.493094,-0.019156,0.170277,-0.594906,-1.315307,1.563109,9.058833,-0.825109,-0.133348,-0.025912,0.548393,-0.063854,-0.798174,-0.472519,5.307004,2.313841,6.625973,-0.735524,0.064431,0.347072,0.578261
0.215984,-0.075267,-0.283616,-2.498107,1.904687,8.336594,-0.848822,-0.155032,-0.099332,0.495572,-0.038312,0.19369,-0.592777,-1.66809,1.741332,9.079585,-0.822093,-0.13223,-0.027637,0.553087,-0.071304,-0.807752,-0.670466,5.377805,1.533202,6.848751,-0.72934,0.068865,0.352095,0.582529
0.19744,-0.064359,-0.28907,-2.325824,1.70369,8.279166,-0.84747,-0.155961,-0.096338,0.498178,-0.067047,0.210718,-0.504446,-1.672362,1.639403,9.042964,-0.819543,-0.130846,-0.029939,0.557067,-0.071304,-0.783275,-0.786468,4.963986,1.304321,6.301876,-0.72252,0.072646,0.35689,0.58763
0.185714,-0.052905,-0.319886,-2.354537,1.550549,8.279166,-0.845979,-0.156261,-0.093709,0.50111,-0.09046,0.183048,-0.441656,-1.759643,1.58081,9.103389,-0.817301,-0.129072,-0.032619,0.560613,-0.085139,-0.5683,-0.881184,4.828488,1.58203,5.945431,-0.715833,0.074936,0.36011,0.593532
0.164715,-0.063541,-0.329158,-2.517249,1.56012,8.23131,-0.844468,-0.156491,-0.091034,0.504072,-0.095781,0.218168,-0.434207,-1.792601,1.412963,8.831172,-0.81496,-0.127667,-0.036446,0.564096,-0.171341,-0.407601,-0.922689,4.619138,2.489623,5.593869,-0.708236,0.073442,0.363095,0.600968
0.137172,-0.06245,-0.319068,-2.488536,1.588834,8.173882,-0.843028,-0.156701,-0.088427,0.506873,-0.121322,0.240517,-0.408665,-1.851806,0.999755,8.929439,-0.812738,-0.126236,-0.040661,0.567326,-0.285214,-0.303306,-0.893955,4.724729,3.096312,5.650021,-0.700869,0.072593,0.365221,0.608373
0.113992,-0.06545,-0.358065,-2.411965,1.741975,8.23131,-0.841378,-0.157183,-0.085918,0.509889,-0.122387,0.25648,-0.452299,-1.98059,1.076049,8.861079,-0.810172,-0.125103,-0.045386,0.570879,-0.451235,-0.183048,-0.625769,4.506834,3.167723,5.423581,-0.695399,0.073086,0.365201,0.614571
0.09463,-0.026998,-0.430333,-2.584249,1.818545,8.135597,-0.839144,-0.158843,-0.084487,0.513283,-0.123451,0.28415,-0.514024,-2.077025,1.266479,8.82812,-0.807068,-0.12498,-0.05095,0.574818,-0.615126,-0.03512,-0.334169,5.305783,3.237913,6.045529,-0.692157,0.076025,0.36344,0.618903
0.051542,0.001636,-0.463058,-2.833102,1.962115,8.116454,-0.836544,-0.160762,-0.0847,0.516882,-0.159635,0.279893,-0.516153,-2.164916,1.263427,9.115596,-0.804041,-0.123842,-0.056348,0.57879,-0.605548,-0.171341,-0.386316,6.406857,3.217161,8.295283,-0.689306,0.080587,0.359696,0.623677
0.011726,0.1279,-0.425151,-3.18724,2.364109,8.508878,-0.834062,-0.163036,-0.086219,0.51992,-0.161763,0.309692,-0.471455,-1.959227,1.403808,8.913569,-0.802047,-0.124015,-0.060033,0.581145,-0.396959,-0.507639,-0.493804,6.659542,3.574217,10.102533,-0.685273,0.08472,0.359964,0.627408
0.02318,0.224984,-0.404971,-3.292524,2.191826,9.370294,-0.831607,-0.165897,-0.088229,0.522605,-0.22136,0.34694,-0.426757,-2.6062,1.658324,9.044795,-0.800123,-0.124694,-0.064751,0.583142,-0.233067,-0.493804,-0.580007,7.752071,3.751829,9.190058,-0.680289,0.087871,0.362595,0.630874
0.078813,0.262617,-0.37361,-3.139383,1.512264,9.810573,-0.829434,-0.165725,-0.090774,0.525666,-0.216039,0.328848,-0.337362,-2.957762,1.221923,9.445185,-0.798661,-0.124989,-0.069718,0.584508,-0.31927,-0.257544,-0.528924,7.080685,3.848875,6.608273,-0.675822,0.090067,0.363778,0.634673
0.113719,0.21053,-0.334885,-2.938386,1.177269,9.915857,-0.827469,-0.165607,-0.092426,0.528505,-0.211782,0.340554,-0.332041,-2.947996,0.674438,9.964594,-0.796553,-0.124136,-0.075843,0.586799,-0.252223,0.044698,-0.189433,5.941769,4.6405,6.080929,-0.673875,0.089927,0.363481,0.636929
0.122173,0.119446,-0.302433,-3.04367,1.550549,9.628718,-0.825814,-0.165225,-0.092674,0.531164,-0.222425,0.407601,-0.375674,-2.406615,0.631714,10.093378,-0.794409,-0.122547,-0.080843,0.589367,-0.271379,0.087267,0.136222,5.550534,3.820188,5.971676,-0.674149,0.090942,0.362514,0.637047
0.084267,0.003272,-0.287434,-2.354537,2.622534,9.49472,-0.824442,-0.165958,-0.090803,0.533385,-0.254352,0.469326,-0.514024,-2.402342,1.154784,10.264887,-0.791579,-0.122036,-0.084975,0.59269,-0.380995,-0.128772,0.421436,5.546872,5.076291,6.855465,-0.675375,0.094293,0.361511,0.635829
0.073086,-0.01309,-0.349066,-2.565106,2.995814,9.379865,-0.822685,-0.167033,-0.089119,0.53604,-0.307563,0.51296,-0.586392,-2.664793,1.889647,10.241083,-0.788208,-0.123225,-0.089919,0.596196,-0.482097,0.171341,-0.058533,5.702511,2.651976,6.752316,-0.675805,0.097709,0.356287,0.637802
0.069268,0.109083,-0.349611,-3.177669,3.072384,9.801002,-0.820708,-0.169216,-0.088806,0.538433,-0.370353,0.47784,-0.392702,-2.556761,2.348021,11.047357,-0.786115,-0.123572,-0.094562,0.598166,-0.611934,0.580007,0.412922,6.448971,2.891844,8.848262,-0.68047,0.09992,0.346485,0.6379
0.077722,0.288252,-0.286343,-4.402794,2.976671,10.566705,-0.818585,-0.173009,-0.091282,0.540043,-0.343747,0.410794,-0.154314,-2.671507,2.182006,11.675408,-0.785868,-0.123494,-0.098769,0.597827,-0.458684,0.130901,-0.124515,8.640132,2.393187,11.249993,-0.680623,0.102812,0.342093,0.639645
0.130082,0.304342,-0.242437,-5.541777,2.210968,11.533405,-0.816387,-0.176348,-0.095151,0.54162,-0.318205,0.294792,0.041505,-2.661131,1.099853,12.526848,-0.786923,-0.122034,-0.101928,0.596206,-0.562979,0.482097,-0.147928,5.285031,1.944579,8.635859,-0.681894,0.103278,0.333886,0.642547
0.118082,0.204531,-0.22662,-6.221339,0.306281,11.112268,-0.81444,-0.177822,-0.09849,0.543468,-0.202204,0.107487,0.060661,-2.546996,-0.911865,12.995598,-0.787829,-0.119354,-0.10391,0.59521,-0.885441,0.956745,0.315013,5.810544,3.314817,8.007808,-0.686676,0.103746,0.321695,0.643597
-0.016635,0.043088,-0.208621,-6.642476,-0.210568,10.174282,-0.812958,-0.177462,-0.101226,0.5453,-0.113873,-0.183048,-0.051083,-1.657104,-2.048339,12.507317,-0.788128,-0.115375,-0.103236,0.595715,-0.993993,1.086581,0.423564,4.186399,1.767577,8.600459,-0.692828,0.104558,0.30572,0.644658
-0.141263,-0.163897,-0.292343,-6.183053,0.210568,9.647861,-0.811421,-0.175029,-0.103108,0.548015,-0.104295,-0.592777,-0.255416,-1.392821,-1.729125,11.873773,-0.787613,-0.108832,-0.099358,0.598281,-0.972708,1.045076,0.537437,4.464719,-0.189819,10.628656,-0.699292,0.106614,0.289929,0.644637
-0.21653,-0.432242,-0.500146,-5.570491,0.631705,9.111869,-0.809118,-0.170507,-0.103571,0.552739,-0.032991,-1.039755,-0.409729,-1.751098,-0.858154,11.984857,-0.78656,-0.100178,-0.091503,0.602418,-0.893955,1.109994,0.523602,2.81616,-0.718383,11.322625,-0.705621,0.107228,0.274053,0.644583
-0.257436,-0.331067,-0.685042,-5.522635,0.727418,8.910872,-0.805712,-0.166213,-0.105351,0.558653,0.084074,-1.403723,-0.529988,-1.776732,-0.36499,11.864007,-0.784913,-0.090376,-0.080042,0.607725,-0.819459,1.196197,0.155378,3.218992,-0.276489,10.563349,-0.709772,0.105743,0.258353,0.646752
-0.304614,0.014454,-0.652589,-5.675776,0.698704,9.542577,-0.802161,-0.163455,-0.110126,0.563635,0.245838,-1.642111,-0.425693,-2.011718,0.913696,11.837152,-0.783816,-0.081719,-0.065162,0.612128,-0.872671,1.311134,0.234131,3.579099,0.202637,9.85412,-0.714574,0.104107,0.241386,0.648283
-0.363792,0.079085,-0.435514,-5.455636,0.698704,9.820144,-0.799823,-0.160739,-0.115405,0.566673,0.442721,-1.7049,-0.199011,-1.961669,1.898192,11.778558,-0.783629,-0.075258,-0.048274,0.614755,-0.874799,1.472898,0.436335,3.038939,0.044556,10.057367,-0.72078,0.101734,0.22292,0.648401
-0.393245,-0.106083,-0.316614,-4.833502,0.679562,9.848858,-0.798409,-0.156523,-0.119207,0.569056,0.535309,-1.799617,0.226682,-0.937499,2.709959,11.45263,-0.785679,-0.069152,-0.02932,0.614052,-0.88012,1.641046,0.570429,2.757567,0.180054,10.115351,-0.727925,0.098368,0.203012,0.647477
-0.406334,-0.293979,-0.27298,-4.096512,0.507278,9.513863,-0.797561,-0.150262,-0.121273,0.571491,0.564043,-1.886884,0.748155,-1.326293,2.807616,11.115716,-0.790503,-0.063264,-0.009576,0.609101,-0.903533,1.793232,0.577878,2.323607,-0.177612,9.869379,-0.735032,0.094241,0.181725,0.646386
-0.464694,-0.362701,-0.230983,-3.407379,0.334995,8.729017,-0.797234,-0.142571,-0.122455,0.573661,0.250095,-1.828351,0.94291,-1.796874,0.714111,10.996697,-0.796296,-0.054442,0.006162,0.602414,-0.896084,1.898591,0.63109,2.324828,0.178833,9.371332,-0.742336,0.089232,0.159786,0.644542
-0.497419,-0.35752,-0.244619,-3.34038,0.689133,8.01117,-0.796607,-0.13691,-0.124554,0.575456,-0.002128,-1.763433,1.42075,-0.643921,-0.603027,10.781855,-0.804702,-0.042594,0.020048,0.591803,-0.785403,1.896462,0.707714,2.327269,0.524292,8.779902,-0.74981,0.083246,0.139061,0.64149
-0.556051,-0.40388,-0.203167,-3.397808,0.172283,7.379465,-0.79633,-0.129829,-0.126724,0.577006,0.123451,-1.8507,1.505889,-0.88623,-1.536864,9.64599,-0.813032,-0.03128,0.034905,0.580322,-0.636411,1.930518,0.867349,2.159423,0.194702,8.620601,-0.758049,0.076489,0.11891,0.636681
-0.568868,-0.449968,-0.184623,-3.158526,-0.478565,6.632905,-0.796233,-0.121817,-0.128492,0.578494,0.373546,-2.151878,1.147242,-0.577392,-1.515502,8.710933,-0.818618,-0.020397,0.053483,0.571472,-0.52041,1.910297,1.042948,2.293089,-0.100098,8.472285,-0.766933,0.069804,0.099894,0.630043
-0.554687,-0.427333,-0.191168,-2.823531,-0.794417,6.23091,-0.796041,-0.113718,-0.130233,0.580015,0.321398,-2.131658,1.244088,1.39099,0.848999,8.635249,-0.824225,-0.009088,0.074661,0.561237,-0.506575,2.005014,1.181298,1.621703,-0.779419,7.792354,-0.775998,0.063278,0.078806,0.622579
-0.516781,-0.442605,-0.216257,-2.478964,-0.899701,6.125626,-0.795681,-0.10547,-0.131441,0.581792,0.19369,-2.219989,0.805624,1.798095,1.628417,8.717036,-0.826683,0.002061,0.09603,0.554402,-0.506575,1.97628,1.17172,1.856688,-1.214599,8.258052,-0.784408,0.057511,0.058525,0.614787
-0.456513,-0.418606,-0.237256,-2.316252,-0.899701,6.412765,-0.795103,-0.097567,-0.132267,0.583771,0.141543,-2.439221,0.46507,1.594237,1.453246,8.874507,-0.826466,0.013537,0.118394,0.550224,-0.425693,1.899655,0.991865,0.941162,-1.716918,8.501582,-0.791287,0.050899,0.038805,0.608078
-0.378791,-0.376064,-0.278162,-2.258825,-0.842274,6.709475,-0.794141,-0.090347,-0.13285,0.586106,0.09046,-2.448799,0.458684,0.626831,0.867919,9.398798,-0.82602,0.025923,0.137314,0.546037,-0.352261,1.818773,0.988672,0.471191,-1.536864,8.866572,-0.797726,0.04386,0.019962,0.601085
-0.319886,-0.268072,-0.296433,-2.392823,-0.803988,7.101898,-0.792824,-0.084281,-0.134071,0.58851,0.148993,-2.442413,0.708779,-0.336914,0.06897,9.050288,-0.826556,0.038515,0.156242,0.539353,-0.222425,1.663395,0.784339,0.725097,-1.220092,9.301752,-0.80255,0.037274,0.003682,0.5954
-0.301342,-0.185987,-0.273799,-2.660819,-0.526421,7.503892,-0.79141,-0.07963,-0.136371,0.590529,0.150057,-2.514781,1.168527,1.185302,0.758056,9.196772,-0.828568,0.052038,0.175949,0.528962,-0.079817,1.508017,0.468262,1.168823,-0.809936,9.426264,-0.805241,0.029639,-0.00864,0.592137
-0.313068,-0.142626,-0.24571,-2.766103,-0.162712,8.039884,-0.790387,-0.07789,-0.137586,0.591848,0.034055,-2.562671,1.296235,2.10205,0.581054,9.244989,-0.830431,0.067256,0.195357,0.517386,-0.037248,1.31752,0.420372,0.794677,-0.750732,9.538568,-0.807471,0.022655,-0.019189,0.589153
-0.311432,-0.142081,-0.211894,-2.766103,-0.114855,8.240881,-0.789705,-0.076168,-0.137853,0.592918,-0.005321,-2.598855,1.124894,2.332762,0.125732,8.904414,-0.830739,0.082834,0.214606,0.506899,-0.076625,1.290914,0.456556,0.624389,-0.877075,9.393915,-0.809733,0.01627,-0.029782,0.58581
-0.300524,-0.241892,-0.197986,-2.603391,-0.401994,8.432307,-0.789258,-0.070721,-0.136558,0.594487,-0.094717,-2.471148,0.986543,2.604979,0.182495,9.442133,-0.830006,0.09796,0.232203,0.497561,-0.183048,1.361153,0.675788,-0.117798,-1.078491,9.534906,-0.813035,0.010107,-0.042118,0.580595
-0.308978,-0.244892,-0.190077,-2.411965,-0.937986,8.681161,-0.788592,-0.064607,-0.136737,0.596023,-0.086203,-2.361532,0.751348,2.364501,0.128784,8.650508,-0.827938,0.111733,0.248917,0.489966,-0.164956,1.203647,0.633218,-0.354614,-1.316528,10.006708,-0.815938,0.004832,-0.053086,0.57567
-0.301615,-0.183805,-0.179169,-2.29711,-1.167697,8.729017,-0.787864,-0.05893,-0.137403,0.597419,-0.072368,-2.259365,0.656631,2.482298,-0.274048,8.450923,-0.82532,0.124771,0.264708,0.482909,-0.168149,1.072746,0.612998,-1.267699,-1.267089,10.216059,-0.818608,-0.0001,-0.063394,0.570836
-0.273253,-0.116173,-0.167715,-2.277967,-1.359123,8.642876,-0.787033,-0.053932,-0.138682,0.598689,-0.109616,-2.096538,0.794982,3.530882,0.158081,7.851558,-0.823164,0.137578,0.278995,0.475001,-0.195819,0.987608,0.489547,-1.409911,-1.502685,9.553217,-0.820468,-0.004058,-0.073244,0.56696
-0.22962,-0.065177,-0.231256,-2.172683,-1.158126,8.394022,-0.785756,-0.049446,-0.139772,0.600499,-0.054276,-1.791103,0.818395,3.189695,-0.020142,7.050777,-0.821813,0.148493,0.290736,0.466946,-0.218168,0.993993,0.240517,-0.592651,-1.558227,9.141231,-0.820806,-0.007148,-0.0826,0.565151
-0.245982,-0.065723,-0.245437,-1.990828,-0.995414,7.886744,-0.784457,-0.044865,-0.14043,0.6024,-0.039377,-1.51866,1.013149,3.549803,0.250854,6.616207,-0.821801,0.158385,0.300166,0.457656,-0.125579,1.035498,-0.024477,-1.176757,-1.629027,9.170527,-0.81948,-0.011218,-0.092074,0.565545
-0.249255,-0.040906,-0.21653,-2.057827,-1.014557,7.9346,-0.78326,-0.040425,-0.141378,0.604047,-0.011707,-1.286657,1.10148,3.548582,-0.221557,5.816037,-0.82342,0.167365,0.307345,0.446653,-0.03512,1.045076,-0.111744,-1.948851,-1.643065,9.580683,-0.817653,-0.015685,-0.102508,0.566288
-0.247619,-0.019635,-0.27298,-1.981257,-0.918844,7.953743,-0.781847,-0.036644,-0.141454,0.606098,-0.028734,-1.11638,1.05359,3.792112,-0.748901,5.401608,-0.825153,0.176369,0.313006,0.435929,-0.02767,0.928011,-0.207525,-2.454833,-1.306152,9.604486,-0.8153,-0.020538,-0.112223,0.567682
-0.217893,-0.019635,-0.276526,-1.981257,-1.071985,8.126026,-0.780304,-0.032756,-0.141742,0.608237,-0.054276,-0.953552,0.920561,4.471433,-1.080932,5.250852,-0.826449,0.18525,0.317791,0.426221,-0.036184,0.870542,-0.307563,-1.778563,-0.684814,9.357294,-0.812775,-0.025265,-0.117689,0.569998
-0.168261,0.151625,-0.260436,-2.048256,-1.205983,8.413164,-0.778535,-0.030173,-0.143329,0.610264,-0.050019,-0.738577,0.736449,5.30029,-1.244506,4.992063,-0.827093,0.192917,0.322189,0.418194,-0.129836,0.793917,-0.140479,-0.650024,-0.804443,9.269403,-0.81119,-0.027537,-0.12328,0.570969
-0.133354,0.273253,-0.221439,-1.914258,-1.416551,8.489735,-0.77677,-0.028592,-0.145823,0.611995,0.002128,-0.509767,0.472519,5.570675,-1.201782,4.852902,-0.827243,0.198225,0.325758,0.412613,-0.143671,0.689623,0.269251,-0.862426,-0.604858,9.724115,-0.81208,-0.029934,-0.127831,0.568578
-0.095175,0.327522,-0.182714,-1.751546,-1.588834,8.671589,-0.775158,-0.027749,-0.148344,0.61347,0.076625,-0.316077,0.255416,5.917355,-1.131591,4.944455,-0.827133,0.201269,0.32871,0.409003,-0.094717,0.521474,0.481033,-2.098998,-0.643921,9.827875,-0.814411,-0.033049,-0.130556,0.564437
-0.03627,0.389154,-0.134718,-1.655833,-1.473979,9.016156,-0.773821,-0.028168,-0.150396,0.614639,0.172406,-0.213911,0.034055,6.359859,-1.558837,4.805295,-0.826645,0.202394,0.33161,0.40709,-0.050019,0.54808,0.214975,-2.222289,-1.138305,9.962152,-0.814956,-0.034309,-0.134289,0.562696
0.013908,0.395972,-0.040633,-1.837688,-1.225125,9.092726,-0.773128,-0.029713,-0.151734,0.615109,0.24903,-0.059597,-0.214975,6.88232,-1.350097,4.995114,-0.825695,0.201243,0.334323,0.40737,-0.026606,0.649182,-0.011707,-2.604979,-1.433105,9.34997,-0.813758,-0.036339,-0.141113,0.562634
0.049087,0.301342,0.078267,-2.0004,-1.081556,8.82473,-0.773353,-0.031569,-0.151915,0.614688,0.226682,0.140479,-0.041505,7.001949,-0.459594,5.453488,-0.825842,0.199266,0.335553,0.40703,0.02767,0.467198,0.069175,-2.454222,-1.301879,9.025874,-0.813283,-0.037426,-0.145396,0.562158
0.031907,0.160079,0.158989,-1.962115,-0.985843,8.82473,-0.774309,-0.032665,-0.151056,0.613638,0.218168,0.356518,0.214975,7.006222,0.473022,5.472409,-0.827682,0.196222,0.334664,0.405501,0.054276,0.417179,0.119194,-2.706297,-1.525268,9.213251,-0.81307,-0.038789,-0.149585,0.561273
-0.001364,0.061359,0.162261,-2.105684,-1.11027,8.843872,-0.775413,-0.032601,-0.149719,0.612574,0.234131,0.506575,0.134093,6.310421,0.144653,5.697628,-0.829774,0.191736,0.332638,0.405038,0.074496,0.416115,0.266058,-3.193357,-1.145019,9.582514,-0.813663,-0.042725,-0.154234,0.558865
-0.006,0.052087,0.147535,-2.306681,-1.119841,9.016156,-0.776474,-0.032729,-0.148255,0.61158,0.288407,0.63109,-0.103231,5.791623,-0.55603,5.507199,-0.831705,0.18795,0.329359,0.405532,0.11068,0.436335,0.131965,-3.135374,-0.935668,9.686274,-0.81376,-0.048231,-0.157153,0.557461
-0.015544,0.051814,0.252527,-2.775674,-1.177269,9.169296,-0.777934,-0.03503,-0.149548,0.609277,0.407601,0.571493,-0.398023,7.205196,-1.301269,6.001584,-0.832454,0.182483,0.327557,0.407944,0.111744,0.444849,0.04789,-2.947996,-1.067504,9.751581,-0.813383,-0.050192,-0.158955,0.557327
0.023998,0.034907,0.350429,-3.225525,-1.493121,9.245867,-0.77977,-0.036392,-0.151388,0.606389,0.503382,0.290535,-0.48529,9.686884,-0.775756,10.457758,-0.832962,0.175893,0.326466,0.410667,0.081946,0.327784,0.213911,-2.851561,-0.97229,9.744257,-0.814214,-0.051994,-0.159487,0.555795
0.047451,0.115355,0.337339,-3.062813,-1.70369,10.250853,-0.781333,-0.036568,-0.153232,0.603899,0.400151,0.154314,0.316077,14.044182,-0.321045,10.632318,-0.834774,0.173512,0.32666,0.407838,0.045762,0.262865,0.313949,-2.668456,-1.40808,9.666742,-0.815168,-0.053749,-0.160938,0.553808
-0.065723,0.086994,0.314432,-2.612962,-1.502693,11.246266,-0.783261,-0.035894,-0.152694,0.601573,0.40228,0.597034,0.655567,11.786492,-0.12207,8.909907,-0.839368,0.170373,0.322597,0.402937,-0.018092,0.326719,0.409729,-3.208616,-1.596068,10.209955,-0.816537,-0.055566,-0.163471,0.550862
-0.204258,0.005454,0.252255,-2.74696,-1.081556,11.006984,-0.785114,-0.034717,-0.151983,0.599402,0.242645,0.750284,-0.333105,0.723266,-2.841795,5.449826,-0.841231,0.164767,0.316061,0.406545,-0.109616,0.428886,0.486354,-3.414915,-1.056518,10.441278,-0.818219,-0.057699,-0.167076,0.547051
-0.191714,0.083721,0.173988,-3.062813,-1.636691,10.174282,-0.785795,-0.032719,-0.155206,0.597795,0.462941,0.495932,-0.920561,5.923459,-2.145385,6.090085,-0.839952,0.157729,0.314768,0.412934,-0.100038,0.368224,0.405473,-3.529661,-0.954589,11.334222,-0.82014,-0.058876,-0.168679,0.543546
-0.09872,0.006545,0.119446,-2.641676,-1.847259,9.781859,-0.786358,-0.030208,-0.156051,0.596966,0.348004,0.585328,-0.443785,8.212886,0.488281,7.76733,-0.839875,0.150967,0.313605,0.416489,-0.031927,0.20114,0.405473,-2.974852,-0.505371,11.663812,-0.822329,-0.060118,-0.168424,0.540172
0.008999,-0.089994,0.149444,-2.45025,-2.325824,10.528419,-0.787258,-0.028007,-0.155155,0.59612,0.309692,0.862028,-0.328848,5.957028,2.613524,10.078119,-0.841317,0.142622,0.307543,0.421015,0.186241,-0.196883,0.19369,-2.457884,-0.980224,11.983026,-0.823393,-0.060301,-0.164547,0.539726
0.068722,-0.058632,0.196077,-3.416951,-2.15354,11.79183,-0.788228,-0.02684,-0.15527,0.59486,0.282022,0.788596,-0.305435,5.882565,0.238037,10.258783,-0.842639,0.135731,0.301229,0.425194,0.222425,-0.282022,0.153249,-2.875365,-0.55664,12.361444,-0.824336,-0.060598,-0.159826,0.539671
0.047178,-0.014454,0.150262,-4.326223,-1.320838,12.260823,-0.789181,-0.029225,-0.15542,0.593443,0.217103,1.229188,-0.350132,6.837154,-1.978148,9.265131,-0.844859,0.128727,0.291245,0.429897,0.20859,-0.240517,0.2767,-3.248289,0.245361,12.63549,-0.825907,-0.061751,-0.155423,0.538424
0.062995,0.008181,0.041452,-4.536792,-0.832702,11.542976,-0.789454,-0.031724,-0.155608,0.592902,0.310756,1.287721,-1.08126,5.831906,-0.535888,8.961177,-0.843917,0.117894,0.28203,0.440858,0.223489,-0.398023,0.273508,-3.048094,0.657959,12.682487,-0.827711,-0.062282,-0.149517,0.537263
0.17017,-0.202622,-0.025907,-4.144369,-0.574277,10.882557,-0.789667,-0.033785,-0.153184,0.593136,0.192626,1.261115,-1.316455,4.682004,2.014769,9.436029,-0.841392,0.105987,0.273022,0.454178,0.317141,-0.758798,0.167084,-2.487181,0.721435,12.395013,-0.829396,-0.061344,-0.140043,0.537326
0.277616,-0.338158,0.113992,-3.914658,-0.430708,9.925428,-0.790841,-0.036084,-0.149133,0.592468,0.255416,1.404787,-0.908854,4.614255,3.071898,9.390253,-0.840808,0.093736,0.262973,0.46378,0.420372,-1.137664,0.014899,-1.957396,0.935668,11.911614,-0.830643,-0.05899,-0.126865,0.538934
0.402244,-0.248164,0.41697,-4.383651,-0.258425,9.19801,-0.793514,-0.040192,-0.145424,0.589545,0.325655,1.544201,-0.630026,3.704832,2.927244,9.682001,-0.841783,0.080893,0.25143,0.470778,0.509767,-1.572935,-0.098974,-1.757812,1.177978,11.580804,-0.831571,-0.054999,-0.109683,0.541688
0.404153,-0.122446,0.643045,-4.29751,0.325424,8.451449,-0.79731,-0.045474,-0.142387,0.584762,0.345876,1.547394,-0.377802,3.80554,3.621214,9.689325,-0.843641,0.068377,0.240032,0.475364,0.574686,-2.067804,-0.19369,-1.21643,0.926513,11.857293,-0.832144,-0.048463,-0.088052,0.545368
0.342794,-0.140717,0.604048,-3.847659,0.851845,7.982456,-0.800927,-0.050199,-0.139167,0.58019,0.368224,1.584642,-0.185176,3.26721,3.073118,9.597773,-0.846316,0.055992,0.228026,0.478132,0.641732,-2.707407,-0.453363,-0.55664,0.530395,12.022088,-0.831264,-0.038366,-0.060887,0.551193
0.260981,-0.079085,0.51569,-3.541378,0.909273,7.992028,-0.803958,-0.054515,-0.136762,0.576166,0.33949,1.686808,-0.012771,2.756956,2.352904,9.587397,-0.849836,0.043911,0.214525,0.479397,0.674723,-3.151192,-0.46507,-0.380859,-0.078735,12.769768,-0.829734,-0.025726,-0.030283,0.556736
0.271617,0.100084,0.577322,-3.847659,0.937986,8.863015,-0.807038,-0.060028,-0.135724,0.571539,0.233067,1.613376,0.038312,2.543944,1.748046,9.500116,-0.85316,0.033468,0.20087,0.480252,0.74177,-3.384259,-0.590649,0.322876,-1.242065,13.200066,-0.826617,-0.011637,0.00198,0.562635
0.314432,0.119173,0.743947,-3.809374,0.497707,9.131011,-0.810916,-0.066184,-0.134733,0.565574,0.175598,1.600605,-0.068111,2.007445,1.451415,9.469599,-0.855739,0.02346,0.186832,0.48192,0.661953,-3.455563,-0.586392,-0.180054,-0.59082,11.810296,-0.822556,0.002884,0.033649,0.567674
0.347157,-0.155716,0.766581,-3.503092,-0.133998,9.159725,-0.815088,-0.0708,-0.13197,0.559638,0.112809,1.608055,-0.334169,2.075194,0.969848,9.562372,-0.856796,0.013876,0.172393,0.485779,0.320334,-2.737206,-0.23626,-2.46765,0.097046,10.858758,-0.82004,0.014817,0.056418,0.569318
0.323704,-0.272708,0.563414,-2.900101,-0.928415,8.82473,-0.818111,-0.071379,-0.129031,0.555825,0.081946,1.610184,-0.57575,1.820678,0.625,9.451899,-0.856461,0.00442,0.157695,0.491507,0.260737,-2.658453,0.108552,-2.070311,0.639038,10.855096,-0.819012,0.026717,0.07821,0.567785
0.342794,-0.309251,0.327795,-2.660819,-1.272982,8.269595,-0.819865,-0.071414,-0.125677,0.554002,0.061725,1.625083,-0.799239,1.480712,0.969848,8.815913,-0.854707,-0.005558,0.14293,0.499008,0.49274,-2.872363,-0.163892,-1.397704,0.198364,9.646601,-0.815795,0.037895,0.1029,0.567844
0.412061,-0.275707,0.103356,-2.163112,-1.024128,7.49432,-0.820323,-0.071673,-0.122034,0.554105,0.061725,1.563357,-1.031241,1.510009,1.623534,8.611445,-0.851296,-0.015955,0.129299,0.508246,0.59597,-2.869171,-0.663017,-0.091553,-0.658569,8.305659,-0.809211,0.0485,0.128024,0.571338
0.480784,-0.382063,-0.049087,-1.923829,-0.459422,6.336195,-0.819948,-0.072073,-0.117696,0.555545,0.046826,1.559101,-1.07381,1.106567,2.483519,8.178096,-0.847346,-0.026844,0.116077,0.517497,0.571493,-2.731885,-1.203647,0.92102,-0.953979,7.858272,-0.799088,0.058438,0.15216,0.57869
0.546779,-0.417788,-0.097357,-1.914258,0.267996,5.694918,-0.819467,-0.076062,-0.111498,0.556999,0.051083,1.561229,-1.034434,0.783691,3.013914,8.170161,-0.843436,-0.038499,0.103139,0.52582,0.590649,-2.681866,-1.239831,1.661986,-0.773315,7.658077,-0.788159,0.068143,0.175929,0.585835
0.549779,-0.395972,-0.104447,-1.952543,0.631705,5.627919,-0.818899,-0.080202,-0.105155,0.558485,0.123451,1.450549,-0.924818,0.896606,2.332152,7.961421,-0.83968,-0.049968,0.09184,0.532914,0.672595,-2.604177,-1.000378,1.73706,0.62622,7.236324,-0.778135,0.075411,0.199416,0.590799
0.543234,-0.286888,-0.024816,-1.914258,0.765703,6.049056,-0.818649,-0.084939,-0.099342,0.559215,0.13835,1.399466,-0.822652,1.289672,1.741332,8.167109,-0.836342,-0.059114,0.082358,0.538745,0.717293,-2.495625,-0.866285,1.527709,1.708373,7.224727,-0.768371,0.08113,0.222872,0.594427
0.526053,-0.132536,0.055632,-1.732404,0.851845,6.632905,-0.818759,-0.090127,-0.094054,0.559156,0.134093,1.222803,-0.888634,0.982665,1.088256,8.735957,-0.832589,-0.06558,0.072202,0.545227,0.609805,-2.407294,-0.699201,1.196288,1.869506,6.887814,-0.759199,0.087587,0.244605,0.596745
0.491965,-0.01909,0.01309,-1.732404,0.784846,7.082755,-0.818558,-0.09533,-0.089613,0.559318,0.040441,1.118508,-0.822652,1.979979,0.80017,8.562007,-0.828964,-0.070859,0.063518,0.551139,0.484226,-2.238081,-0.655567,1.776122,0.92102,6.859737,-0.750352,0.094789,0.263521,0.598778
0.456785,0.117537,-0.092721,-2.172683,0.641276,7.580462,-0.817397,-0.101566,-0.08834,0.560121,-0.046826,1.055719,-0.857771,1.61682,1.549071,8.773799,-0.824979,-0.075578,0.055446,0.557329,0.372481,-2.171034,-0.589585,2.487181,0.961303,6.735836,-0.741637,0.102733,0.281022,0.600365
0.407425,0.191168,-0.20044,-2.048256,0.622134,8.240881,-0.815943,-0.10524,-0.085969,0.561928,-0.026606,0.867349,-0.837551,0.829467,2.324828,9.274286,-0.820751,-0.080721,0.049485,0.563377,0.416115,-2.073125,-0.787532,3.518064,0.599975,6.69006,-0.731871,0.110205,0.297981,0.602843
0.34743,0.022907,-0.292615,-2.105684,0.937986,8.690732,-0.814131,-0.108463,-0.082608,0.564441,-0.005321,0.812009,-0.644925,0.629882,2.629393,9.225458,-0.81745,-0.086078,0.044174,0.567808,0.427821,-1.883691,-0.867349,3.75305,0.57312,6.591793,-0.721915,0.116254,0.313621,0.60577
0.276253,-0.083994,-0.291252,-2.048256,1.196411,8.863015,-0.812461,-0.110654,-0.078817,0.566959,0.043634,0.707714,-0.559786,-0.073852,2.603758,9.035029,-0.814402,-0.092058,0.039561,0.571578,0.355454,-1.679359,-0.839679,3.957517,1.074829,6.422115,-0.712393,0.121206,0.327225,0.608869
0.253345,-0.203167,-0.2498,-2.029114,1.627119,8.930014,-0.811077,-0.11244,-0.074343,0.569189,0.037248,0.726871,-0.468262,-0.057983,2.177123,8.916621,-0.811939,-0.097254,0.035317,0.574492,0.299049,-1.415429,-0.875863,4.279172,1.554565,6.170041,-0.703149,0.124319,0.338682,0.612709
0.281434,-0.152989,-0.149171,-2.019542,1.770689,8.700303,-0.810141,-0.115025,-0.070161,0.570534,-0.051083,0.700265,-0.475712,-0.168457,1.901854,8.942256,-0.809605,-0.100338,0.030741,0.57751,0.23626,-1.225996,-0.788596,4.180906,2.338866,5.836789,-0.694265,0.125767,0.349361,0.616536
0.28498,-0.097902,-0.053723,-1.694118,1.627119,8.499306,-0.809757,-0.117451,-0.065956,0.571086,0.001064,0.73432,-0.439528,-0.114136,2.341307,9.534296,-0.807331,-0.104784,0.026344,0.580116,0.135158,-0.993993,-0.586392,4.011838,2.865599,5.710446,-0.687056,0.127113,0.35775,0.619518
0.236438,-0.062723,-0.035452,-1.598405,1.40698,8.451449,-0.809546,-0.119102,-0.062174,0.571468,-0.00745,0.682173,-0.470391,-0.578003,1.930541,9.19372,-0.804912,-0.108163,0.022182,0.583024,-0.004257,-0.750284,-0.376738,4.644773,2.650755,5.375974,-0.681498,0.128694,0.363962,0.621708
0.167443,-0.005454,-0.039543,-1.636691,1.502693,8.298309,-0.809321,-0.120873,-0.059299,0.57172,0.006385,0.676852,-0.313949,-0.601806,1.853026,8.81042,-0.803375,-0.111444,0.018255,0.584659,-0.11068,-0.521474,-0.246902,5.251462,2.281493,5.466305,-0.677291,0.131639,0.368676,0.622911
0.14508,0.042542,-0.065723,-1.70369,1.521835,8.183454,-0.808913,-0.122986,-0.057053,0.572076,-0.061725,0.643861,-0.259673,-0.443725,1.883544,9.274897,-0.802236,-0.113541,0.013987,0.585936,-0.16602,-0.337362,-0.280957,5.442502,2.175292,5.54443,-0.67423,0.135528,0.370603,0.624252
0.137172,0.073358,-0.08263,-1.818545,1.330409,8.250452,-0.808429,-0.124861,-0.055024,0.572552,-0.057469,0.493804,-0.218168,-0.620727,1.944579,9.76745,-0.8013,-0.114712,0.010929,0.587053,-0.199011,-0.23626,-0.308627,5.217282,2.133178,5.518795,-0.671756,0.137224,0.369849,0.626991
0.089994,0.122173,-0.131718,-1.904687,1.100698,8.815159,-0.807688,-0.124381,-0.055119,0.573692,-0.018092,0.324591,-0.235195,-0.595703,1.799926,9.638666,-0.800197,-0.114994,0.009209,0.58853,-0.289471,-0.028734,-0.224553,6.054074,2.586668,5.521237,-0.669331,0.138893,0.369981,0.629134
0.040361,0.111537,-0.170715,-1.875973,1.119841,9.102298,-0.806811,-0.123513,-0.055202,0.575103,0.003193,0.211782,-0.206461,-0.657348,1.325073,9.544672,-0.799197,-0.114357,0.007492,0.590035,-0.400151,0.070239,-0.058533,6.267086,3.139647,5.538327,-0.668002,0.14061,0.368619,0.630962
0.020453,0.086176,-0.199622,-2.0004,1.292124,8.939586,-0.805851,-0.123336,-0.054222,0.576579,-0.001064,0.177727,-0.299049,-0.725097,1.375732,9.565424,-0.797645,-0.113496,0.005975,0.592315,-0.4225,0.202204,0.006385,5.99548,2.750242,5.707394,-0.66753,0.141883,0.366137,0.63262
0.000818,0.086721,-0.23371,-1.981257,1.359123,8.930014,-0.804687,-0.123669,-0.053235,0.578224,-0.048955,0.11068,-0.409729,-1.225585,1.469115,9.631952,-0.795347,-0.112202,0.003192,0.595663,-0.409729,0.377802,-0.097909,6.289059,2.371825,5.998532,-0.667527,0.143108,0.362122,0.634655
-0.029452,0.075813,-0.282798,-1.904687,1.339981,8.997013,-0.803305,-0.123026,-0.052544,0.580342,-0.02022,0.013835,-0.424629,-1.3562,1.470336,9.560541,-0.792832,-0.110983,0.000887,0.599241,-0.486354,0.486354,-0.006385,6.033932,2.336424,6.249996,-0.6689,0.14504,0.355585,0.636465
-0.051814,0.088085,-0.326431,-1.808974,1.225125,8.987442,-0.801676,-0.121609,-0.05257,0.582885,0.003193,0.043634,-0.373546,-1.127319,1.672973,9.41955,-0.790803,-0.109755,0.001385,0.602141,-0.582135,0.590649,0.161763,5.466305,2.301024,6.234128,-0.671323,0.144466,0.346741,0.638918
-0.070086,0.133899,-0.350157,-1.895115,1.129412,9.044869,-0.799854,-0.119906,-0.053665,0.585634,-0.032991,0.017028,-0.419308,-1.776122,1.727294,9.390253,-0.788093,-0.110893,-0.000892,0.605477,-0.649182,0.718357,0.283086,5.057981,2.422484,6.218258,-0.674546,0.143532,0.336968,0.64096
-0.076631,0.139899,-0.358338,-2.143969,0.9667,9.236296,-0.797748,-0.118266,-0.056723,0.588544,-0.021285,0.006385,-0.396959,-1.784057,2.062377,9.434809,-0.785509,-0.112647,-0.001973,0.608502,-0.625769,0.655567,0.2916,6.762081,2.739256,7.509151,-0.677047,0.143966,0.329682,0.642015
-0.113446,0.076085,-0.349611,-2.507678,1.330409,9.245867,-0.795571,-0.119338,-0.059242,0.591022,-0.019156,-0.00745,-0.340554,-1.635131,1.830443,9.456781,-0.783628,-0.112726,-0.002584,0.610906,-0.405473,0.050019,0.130901,9.581293,3.026732,11.769403,-0.677977,0.146953,0.326347,0.64206
-0.118082,0.161988,-0.303796,-2.679961,1.828117,9.772287,-0.793748,-0.121074,-0.06119,0.592919,-0.064918,0.068111,-0.26393,-1.090698,1.992186,8.970332,-0.782307,-0.112805,-0.003323,0.612578,0.03512,-0.489547,-0.731128,10.419306,3.297117,11.927484,-0.672031,0.147671,0.331147,0.645679
-0.000545,0.116446,-0.307614,-2.230111,1.292124,10.375279,-0.79211,-0.120456,-0.060917,0.595259,-0.060661,0.03512,-0.45762,-2.066649,1.848754,9.285883,-0.779664,-0.113109,-0.004942,0.615871,-0.112809,-0.077689,-1.249409,10.30517,2.495116,6.387325,-0.663408,0.145566,0.333698,0.653711
0.145626,0.026998,-0.327795,-1.971686,0.468993,10.442278,-0.790076,-0.119642,-0.060661,0.598144,-0.02022,-0.040441,-0.493804,-1.734618,0.979003,9.275507,-0.776568,-0.111882,-0.007124,0.619972,-0.545951,0.630026,0.006385,5.603024,2.684935,4.902341,-0.664166,0.145129,0.327531,0.656152
0.223075,-0.017453,-0.303251,-1.713261,0.382852,9.600004,-0.788125,-0.119192,-0.059459,0.600922,-0.032991,0.064918,-0.488483,-1.149902,1.544189,9.545282,-0.773782,-0.110483,-0.007135,0.623695,-0.585328,0.624704,0.782211,3.757322,3.001097,5.541378,-0.670074,0.14567,0.318775,0.654336
0.189259,-0.1219,-0.293433,-1.320838,1.722832,8.422736,-0.786422,-0.120005,-0.055749,0.603342,-0.075561,0.131965,-0.676852,-1.506957,2.000121,9.682611,-0.769572,-0.11227,-0.008244,0.628552,-0.444849,0.408665,0.713036,4.989011,4.089353,6.953732,-0.674878,0.146549,0.312871,0.652047
0.125991,-0.077994,-0.353156,-1.253839,2.651248,8.537591,-0.784335,-0.12118,-0.05301,0.606066,-0.156442,0.137286,-0.765183,-1.519164,2.36389,9.653315,-0.764883,-0.113359,-0.009872,0.634033,-0.203268,-0.159635,-0.446978,7.389522,3.687742,9.202265,-0.670578,0.146111,0.314434,0.65582
0.073358,0.107992,-0.389972,-1.349552,2.842673,9.49472,-0.781984,-0.122967,-0.052055,0.608821,-0.223489,0.167084,-0.580007,-2.292479,2.758177,10.164179,-0.761595,-0.113604,-0.013067,0.637879,-0.210718,-0.357582,-1.128086,5.448605,2.194213,7.893062,-0.662261,0.145626,0.31668,0.663257
0.047451,0.281707,-0.316341,-2.316252,2.641676,10.978271,-0.779956,-0.126066,-0.052769,0.610724,-0.247966,0.316077,-0.301178,-2.490843,2.772825,11.102899,-0.760096,-0.114539,-0.017274,0.639397,-0.410794,0.396959,-0.155378,7.945552,0.916137,9.08752,-0.662481,0.146288,0.311192,0.665486
0.003272,0.402789,-0.207803,-3.062813,2.230111,12.452249,-0.778504,-0.129981,-0.054933,0.611564,-0.245838,0.34694,-0.123451,-2.216796,2.577513,12.761223,-0.759809,-0.115152,-0.0213,0.639507,-0.452299,0.33949,-0.076625,6.995235,1.262206,9.015498,-0.663073,0.147504,0.305481,0.667271
0.034088,0.375791,-0.150262,-4.316652,2.134398,13.543376,-0.777071,-0.13397,-0.059012,0.612145,-0.251159,0.22881,-0.058533,-1.21643,1.816405,14.231559,-0.760063,-0.113809,-0.024098,0.639345,-0.580007,0.777954,0.565107,7.101436,4.348752,10.898431,-0.668495,0.146535,0.295939,0.666373
0.076904,0.33543,0.015272,-5.216353,1.78026,14.519648,-0.776568,-0.137446,-0.062877,0.611629,-0.226682,0.004257,-0.041505,-0.454712,1.162719,15.072623,-0.760428,-0.110728,-0.024971,0.63942,-0.620448,1.06104,0.544887,5.985104,1.467284,10.753168,-0.675217,0.14484,0.282423,0.665832
0.119173,0.137717,0.066813,-5.56092,0.440279,13.265809,-0.776457,-0.139228,-0.065088,0.611134,-0.160699,-0.294792,-0.125579,0.640258,0.129394,14.130852,-0.760203,-0.105897,-0.023287,0.640568,-0.782211,1.193004,0.638539,4.425046,1.455077,10.601191,-0.682384,0.142998,0.266652,0.665426
0.032725,-0.29916,-0.106356,-5.082355,-0.009571,11.12184,-0.775688,-0.137491,-0.064675,0.612546,-0.091524,-0.752412,-0.333105,1.064453,-0.733032,13.041985,-0.75861,-0.098475,-0.018092,0.6438,-0.8599,1.264308,0.398023,4.453733,0.187378,10.694574,-0.687939,0.141253,0.249944,0.666564
-0.053451,-0.451331,-0.255254,-4.23051,-0.172283,9.523434,-0.774229,-0.133911,-0.063807,0.615271,-0.053212,-1.234509,-0.564043,1.282348,-1.061401,13.005974,-0.755462,-0.088167,-0.009308,0.64916,-0.774761,1.473962,0.229874,3.224485,-0.531006,10.551142,-0.692725,0.137029,0.232457,0.668812
-0.08863,-0.718857,-0.457058,-3.436093,0.248854,8.662018,-0.771714,-0.128381,-0.06136,0.619841,0.053212,-1.653817,-0.727935,0.831909,0.359497,13.264153,-0.751054,-0.076232,0.00351,0.65581,-0.660888,1.535687,-0.044698,3.253782,-0.055542,9.998163,-0.695777,0.130765,0.215688,0.672507
-0.238892,-0.612229,-0.47642,-3.378666,0.66999,8.815159,-0.769148,-0.122929,-0.060615,0.624193,0.224553,-2.032684,-0.635347,1.138305,3.265989,13.243401,-0.746749,-0.064418,0.021251,0.661632,-0.640668,1.603798,-0.063854,3.037718,0.227051,9.547724,-0.698633,0.123652,0.198676,0.676122
-0.404426,-0.148898,-0.295615,-3.330809,1.205983,9.446864,-0.767631,-0.120048,-0.063732,0.626307,0.440592,-2.166777,0.534245,1.071166,5.244748,12.9132,-0.749496,-0.05385,0.042157,0.658461,-0.593842,1.681487,0.103231,2.767332,0.363159,9.76623,-0.702544,0.115815,0.181281,0.678342
-0.510236,-0.125718,-0.155171,-2.718246,1.349552,9.427721,-0.767238,-0.117172,-0.066193,0.627078,0.407601,-2.312577,1.268565,-0.975952,3.630979,11.624139,-0.756474,-0.042385,0.06321,0.649575,-0.62364,1.811324,0.378867,2.577513,-0.021362,9.490961,-0.70826,0.108096,0.162357,0.678466
-0.553324,-0.25989,-0.140444,-2.287539,1.368695,8.681161,-0.767231,-0.112827,-0.066718,0.627827,0.021285,-2.178484,0.90779,-2.142333,0.962524,10.658564,-0.760872,-0.02858,0.07873,0.643468,-0.735385,1.942224,0.440592,2.720946,-0.060425,8.978877,-0.714131,0.100684,0.141999,0.678017
-0.589594,-0.365156,-0.152444,-2.220539,1.043271,8.078169,-0.767123,-0.107829,-0.067482,0.628755,-0.368224,-2.215732,0.883313,-0.820312,-0.349731,9.253534,-0.76485,-0.010645,0.091751,0.637546,-0.792853,2.001821,0.516153,2.603758,0.235596,8.218379,-0.720056,0.093323,0.121438,0.676798
-0.625591,-0.480511,-0.073631,-2.029114,0.133998,7.49432,-0.767462,-0.098938,-0.069509,0.629582,-0.261801,-2.593534,0.701329,0.842285,-0.571289,9.503168,-0.766849,0.009457,0.108761,0.632468,-0.764119,1.9965,0.750284,2.080077,-0.251465,7.751461,-0.727208,0.086339,0.100493,0.673504
-0.597503,-0.494964,0.007363,-1.569692,-0.775275,6.403193,-0.768303,-0.08976,-0.070784,0.629789,-0.021285,-2.503074,1.071682,0.439453,0.490112,8.881831,-0.770714,0.026319,0.126379,0.623962,-0.708779,2.060354,0.954616,1.983641,-0.800781,7.466426,-0.735322,0.079276,0.079228,0.66838
-0.566687,-0.388063,-0.003,-1.225125,-1.234697,5.828916,-0.768948,-0.08135,-0.072534,0.629945,0.08301,-2.243402,1.312199,0.336914,1.32019,7.753902,-0.775899,0.039747,0.142669,0.613219,-0.625769,2.080574,1.080196,2.006835,-0.808105,7.729488,-0.743552,0.072614,0.058064,0.662176
